user_id,state,district,category_selected,scheme_shown,applied,approved,income_band,age_group,timestamp
USR000008,Sikkim,North Sikkim,Disability Support (Divyang Schemes),Samarth Scheme,No,No,Low,18-25,2025-10-07 06:19:46
USR000009,Nagaland,Zunheboto,SC/ST/OBC Welfare,National Fellowship OBC,Yes,No,High,18-25,2025-12-17 09:25:03
USR000010,Jharkhand,Ranchi,Education & Scholarships,Mid Day Meal Scheme,Yes,Yes,Low,60+,2025-07-06 01:43:53
USR000011,Tamil Nadu,Coimbatore,Health & Public Health,eSanjeevani Telemedicine,Yes,Yes,High,18-25,2025-12-16 22:17:35
USR000012,Telangana,Nalgonda,Health & Public Health,Janani Suraksha Yojana,No,No,High,60+,2026-02-27 06:03:44
USR000013,Himachal Pradesh,Kinnaur,Women Empowerment & Child Welfare,Pradhan Mantri Matru Vandana Yojana,Yes,Yes,High,41-60,2025-05-19 09:58:37
USR000014,Telangana,Rangareddy,Education & Scholarships,Vidya Lakshmi Scheme,Yes,Yes,Low,60+,2025-05-28 03:49:40
USR000015,Odisha,Bargarh,Health & Public Health,TB Elimination Programme,No,No,Low,18-25,2025-04-17 03:09:21
USR000016,Jharkhand,Dumka,Women Empowerment & Child Welfare,STEP Scheme,Yes,No,High,18-25,2025-11-12 20:31:00
USR000017,Kerala,Ernakulathappan,Senior Citizen Welfare,Integrated Programme for Older Persons,Yes,Yes,Low,18-25,2025-11-22 17:39:56
USR000018,Mizoram,Saiha,Education & Scholarships,SHREYAS Scheme,Yes,Yes,High,18-25,2025-06-23 04:17:04
USR000019,Telangana,Karimnagar,Women Empowerment & Child Welfare,Mahila Shakti Kendra,Yes,Yes,Middle,60+,2025-08-29 03:34:30
USR000020,Gujarat,Bharuch,Education & Scholarships,Post Matric Scholarship SC,Yes,Yes,High,26-40,2025-11-22 03:59:19
USR000021,Uttarakhand,Almora,Disability Support (Divyang Schemes),Vidyasagar Scheme,Yes,Yes,High,18-25,2025-09-16 00:59:59
USR000022,Jharkhand,Godda,Women Empowerment & Child Welfare,Anganwadi Services ICDS,Yes,Yes,Low,18-25,2025-11-05 12:58:50
USR000023,Maharashtra,Nashik,Women Empowerment & Child Welfare,Beti Bachao Beti Padhao,No,No,High,60+,2025-11-05 09:01:09
USR000024,Chhattisgarh,Raipur,SC/ST/OBC Welfare,Venture Capital Fund SC,Yes,Yes,High,41-60,2025-12-28 05:31:52
USR000025,Gujarat,Bharuch,Agriculture & Allied Activities,PM Kisan Maan Dhan Yojana,No,No,High,26-40,2025-06-04 15:06:56
USR000026,Telangana,Warangal,SC/ST/OBC Welfare,Top Class Education SC,Yes,Yes,High,26-40,2025-10-07 09:52:46
USR000027,Madhya Pradesh,Ujjain,Women Empowerment & Child Welfare,STEP Scheme,Yes,Yes,High,41-60,2025-04-09 21:47:52
USR000028,Telangana,Medchal,Health & Public Health,National Digital Health Mission,Yes,No,High,18-25,2025-09-11 05:37:10
USR000029,Rajasthan,Udaipur,Women Empowerment & Child Welfare,Ujjawala Scheme,Yes,Yes,Low,18-25,2025-06-12 19:27:06
USR000030,Tripura,Dhalai,SC/ST/OBC Welfare,Credit Enhancement Scheme SC,No,No,Low,18-25,2025-04-03 08:56:46
USR000031,Chhattisgarh,Bastar,Education & Scholarships,SHREYAS Scheme,Yes,No,Middle,41-60,2026-01-25 15:48:04
USR000032,Mizoram,Mamit,SC/ST/OBC Welfare,National Fellowship OBC,No,No,High,60+,2025-12-09 09:01:48
USR000033,Uttarakhand,Bageshwar,Women Empowerment & Child Welfare,Beti Bachao Beti Padhao,Yes,Yes,Low,41-60,2025-11-30 15:11:25
USR000034,Telangana,Karimnagar,Health & Public Health,eSanjeevani Telemedicine,No,No,High,26-40,2026-02-04 13:50:59
USR000035,Nagaland,Kohima,SC/ST/OBC Welfare,Pre Matric Scholarship SC,Yes,Yes,Middle,41-60,2025-04-04 11:15:09
USR000036,Assam,Sonitpur,Health & Public Health,Janani Suraksha Yojana,No,No,Middle,41-60,2025-05-22 18:22:12
USR000037,Sikkim,West Sikkim,Disability Support (Divyang Schemes),Unique Disability ID UDID,No,No,Middle,60+,2025-12-14 17:29:02
USR000038,Manipur,Imphal East,Agriculture & Allied Activities,Pradhan Mantri Fasal Bima Yojana,No,No,Middle,26-40,2025-08-23 18:36:59
USR000039,Madhya Pradesh,Indore,Disability Support (Divyang Schemes),ADIP Scheme,Yes,Yes,Low,41-60,2025-07-06 06:26:06
USR000040,Nagaland,Tuensang,SC/ST/OBC Welfare,PM DAKSH Scheme,Yes,Yes,High,60+,2026-01-18 05:13:24
USR000041,Chhattisgarh,Rajnandgaon,Health & Public Health,National Health Mission,No,No,Middle,60+,2025-10-07 14:07:34
USR000042,Nagaland,Zunheboto,Education & Scholarships,Post Matric Scholarship SC,No,No,Middle,60+,2025-08-06 22:43:35
USR000043,Maharashtra,Aurangabad,Senior Citizen Welfare,Annapurna Scheme,Yes,No,High,41-60,2026-02-17 20:06:24
USR000044,Mizoram,Champhai,Disability Support (Divyang Schemes),Sahyogi Scheme,Yes,Yes,Middle,41-60,2025-12-13 20:20:32
USR000045,Odisha,Sambalpur,Education & Scholarships,Mid Day Meal Scheme,Yes,Yes,Low,26-40,2025-03-16 07:53:26
USR000046,Jharkhand,Deoghar,Education & Scholarships,Central Sector Scholarship Scheme,No,No,High,60+,2025-03-02 12:36:39
USR000047,Bihar,East Champaran,Women Empowerment & Child Welfare,Working Women Hostel Scheme,No,No,High,41-60,2025-12-15 15:31:44
USR000048,Himachal Pradesh,Kinnaur,SC/ST/OBC Welfare,Top Class Education SC,No,No,High,18-25,2025-05-06 12:52:22
USR000049,Bihar,Patna,Agriculture & Allied Activities,Kisan Credit Card,Yes,Yes,High,41-60,2025-04-23 00:04:06
USR000050,Telangana,Warangal,Senior Citizen Welfare,Senior Citizen Savings Scheme,Yes,Yes,High,18-25,2026-02-21 09:59:27
USR000051,Kerala,Ernakulathappan,Education & Scholarships,National Overseas Scholarship,No,No,Low,26-40,2025-07-12 23:46:26
USR000052,Chhattisgarh,Durg,Women Empowerment & Child Welfare,STEP Scheme,Yes,No,Low,26-40,2025-12-10 01:36:17
USR000053,Nagaland,Wokha,Disability Support (Divyang Schemes),Gharaunda Scheme,Yes,Yes,Middle,60+,2025-05-21 04:50:49
USR000054,Punjab,Patiala,Agriculture & Allied Activities,PM-KISAN,Yes,Yes,Middle,26-40,2025-03-21 01:57:36
USR000055,Uttarakhand,Nainital,Disability Support (Divyang Schemes),Gharaunda Scheme,No,No,High,18-25,2025-03-01 23:16:25
USR000056,Punjab,Patiala,Disability Support (Divyang Schemes),Accessible India Campaign,No,No,High,60+,2025-03-29 07:21:22
USR000057,Tripura,West Tripura,Education & Scholarships,Vidya Lakshmi Scheme,No,No,Middle,60+,2025-07-20 22:39:00
USR000058,Chhattisgarh,Rajnandgaon,SC/ST/OBC Welfare,Post Matric Scholarship OBC,Yes,Yes,High,18-25,2025-08-19 08:08:44
USR000059,Meghalaya,Jaintia Hills,Education & Scholarships,Central Sector Scholarship Scheme,Yes,No,High,18-25,2025-10-18 21:13:47
USR000060,Uttarakhand,Pithoragarh,Health & Public Health,National Digital Health Mission,Yes,Yes,Middle,26-40,2025-11-05 18:01:36
USR000061,Gujarat,Junagadh,Agriculture & Allied Activities,Agriculture Infrastructure Fund,Yes,Yes,High,18-25,2025-07-17 13:39:46
USR000062,Gujarat,Junagadh,SC/ST/OBC Welfare,PM DAKSH Scheme,No,No,High,60+,2025-11-29 01:04:14
USR000063,Meghalaya,West Garo Hills,Disability Support (Divyang Schemes),Deendayal Disabled Rehabilitation Scheme,Yes,No,High,18-25,2025-11-17 17:48:02
USR000064,Odisha,Jajpur,Disability Support (Divyang Schemes),ADIP Scheme,Yes,No,Middle,18-25,2025-09-22 07:07:31
USR000065,Tamil Nadu,Madurai,Women Empowerment & Child Welfare,Pradhan Mantri Matru Vandana Yojana,Yes,Yes,Low,18-25,2026-02-17 11:38:15
USR000066,Jharkhand,Ranchi,Health & Public Health,Pradhan Mantri Jan Aushadhi Yojana,Yes,Yes,High,41-60,2025-08-07 17:37:25
USR000067,Bihar,West Champaran,SC/ST/OBC Welfare,Credit Enhancement Scheme SC,Yes,Yes,Middle,18-25,2025-12-18 12:29:52
USR000068,Rajasthan,Jaipur,Health & Public Health,Janani Suraksha Yojana,No,No,High,41-60,2025-08-11 13:09:32
USR000069,Punjab,Patiala,SC/ST/OBC Welfare,Post Matric Scholarship OBC,No,No,Middle,18-25,2025-09-27 16:45:35
USR000070,Sikkim,East Sikkim,Agriculture & Allied Activities,PM Krishi Sinchai Yojana,No,No,Middle,18-25,2025-10-06 02:58:16
USR000071,Manipur,Senapati,Education & Scholarships,Central Sector Scholarship Scheme,No,No,High,18-25,2026-02-21 00:35:25
USR000072,Sikkim,East Sikkim,Senior Citizen Welfare,National Social Assistance Programme,No,No,Middle,18-25,2026-02-23 13:13:25
USR000073,Maharashtra,Nagpur,Health & Public Health,Ayushman Bharat PM-JAY,No,No,Middle,18-25,2025-09-18 07:03:05
USR000074,Bihar,Araria,Women Empowerment & Child Welfare,Mahila Shakti Kendra,Yes,No,Low,41-60,2025-05-31 13:19:48
USR000075,Bihar,Araria,SC/ST/OBC Welfare,Pre Matric Scholarship SC,No,No,High,60+,2025-06-17 05:14:40
USR000076,Odisha,Sambalpur,Women Empowerment & Child Welfare,Mahila Samman Savings Certificate,Yes,No,High,18-25,2026-01-31 01:18:14
USR000077,Assam,Cachar,Women Empowerment & Child Welfare,Working Women Hostel Scheme,Yes,No,Low,18-25,2025-11-23 22:34:50
USR000078,Meghalaya,Jaintia Hills,SC/ST/OBC Welfare,Pre Matric Scholarship SC,Yes,Yes,Low,18-25,2026-01-27 00:53:06
USR000079,Tamil Nadu,Salem,SC/ST/OBC Welfare,Post Matric Scholarship OBC,No,No,High,26-40,2025-10-06 02:44:48
USR000080,Assam,Nagaon,SC/ST/OBC Welfare,NSFDC Loan Schemes,Yes,Yes,Low,41-60,2025-09-04 02:30:17
USR000081,Manipur,Senapati,Disability Support (Divyang Schemes),Gharaunda Scheme,Yes,Yes,High,18-25,2026-02-06 04:04:33
USR000082,Rajasthan,Ajmer,Women Empowerment & Child Welfare,Ujjawala Scheme,Yes,Yes,Low,18-25,2026-01-21 20:52:31
USR000083,Kerala,Kozhikode,SC/ST/OBC Welfare,National Fellowship SC,Yes,Yes,High,60+,2025-06-08 18:36:14
USR000084,Chhattisgarh,Bastar,Disability Support (Divyang Schemes),Vidyasagar Scheme,Yes,No,Middle,18-25,2025-05-23 11:07:32
USR000085,Himachal Pradesh,Kangra,Senior Citizen Welfare,Varishtha Pension Bima Yojana,Yes,Yes,High,60+,2025-10-16 10:27:02
USR000086,Nagaland,Dimapur,Disability Support (Divyang Schemes),Samarth Scheme,Yes,Yes,Low,60+,2026-01-24 19:49:07
USR000087,Mizoram,Saiha,Women Empowerment & Child Welfare,Mahila Samman Savings Certificate,Yes,Yes,High,18-25,2025-04-22 08:48:05
USR000088,Punjab,Patiala,SC/ST/OBC Welfare,NSFDC Loan Schemes,Yes,Yes,Low,41-60,2026-02-10 02:34:19
USR000089,Chhattisgarh,Raipur,Health & Public Health,National Digital Health Mission,Yes,No,Low,18-25,2025-08-12 21:59:04
USR000090,Tripura,Khowai,Senior Citizen Welfare,Atal Pension Yojana,No,No,Middle,18-25,2025-06-16 21:27:20
USR000091,Rajasthan,Jodhpur,Disability Support (Divyang Schemes),Gharaunda Scheme,No,No,Low,41-60,2025-12-11 13:16:41
USR000092,Himachal Pradesh,Solan,Education & Scholarships,Central Sector Scholarship Scheme,No,No,High,26-40,2026-02-02 07:23:44
USR000093,Andhra Pradesh,Visakhapatnam,Disability Support (Divyang Schemes),Deendayal Disabled Rehabilitation Scheme,Yes,Yes,Low,60+,2025-12-27 05:55:34
USR000094,Assam,Cachar,Senior Citizen Welfare,Varishtha Pension Bima Yojana,Yes,No,Middle,18-25,2025-05-24 16:14:14
USR000095,Jharkhand,Deoghar,Senior Citizen Welfare,PM Vaya Vandana Yojana,No,No,High,26-40,2025-03-07 14:57:08
USR000096,Manipur,Bishnupur,Disability Support (Divyang Schemes),Accessible India Campaign,Yes,No,Low,26-40,2025-05-24 14:41:31
USR000097,Madhya Pradesh,Indore,Agriculture & Allied Activities,Agriculture Infrastructure Fund,No,No,Low,18-25,2025-04-25 10:43:06
USR000098,Telangana,Rangareddy,Senior Citizen Welfare,Integrated Programme for Older Persons,Yes,Yes,Low,18-25,2025-07-05 00:58:28
USR000099,Jharkhand,Deoghar,Agriculture & Allied Activities,Agriculture Infrastructure Fund,Yes,Yes,Low,18-25,2025-06-10 17:50:23
USR000100,Mizoram,Mamit,SC/ST/OBC Welfare,Venture Capital Fund SC,Yes,No,High,60+,2025-07-25 01:29:35
USR000101,Uttarakhand,Nainital,Disability Support (Divyang Schemes),Accessible India Campaign,Yes,Yes,High,41-60,2025-08-22 19:44:15
USR000102,Bihar,Madhubani,SC/ST/OBC Welfare,Top Class Education SC,No,No,Low,26-40,2026-02-04 17:41:43
USR000103,Andhra Pradesh,Nellore,Agriculture & Allied Activities,Kisan Credit Card,Yes,No,Middle,26-40,2025-07-19 07:29:59
USR000104,Rajasthan,Ajmer,SC/ST/OBC Welfare,Pre Matric Scholarship SC,Yes,Yes,Low,60+,2026-01-05 17:23:30
USR000105,Sikkim,West Sikkim,SC/ST/OBC Welfare,Credit Enhancement Scheme SC,Yes,Yes,High,41-60,2026-01-25 12:49:13
USR000106,Odisha,Sambalpur,Disability Support (Divyang Schemes),ADIP Scheme,No,No,Middle,41-60,2025-10-04 19:29:02
USR000107,Mizoram,Aizawl,Health & Public Health,Ayushman Bharat PM-JAY,Yes,No,Low,18-25,2025-07-11 06:11:57
USR000108,Chhattisgarh,Durg,Health & Public Health,National Health Mission,Yes,Yes,High,60+,2025-07-09 12:54:33
USR000109,Karnataka,Mysore,Senior Citizen Welfare,Annapurna Scheme,No,No,High,18-25,2025-07-01 02:05:28
USR000110,Nagaland,Kohima,Education & Scholarships,Top Class Education Scheme,No,No,High,18-25,2025-04-16 20:57:12
USR000111,Telangana,Rangareddy,Disability Support (Divyang Schemes),Accessible India Campaign,No,No,Low,26-40,2025-10-04 15:53:54
USR000112,Tripura,Dhalai,Women Empowerment & Child Welfare,STEP Scheme,Yes,No,Middle,60+,2025-07-02 02:05:52
USR000113,Assam,Nagaon,Agriculture & Allied Activities,PM-KISAN,No,No,Middle,60+,2025-04-12 14:14:56
USR000114,Odisha,Cuttack,Women Empowerment & Child Welfare,Beti Bachao Beti Padhao,No,No,Low,26-40,2025-11-26 01:17:19
USR000115,Kerala,Thiruvananthapuram,Education & Scholarships,PM Research Fellowship,Yes,Yes,Middle,41-60,2025-03-21 17:18:14
USR000116,Jharkhand,Ranchi,Education & Scholarships,National Means Cum Merit Scholarship,No,No,High,26-40,2025-07-21 07:41:13
USR000117,Madhya Pradesh,Bhopal,Agriculture & Allied Activities,PM Krishi Sinchai Yojana,No,No,Middle,18-25,2026-01-25 13:30:15
USR000118,Uttarakhand,Dehradun,Disability Support (Divyang Schemes),Sahyogi Scheme,Yes,Yes,Middle,26-40,2025-07-01 16:00:23
USR000119,Assam,Barpeta,Senior Citizen Welfare,Rashtriya Vayoshri Yojana,Yes,Yes,Middle,18-25,2025-03-02 07:32:16
USR000120,Bihar,Patna,Health & Public Health,Ayushman Bharat PM-JAY,Yes,Yes,Low,41-60,2025-05-14 20:22:48
USR000121,Karnataka,Hubli,Agriculture & Allied Activities,National Horticulture Mission,Yes,Yes,High,41-60,2026-02-04 06:27:54
USR000122,West Bengal,Birbhum,Education & Scholarships,Pre Matric Scholarship OBC,Yes,Yes,High,60+,2025-03-03 01:38:03
USR000123,Meghalaya,East Garo Hills,Senior Citizen Welfare,Indira Gandhi National Old Age Pension,No,No,Low,60+,2025-09-09 07:59:01
USR000124,Jharkhand,Deoghar,Agriculture & Allied Activities,Soil Health Card Scheme,No,No,Low,26-40,2025-09-29 14:54:27
USR000125,Assam,Morigaon,Women Empowerment & Child Welfare,Mahila Samman Savings Certificate,Yes,No,Low,18-25,2025-05-21 23:02:21
USR000126,Andhra Pradesh,Kadapa,SC/ST/OBC Welfare,Venture Capital Fund SC,No,No,Middle,41-60,2025-12-01 23:21:52
USR000127,Punjab,Amritsar,Disability Support (Divyang Schemes),Samarth Scheme,Yes,Yes,Low,60+,2025-07-08 22:36:07
USR000128,Meghalaya,West Khasi Hills,Women Empowerment & Child Welfare,Anganwadi Services ICDS,Yes,No,High,60+,2026-01-21 09:37:45
USR000129,Andhra Pradesh,Nellore,SC/ST/OBC Welfare,Post Matric Scholarship OBC,No,No,High,60+,2025-11-16 23:39:59
USR000130,Telangana,Nalgonda,Senior Citizen Welfare,PM Vaya Vandana Yojana,No,No,High,41-60,2025-12-14 06:24:36
USR000131,Uttarakhand,Dehradun,SC/ST/OBC Welfare,Credit Enhancement Scheme SC,No,No,Low,60+,2025-05-05 17:15:20
USR000132,Manipur,Imphal East,SC/ST/OBC Welfare,Top Class Education SC,Yes,Yes,High,26-40,2025-06-04 00:58:03
USR000133,West Bengal,Kolkata,SC/ST/OBC Welfare,Post Matric Scholarship OBC,Yes,No,Middle,26-40,2026-02-02 19:38:57
USR000134,Chhattisgarh,Bilaspur,Education & Scholarships,SHREYAS Scheme,No,No,Middle,18-25,2025-10-19 22:00:47
USR000135,Odisha,Bhubaneswar,SC/ST/OBC Welfare,National Fellowship SC,Yes,Yes,Low,60+,2026-01-25 02:58:12
USR000136,Andhra Pradesh,Guntur,Senior Citizen Welfare,Senior Citizen Savings Scheme,No,No,Middle,18-25,2025-03-01 03:11:42
USR000137,Uttarakhand,Bageshwar,Disability Support (Divyang Schemes),ADIP Scheme,Yes,Yes,Low,60+,2025-11-08 19:26:04
USR000138,Maharashtra,Nagpur,Education & Scholarships,Pre Matric Scholarship OBC,No,No,Middle,41-60,2026-02-06 13:31:13
USR000139,West Bengal,Birbhum,Women Empowerment & Child Welfare,Pradhan Mantri Matru Vandana Yojana,No,No,Middle,60+,2025-09-17 22:23:03
USR000140,Odisha,Cuttack,Health & Public Health,Pradhan Mantri Jan Aushadhi Yojana,Yes,No,Low,26-40,2025-09-06 14:15:24
USR000141,Tripura,Khowai,SC/ST/OBC Welfare,National Fellowship SC,Yes,Yes,High,60+,2025-12-14 21:25:15
USR000142,Gujarat,Surat,Education & Scholarships,National Means Cum Merit Scholarship,Yes,No,Low,41-60,2025-07-17 18:24:55
USR000143,Karnataka,Tumkur,Health & Public Health,Mission Indradhanush,Yes,Yes,High,41-60,2026-01-04 12:09:53
USR000144,Andhra Pradesh,Guntur,Disability Support (Divyang Schemes),Unique Disability ID UDID,No,No,Middle,26-40,2025-09-05 04:21:50
USR000145,Chhattisgarh,Raipur,Agriculture & Allied Activities,Paramparagat Krishi Vikas Yojana,No,No,Low,41-60,2025-11-30 07:24:59
USR000146,Madhya Pradesh,Ujjain,Education & Scholarships,National Overseas Scholarship,Yes,Yes,High,18-25,2025-04-10 00:40:33
USR000147,Sikkim,South Sikkim,Health & Public Health,National Digital Health Mission,No,No,Low,18-25,2025-07-22 00:09:44
USR000148,Karnataka,Mangalore,Women Empowerment & Child Welfare,STEP Scheme,Yes,Yes,Low,41-60,2025-10-03 15:33:12
USR000149,Telangana,Karimnagar,Disability Support (Divyang Schemes),Vidyasagar Scheme,No,No,Middle,41-60,2025-07-10 21:49:21
USR000150,Tripura,Khowai,Health & Public Health,Mission Indradhanush,No,No,Low,18-25,2025-09-04 17:13:10
USR000151,Karnataka,Bangalore,Education & Scholarships,National Means Cum Merit Scholarship,Yes,Yes,Middle,60+,2025-04-18 12:15:13
USR000152,Assam,Cachar,Education & Scholarships,Top Class Education Scheme,Yes,Yes,Middle,41-60,2025-05-12 22:46:52
USR000153,Karnataka,Hubli,Disability Support (Divyang Schemes),ADIP Scheme,No,No,Low,60+,2026-01-05 11:09:52
USR000154,Odisha,Bargarh,Health & Public Health,Pradhan Mantri Surakshit Matritva Abhiyan,Yes,Yes,Middle,41-60,2025-08-21 08:06:53
USR000155,Karnataka,Tumkur,Disability Support (Divyang Schemes),Gharaunda Scheme,No,No,Low,18-25,2025-03-20 14:41:55
USR000156,Manipur,Imphal East,Health & Public Health,National Digital Health Mission,Yes,No,High,60+,2025-04-30 00:36:43
USR000157,Gujarat,Bharuch,Health & Public Health,TB Elimination Programme,No,No,High,26-40,2025-03-30 15:16:25
USR000158,Sikkim,East Sikkim,SC/ST/OBC Welfare,Pre Matric Scholarship SC,Yes,No,High,18-25,2025-10-04 18:04:24
USR000159,Haryana,Karnal,Agriculture & Allied Activities,Paramparagat Krishi Vikas Yojana,Yes,Yes,High,18-25,2026-02-25 17:18:06
USR000160,Meghalaya,East Garo Hills,Agriculture & Allied Activities,PM Kisan Maan Dhan Yojana,No,No,Low,26-40,2025-11-29 09:24:58
USR000161,Manipur,Thoubal,Senior Citizen Welfare,Atal Pension Yojana,No,No,Low,18-25,2025-08-27 04:39:24
USR000162,Haryana,Gurgaon,Senior Citizen Welfare,Senior Citizen Savings Scheme,Yes,No,Middle,18-25,2026-02-15 17:33:13
USR000163,Nagaland,Tuensang,Women Empowerment & Child Welfare,Ujjawala Scheme,No,No,Low,41-60,2025-10-06 01:04:48
USR000164,West Bengal,Murshidabad,Women Empowerment & Child Welfare,Pradhan Mantri Matru Vandana Yojana,Yes,No,Middle,26-40,2025-07-19 14:50:58
USR000165,Madhya Pradesh,Ujjain,Education & Scholarships,Central Sector Scholarship Scheme,Yes,Yes,High,60+,2025-10-27 20:52:51
USR000166,Jharkhand,Godda,Health & Public Health,Pradhan Mantri Jan Aushadhi Yojana,Yes,Yes,Middle,26-40,2025-12-13 02:47:56
USR000167,West Bengal,Darjeeling,Senior Citizen Welfare,Atal Pension Yojana,No,No,High,18-25,2025-06-11 01:20:39
USR000168,Gujarat,Vadodara,Education & Scholarships,National Overseas Scholarship,No,No,High,18-25,2025-09-17 20:52:52
USR000169,Uttarakhand,Dehradun,SC/ST/OBC Welfare,Post Matric Scholarship OBC,No,No,High,26-40,2025-09-11 20:46:23
USR000170,Mizoram,Aizawl,Agriculture & Allied Activities,Pradhan Mantri Fasal Bima Yojana,Yes,Yes,Middle,41-60,2025-11-30 08:10:33
USR000171,Rajasthan,Udaipur,Senior Citizen Welfare,Varishtha Pension Bima Yojana,No,No,High,18-25,2025-10-14 13:09:36
USR000172,Rajasthan,Barmer,Women Empowerment & Child Welfare,Mahila Samman Savings Certificate,Yes,Yes,High,26-40,2025-09-09 09:15:10
USR000173,Andhra Pradesh,Chittoor,Disability Support (Divyang Schemes),National Trust Niramaya,No,No,Low,18-25,2025-06-13 04:53:04
USR000174,Punjab,Jalandhar,Education & Scholarships,Vidya Lakshmi Scheme,No,No,High,41-60,2025-08-17 15:10:39
USR000175,Madhya Pradesh,Sagar,Women Empowerment & Child Welfare,Beti Bachao Beti Padhao,No,No,Low,26-40,2025-07-02 07:47:24
USR000176,Rajasthan,Jaipur,Agriculture & Allied Activities,Paramparagat Krishi Vikas Yojana,Yes,Yes,Low,41-60,2025-09-08 19:33:21
USR000177,Meghalaya,East Khasi Hills,Education & Scholarships,National Means Cum Merit Scholarship,Yes,Yes,Low,41-60,2025-10-04 12:26:56
USR000178,Gujarat,Junagadh,Agriculture & Allied Activities,Paramparagat Krishi Vikas Yojana,No,No,Middle,60+,2025-06-25 21:23:57
USR000179,West Bengal,Murshidabad,Health & Public Health,Mission Indradhanush,Yes,Yes,Middle,18-25,2025-12-19 12:05:55
USR000180,Mizoram,Lunglei,Education & Scholarships,Central Sector Scholarship Scheme,No,No,Low,41-60,2025-09-06 16:30:08
USR000181,Haryana,Rohtak,Disability Support (Divyang Schemes),Samarth Scheme,Yes,Yes,Middle,18-25,2026-01-23 09:05:39
USR000182,Haryana,Hisar,Education & Scholarships,Mid Day Meal Scheme,Yes,Yes,Low,41-60,2025-09-09 11:49:45
USR000183,West Bengal,Kolkata,Agriculture & Allied Activities,Kisan Credit Card,No,No,High,26-40,2025-10-05 15:26:15
USR000184,Meghalaya,Jaintia Hills,SC/ST/OBC Welfare,Credit Enhancement Scheme SC,Yes,Yes,Middle,26-40,2025-11-25 20:43:36
USR000185,Manipur,Imphal East,SC/ST/OBC Welfare,NSFDC Loan Schemes,Yes,No,Middle,18-25,2025-04-03 04:28:54
USR000186,West Bengal,Jalpaiguri,Senior Citizen Welfare,Varishtha Pension Bima Yojana,No,No,Middle,60+,2025-08-23 04:02:57
USR000187,Sikkim,East Sikkim,Disability Support (Divyang Schemes),Gharaunda Scheme,Yes,Yes,Low,60+,2025-07-11 23:49:20
USR000188,West Bengal,Murshidabad,Disability Support (Divyang Schemes),National Trust Niramaya,Yes,Yes,Low,26-40,2025-03-22 13:55:12
USR000189,Haryana,Faridabad,SC/ST/OBC Welfare,Pre Matric Scholarship SC,No,No,High,18-25,2025-11-06 13:46:06
USR000190,Manipur,Imphal East,Women Empowerment & Child Welfare,Ujjawala Scheme,No,No,Low,60+,2025-10-06 14:10:48
USR000191,Kerala,Thiruvananthapuram,Disability Support (Divyang Schemes),ADIP Scheme,Yes,No,Low,60+,2025-05-21 15:38:59
USR000192,Jharkhand,Deoghar,Disability Support (Divyang Schemes),Deendayal Disabled Rehabilitation Scheme,No,No,Low,18-25,2025-03-14 19:24:26
USR000193,Himachal Pradesh,Shimla,Disability Support (Divyang Schemes),Gharaunda Scheme,Yes,Yes,Low,26-40,2025-11-13 15:37:33
USR000194,Punjab,Ludhiana,Women Empowerment & Child Welfare,POSHAN Abhiyaan,No,No,Low,26-40,2025-11-29 13:43:41
USR000195,Bihar,Madhubani,Disability Support (Divyang Schemes),Samarth Scheme,No,No,Middle,26-40,2025-07-05 05:34:47
USR000196,Kerala,Kozhikode,SC/ST/OBC Welfare,National Fellowship OBC,Yes,No,Low,18-25,2025-04-08 10:52:52
USR000197,Assam,Cachar,SC/ST/OBC Welfare,Top Class Education SC,No,No,High,26-40,2025-06-10 18:39:59
USR000198,Bihar,Madhubani,Agriculture & Allied Activities,e-NAM,Yes,No,Low,41-60,2026-02-16 12:40:28
USR000199,Jharkhand,Dumka,Education & Scholarships,Pre Matric Scholarship OBC,Yes,No,High,26-40,2025-05-30 21:26:10
USR000200,Gujarat,Vadodara,Education & Scholarships,SHREYAS Scheme,Yes,Yes,High,60+,2025-12-27 02:22:17
USR000201,Assam,Sonitpur,Disability Support (Divyang Schemes),Vidyasagar Scheme,Yes,Yes,Low,18-25,2025-10-19 08:14:12
USR000202,Madhya Pradesh,Jabalpur,SC/ST/OBC Welfare,National Fellowship SC,No,No,Low,60+,2025-05-07 14:47:18
USR000203,Uttar Pradesh,Varanasi,Women Empowerment & Child Welfare,STEP Scheme,Yes,No,Low,60+,2025-05-21 09:34:36
USR000204,Manipur,Imphal East,Education & Scholarships,PM Research Fellowship,No,No,Low,26-40,2026-01-22 07:53:54
USR000205,Kerala,Ernakulathappan,SC/ST/OBC Welfare,Top Class Education SC,Yes,Yes,High,41-60,2026-02-16 09:03:55
USR000206,Gujarat,Surat,Women Empowerment & Child Welfare,Working Women Hostel Scheme,No,No,High,41-60,2025-08-28 02:05:48
USR000207,Haryana,Ambala,Education & Scholarships,SHREYAS Scheme,Yes,No,High,26-40,2025-03-01 17:16:49
USR000208,Himachal Pradesh,Solan,Agriculture & Allied Activities,Kisan Credit Card,Yes,Yes,Middle,26-40,2026-01-01 01:16:37
USR000209,Assam,Nagaon,Agriculture & Allied Activities,Pradhan Mantri Fasal Bima Yojana,No,No,High,26-40,2025-09-12 23:36:12
USR000210,Uttarakhand,Haridwar,Agriculture & Allied Activities,PM Kisan Maan Dhan Yojana,Yes,Yes,Low,60+,2025-10-02 06:32:30
USR000211,Bihar,Madhubani,Women Empowerment & Child Welfare,One Stop Centre Scheme,Yes,Yes,Middle,60+,2025-10-09 00:05:21
USR000212,Telangana,Nalgonda,Disability Support (Divyang Schemes),Vidyasagar Scheme,Yes,Yes,High,26-40,2025-08-11 13:26:00
USR000213,Meghalaya,West Khasi Hills,SC/ST/OBC Welfare,Pre Matric Scholarship SC,Yes,No,Middle,41-60,2025-05-16 00:46:17
USR000214,Punjab,Ludhiana,Senior Citizen Welfare,Integrated Programme for Older Persons,Yes,No,Low,18-25,2026-01-20 11:46:41
USR000215,Gujarat,Surat,Education & Scholarships,Vidya Lakshmi Scheme,No,No,High,60+,2025-10-20 22:17:23
USR000216,Punjab,Sangrur,Education & Scholarships,PM Research Fellowship,Yes,No,High,26-40,2026-02-02 04:09:19
USR000217,Andhra Pradesh,Krishna,SC/ST/OBC Welfare,Venture Capital Fund SC,No,No,Middle,41-60,2025-07-28 08:41:22
USR000218,Andhra Pradesh,Guntur,Senior Citizen Welfare,Rashtriya Vayoshri Yojana,Yes,Yes,Middle,26-40,2025-05-13 15:44:13
USR000219,Haryana,Faridabad,SC/ST/OBC Welfare,Pre Matric Scholarship SC,Yes,Yes,Low,41-60,2025-07-07 01:28:16
USR000220,Himachal Pradesh,Kangra,Agriculture & Allied Activities,PM-KISAN,Yes,No,High,26-40,2025-07-15 23:42:40
USR000221,Jharkhand,Deoghar,Women Empowerment & Child Welfare,Working Women Hostel Scheme,Yes,Yes,High,18-25,2025-03-24 10:13:03
USR000222,Nagaland,Kohima,Health & Public Health,Pradhan Mantri Jan Aushadhi Yojana,No,No,Low,26-40,2025-11-25 18:54:54
USR000223,Haryana,Karnal,Health & Public Health,Ayushman Bharat PM-JAY,No,No,Low,41-60,2025-07-13 07:52:56
USR000224,Chhattisgarh,Bastar,Senior Citizen Welfare,Atal Pension Yojana,Yes,No,Low,60+,2025-10-11 01:57:44
USR000225,Uttarakhand,Bageshwar,Disability Support (Divyang Schemes),National Trust Niramaya,No,No,Middle,26-40,2025-04-27 09:24:16
USR000226,Haryana,Hisar,Health & Public Health,TB Elimination Programme,Yes,No,High,18-25,2025-03-27 11:17:49
USR000227,Tripura,South Tripura,Agriculture & Allied Activities,Kisan Credit Card,No,No,Middle,18-25,2026-01-07 06:21:23
USR000228,Punjab,Amritsar,Women Empowerment & Child Welfare,One Stop Centre Scheme,No,No,High,60+,2025-12-16 19:48:48
USR000229,Rajasthan,Barmer,SC/ST/OBC Welfare,Pre Matric Scholarship SC,No,No,High,18-25,2025-09-13 20:18:17
USR000230,Tripura,Dhalai,Women Empowerment & Child Welfare,POSHAN Abhiyaan,No,No,Middle,60+,2026-02-22 22:58:28
USR000231,Assam,Cachar,Disability Support (Divyang Schemes),Indira Gandhi Disability Pension,No,No,Middle,41-60,2026-02-20 11:42:22
USR000232,Tripura,South Tripura,Agriculture & Allied Activities,Soil Health Card Scheme,Yes,Yes,Low,18-25,2026-02-24 03:00:46
USR000233,Assam,Kamrup,Education & Scholarships,Mid Day Meal Scheme,No,No,Middle,41-60,2026-01-06 04:07:31
USR000234,Jharkhand,Giridih,SC/ST/OBC Welfare,Pre Matric Scholarship SC,No,No,Middle,18-25,2025-12-27 06:04:49
USR000235,Chhattisgarh,Durg,Education & Scholarships,National Overseas Scholarship,Yes,Yes,Middle,60+,2025-11-11 09:34:05
USR000236,Telangana,Hyderabad,Health & Public Health,Pradhan Mantri Jan Aushadhi Yojana,Yes,Yes,Low,18-25,2025-05-09 18:28:50
USR000237,Uttar Pradesh,Varanasi,Senior Citizen Welfare,PM Vaya Vandana Yojana,No,No,Low,18-25,2026-01-27 23:46:20
USR000238,Jharkhand,Dhanbad,Women Empowerment & Child Welfare,POSHAN Abhiyaan,No,No,Low,18-25,2025-09-13 05:04:00
USR000239,Gujarat,Vadodara,Health & Public Health,National Health Mission,Yes,Yes,Low,26-40,2026-02-05 14:52:16
USR000240,Nagaland,Zunheboto,SC/ST/OBC Welfare,Post Matric Scholarship OBC,No,No,High,41-60,2025-06-28 11:54:45
USR000241,Chhattisgarh,Janjgir-Champa,SC/ST/OBC Welfare,NSFDC Loan Schemes,Yes,Yes,High,41-60,2026-02-23 23:34:46
USR000242,Maharashtra,Mumbai,SC/ST/OBC Welfare,PM DAKSH Scheme,Yes,Yes,High,26-40,2025-08-24 09:02:00
USR000243,Sikkim,North Sikkim,Agriculture & Allied Activities,Agriculture Infrastructure Fund,No,No,Low,18-25,2025-08-20 13:49:04
USR000244,Rajasthan,Ajmer,Disability Support (Divyang Schemes),Deendayal Disabled Rehabilitation Scheme,No,No,Low,18-25,2026-02-20 00:38:54
USR000245,Manipur,Imphal East,Education & Scholarships,Central Sector Scholarship Scheme,Yes,Yes,Middle,26-40,2025-06-26 11:01:19
USR000246,West Bengal,Birbhum,Senior Citizen Welfare,Atal Pension Yojana,Yes,No,High,41-60,2025-04-01 03:49:31
USR000247,Rajasthan,Jaipur,Women Empowerment & Child Welfare,One Stop Centre Scheme,No,No,Middle,26-40,2026-02-27 13:36:14
USR000248,Odisha,Jajpur,Education & Scholarships,Vidya Lakshmi Scheme,No,No,High,26-40,2025-11-22 08:28:51
USR000249,Maharashtra,Mumbai,Health & Public Health,Janani Suraksha Yojana,Yes,Yes,High,26-40,2025-07-30 01:17:19
USR000250,Madhya Pradesh,Ujjain,SC/ST/OBC Welfare,Post Matric Scholarship OBC,No,No,Middle,26-40,2025-08-02 15:42:46
USR000251,Rajasthan,Jodhpur,SC/ST/OBC Welfare,Venture Capital Fund SC,Yes,Yes,High,41-60,2025-11-08 14:29:37
USR000252,Gujarat,Surat,Health & Public Health,National Health Mission,Yes,Yes,Low,41-60,2025-09-23 14:27:55
USR000253,Sikkim,South Sikkim,Disability Support (Divyang Schemes),ADIP Scheme,No,No,High,18-25,2025-07-18 10:07:04
USR000254,Uttar Pradesh,Lucknow,Senior Citizen Welfare,Rashtriya Vayoshri Yojana,Yes,No,Middle,60+,2025-08-07 04:43:21
USR000255,Bihar,Muzaffarpur,Senior Citizen Welfare,Indira Gandhi National Old Age Pension,Yes,No,Middle,18-25,2025-06-09 16:21:40
USR000256,Punjab,Sangrur,Agriculture & Allied Activities,Pradhan Mantri Fasal Bima Yojana,No,No,High,41-60,2025-10-07 05:25:57
USR000257,Uttarakhand,Nainital,SC/ST/OBC Welfare,PM DAKSH Scheme,No,No,Low,60+,2026-02-13 09:32:27
USR000258,Manipur,Imphal West,Disability Support (Divyang Schemes),National Trust Niramaya,Yes,Yes,Low,18-25,2025-05-06 12:32:16
USR000259,Karnataka,Mysore,Senior Citizen Welfare,Elderline Helpline,No,No,Low,18-25,2025-11-05 03:29:29
USR000260,Telangana,Rangareddy,Women Empowerment & Child Welfare,Mahila Shakti Kendra,No,No,Low,60+,2025-08-15 19:42:51
USR000261,Uttarakhand,Haridwar,Education & Scholarships,National Overseas Scholarship,Yes,Yes,Low,41-60,2025-10-22 22:59:21
USR000262,Meghalaya,East Khasi Hills,SC/ST/OBC Welfare,Post Matric Scholarship OBC,Yes,Yes,Middle,26-40,2026-01-26 11:25:33
USR000263,Sikkim,East Sikkim,Health & Public Health,Rashtriya Swasthya Bima Yojana,Yes,Yes,Low,26-40,2025-09-13 13:56:34
USR000264,Telangana,Medchal,Education & Scholarships,Central Sector Scholarship Scheme,No,No,Middle,18-25,2025-12-22 21:50:16
USR000265,Gujarat,Surat,Disability Support (Divyang Schemes),Accessible India Campaign,Yes,Yes,Low,41-60,2025-11-26 15:59:29
USR000266,Sikkim,West Sikkim,SC/ST/OBC Welfare,NSFDC Loan Schemes,Yes,Yes,Middle,18-25,2025-10-06 22:08:09
USR000267,Bihar,Madhubani,Health & Public Health,Janani Suraksha Yojana,Yes,Yes,Middle,26-40,2025-10-28 10:03:47
USR000268,Rajasthan,Jaipur,Senior Citizen Welfare,Atal Pension Yojana,No,No,Low,26-40,2025-11-26 00:03:10
USR000269,Nagaland,Dimapur,Senior Citizen Welfare,Integrated Programme for Older Persons,No,No,Middle,60+,2025-04-25 13:30:54
USR000270,Telangana,Rangareddy,Health & Public Health,Rashtriya Swasthya Bima Yojana,No,No,Middle,18-25,2025-11-19 09:02:00
USR000271,Chhattisgarh,Janjgir-Champa,Education & Scholarships,Top Class Education Scheme,Yes,Yes,Low,41-60,2025-12-23 20:53:40
USR000272,Manipur,Thoubal,Disability Support (Divyang Schemes),Unique Disability ID UDID,Yes,No,Middle,18-25,2025-04-25 16:33:23
USR000273,Meghalaya,East Garo Hills,SC/ST/OBC Welfare,National Fellowship OBC,Yes,No,Middle,26-40,2025-03-10 03:45:25
USR000274,Karnataka,Tumkur,Health & Public Health,Rashtriya Swasthya Bima Yojana,Yes,Yes,Middle,41-60,2025-03-26 02:46:01
USR000275,Rajasthan,Jaipur,Agriculture & Allied Activities,e-NAM,Yes,Yes,Low,41-60,2025-08-29 14:30:12
USR000276,Uttar Pradesh,Kanpur,Women Empowerment & Child Welfare,Pradhan Mantri Matru Vandana Yojana,Yes,Yes,High,26-40,2025-08-10 16:28:30
USR000277,Mizoram,Saiha,Disability Support (Divyang Schemes),Deendayal Disabled Rehabilitation Scheme,Yes,No,High,41-60,2025-03-20 19:27:07
USR000278,Haryana,Gurgaon,Senior Citizen Welfare,Indira Gandhi National Old Age Pension,No,No,Low,41-60,2025-08-22 13:40:59
USR000279,Haryana,Rohtak,Education & Scholarships,SHREYAS Scheme,Yes,Yes,High,18-25,2025-08-16 17:18:00
USR000280,Assam,Nagaon,Agriculture & Allied Activities,Agriculture Infrastructure Fund,No,No,High,41-60,2025-10-18 15:23:31
USR000281,Bihar,West Champaran,Senior Citizen Welfare,Indira Gandhi National Old Age Pension,Yes,Yes,High,26-40,2026-02-11 03:13:59
USR000282,Jharkhand,Giridih,Senior Citizen Welfare,Atal Pension Yojana,Yes,No,Low,41-60,2025-07-22 14:08:57
USR000283,Madhya Pradesh,Indore,Senior Citizen Welfare,Elderline Helpline,Yes,No,Middle,60+,2025-04-01 07:30:28
USR000284,Jharkhand,Ranchi,Disability Support (Divyang Schemes),Indira Gandhi Disability Pension,Yes,No,Low,18-25,2025-04-12 11:55:16
USR000285,Rajasthan,Jaipur,Health & Public Health,Pradhan Mantri Surakshit Matritva Abhiyan,Yes,Yes,Middle,41-60,2025-05-25 00:14:13
USR000286,Karnataka,Tumkur,Senior Citizen Welfare,Atal Pension Yojana,No,No,High,18-25,2025-10-05 07:22:16
USR000287,Odisha,Cuttack,Health & Public Health,National Digital Health Mission,Yes,Yes,Middle,18-25,2025-05-18 16:41:50
USR000288,Jharkhand,Dhanbad,Women Empowerment & Child Welfare,POSHAN Abhiyaan,No,No,Middle,41-60,2026-01-12 15:25:43
USR000289,Uttarakhand,Dehradun,Disability Support (Divyang Schemes),Deendayal Disabled Rehabilitation Scheme,Yes,No,Middle,18-25,2025-09-06 10:18:58
USR000290,Himachal Pradesh,Kangra,Disability Support (Divyang Schemes),Deendayal Disabled Rehabilitation Scheme,Yes,Yes,High,18-25,2026-01-28 00:47:26
USR000291,Chhattisgarh,Rajnandgaon,Women Empowerment & Child Welfare,Mahila Samman Savings Certificate,No,No,Middle,41-60,2025-04-25 10:04:08
USR000292,Mizoram,Kolasib,Women Empowerment & Child Welfare,Working Women Hostel Scheme,No,No,Middle,18-25,2026-01-28 18:35:44
USR000293,Rajasthan,Barmer,Agriculture & Allied Activities,PM-KISAN,No,No,High,18-25,2025-10-08 22:26:16
USR000294,Mizoram,Aizawl,SC/ST/OBC Welfare,Top Class Education SC,No,No,Low,26-40,2025-07-31 13:07:34
USR000295,Mizoram,Lunglei,Health & Public Health,Janani Suraksha Yojana,No,No,Low,60+,2025-10-17 23:56:53
USR000296,Meghalaya,Jaintia Hills,Disability Support (Divyang Schemes),Vidyasagar Scheme,Yes,Yes,Middle,18-25,2026-01-15 18:39:58
USR000297,Andhra Pradesh,Visakhapatnam,Disability Support (Divyang Schemes),Sahyogi Scheme,No,No,Middle,60+,2025-09-14 01:30:57
USR000298,Uttar Pradesh,Meerut,Health & Public Health,TB Elimination Programme,Yes,No,High,26-40,2026-01-07 07:27:28
USR000299,Himachal Pradesh,Mandi,Health & Public Health,Rashtriya Swasthya Bima Yojana,Yes,Yes,Low,60+,2025-05-18 09:49:42
USR000300,Telangana,Hyderabad,Education & Scholarships,National Means Cum Merit Scholarship,No,No,High,26-40,2025-12-13 19:58:37
USR000301,Manipur,Senapati,Women Empowerment & Child Welfare,POSHAN Abhiyaan,Yes,No,Middle,18-25,2026-02-11 12:59:17
USR000302,Manipur,Ukhrul,Women Empowerment & Child Welfare,Mahila Shakti Kendra,Yes,Yes,High,41-60,2025-10-24 13:48:31
USR000303,Chhattisgarh,Rajnandgaon,Women Empowerment & Child Welfare,Beti Bachao Beti Padhao,No,No,High,18-25,2025-05-03 14:32:19
USR000304,Punjab,Patiala,Health & Public Health,Janani Suraksha Yojana,Yes,No,Low,26-40,2025-11-08 23:00:30
USR000305,Maharashtra,Nagpur,Agriculture & Allied Activities,Paramparagat Krishi Vikas Yojana,Yes,No,High,26-40,2025-04-29 12:19:05
USR000306,Maharashtra,Nashik,Agriculture & Allied Activities,National Horticulture Mission,No,No,Middle,60+,2026-02-13 07:50:10
USR000307,Nagaland,Dimapur,Agriculture & Allied Activities,e-NAM,Yes,Yes,Middle,60+,2025-08-12 18:15:59
USR000308,Andhra Pradesh,Chittoor,Senior Citizen Welfare,Senior Citizen Savings Scheme,No,No,High,41-60,2025-05-25 17:37:38
USR000309,Kerala,Kannur,Health & Public Health,Pradhan Mantri Surakshit Matritva Abhiyan,No,No,Low,26-40,2025-04-01 22:57:04
USR000310,Chhattisgarh,Bilaspur,SC/ST/OBC Welfare,Top Class Education SC,No,No,High,60+,2025-12-09 05:42:07
USR000311,Punjab,Ferozepur,Education & Scholarships,Mid Day Meal Scheme,Yes,No,High,26-40,2025-12-05 14:44:54
USR000312,Chhattisgarh,Janjgir-Champa,Senior Citizen Welfare,PM Vaya Vandana Yojana,Yes,Yes,Middle,18-25,2025-11-11 18:28:04
USR000313,Nagaland,Tuensang,SC/ST/OBC Welfare,Credit Enhancement Scheme SC,Yes,No,Middle,26-40,2026-02-17 15:54:47
USR000314,Mizoram,Saiha,Women Empowerment & Child Welfare,Ujjawala Scheme,Yes,No,Middle,41-60,2026-01-15 16:34:18
USR000315,Tamil Nadu,Madurai,SC/ST/OBC Welfare,Top Class Education SC,Yes,No,Low,41-60,2025-11-07 15:52:46
USR000316,Maharashtra,Mumbai,Health & Public Health,Mission Indradhanush,No,No,High,41-60,2025-08-22 06:51:51
USR000317,Uttar Pradesh,Banaras,Senior Citizen Welfare,Indira Gandhi National Old Age Pension,Yes,No,Low,26-40,2025-03-31 04:51:38
USR000318,Tamil Nadu,Tiruppur,Senior Citizen Welfare,Varishtha Pension Bima Yojana,Yes,Yes,High,41-60,2025-06-21 13:42:28
USR000319,Gujarat,Surat,Senior Citizen Welfare,Senior Citizen Savings Scheme,Yes,No,High,41-60,2025-06-21 11:04:42
USR000320,Tripura,Dhalai,Education & Scholarships,Post Matric Scholarship SC,Yes,Yes,High,18-25,2025-12-29 06:41:19
USR000321,Chhattisgarh,Bilaspur,Health & Public Health,Pradhan Mantri Surakshit Matritva Abhiyan,No,No,Middle,60+,2025-03-19 00:58:38
USR000322,Telangana,Warangal,Women Empowerment & Child Welfare,Anganwadi Services ICDS,Yes,Yes,Middle,18-25,2025-09-28 22:19:17
USR000323,Uttarakhand,Pithoragarh,Senior Citizen Welfare,Elderline Helpline,Yes,Yes,Middle,26-40,2025-07-23 03:38:05
USR000324,Andhra Pradesh,Chittoor,Health & Public Health,Pradhan Mantri Surakshit Matritva Abhiyan,Yes,Yes,Low,41-60,2025-12-05 22:39:05
USR000325,Uttarakhand,Pithoragarh,Agriculture & Allied Activities,Paramparagat Krishi Vikas Yojana,Yes,No,Low,26-40,2025-08-14 18:28:42
USR000326,Assam,Kamrup,Disability Support (Divyang Schemes),Accessible India Campaign,Yes,Yes,Middle,18-25,2025-09-28 18:28:53
USR000327,Jharkhand,Dumka,Education & Scholarships,Post Matric Scholarship SC,Yes,No,High,60+,2026-02-09 00:01:49
USR000328,Madhya Pradesh,Gwalior,Senior Citizen Welfare,Annapurna Scheme,Yes,Yes,Low,18-25,2025-05-21 08:12:59
USR000329,Manipur,Thoubal,Education & Scholarships,PM Research Fellowship,Yes,No,Middle,60+,2026-01-10 04:16:37
USR000330,Tamil Nadu,Coimbatore,SC/ST/OBC Welfare,Pre Matric Scholarship SC,No,No,Middle,26-40,2025-05-02 01:11:09
USR000331,Jharkhand,Godda,SC/ST/OBC Welfare,Credit Enhancement Scheme SC,No,No,Middle,26-40,2025-04-28 14:57:03
USR000332,Telangana,Warangal,Education & Scholarships,Post Matric Scholarship SC,Yes,Yes,High,60+,2025-09-04 18:03:01
USR000333,Nagaland,Peren,Health & Public Health,Ayushman Bharat PM-JAY,Yes,Yes,Middle,41-60,2026-02-16 08:43:56
USR000334,Haryana,Rohtak,Health & Public Health,Pradhan Mantri Jan Aushadhi Yojana,Yes,Yes,Middle,26-40,2025-12-15 10:16:40
USR000335,Rajasthan,Ajmer,Health & Public Health,Pradhan Mantri Jan Aushadhi Yojana,Yes,Yes,High,41-60,2025-03-15 21:26:17
USR000336,Jharkhand,Ranchi,Senior Citizen Welfare,PM Vaya Vandana Yojana,Yes,No,Middle,26-40,2025-07-12 14:11:08
USR000337,Jharkhand,Deoghar,Agriculture & Allied Activities,e-NAM,No,No,Middle,41-60,2025-05-17 00:42:08
USR000338,Meghalaya,Jaintia Hills,SC/ST/OBC Welfare,National Fellowship SC,No,No,Middle,60+,2025-03-22 23:49:34
USR000339,Uttar Pradesh,Lucknow,SC/ST/OBC Welfare,NSFDC Loan Schemes,Yes,No,Low,60+,2025-09-24 05:49:31
USR000340,Rajasthan,Jaipur,SC/ST/OBC Welfare,Post Matric Scholarship OBC,Yes,No,Middle,26-40,2025-03-15 04:16:57
USR000341,Rajasthan,Barmer,Agriculture & Allied Activities,Agriculture Infrastructure Fund,No,No,High,26-40,2025-07-26 06:42:22
USR000342,Sikkim,North Sikkim,Agriculture & Allied Activities,PM-KISAN,Yes,Yes,Middle,26-40,2025-08-06 12:12:19
USR000343,Gujarat,Surat,Women Empowerment & Child Welfare,Ujjawala Scheme,Yes,Yes,High,18-25,2025-08-18 17:19:11
USR000344,Andhra Pradesh,Krishna,Disability Support (Divyang Schemes),ADIP Scheme,Yes,No,High,41-60,2025-05-18 05:44:15
USR000345,Madhya Pradesh,Gwalior,SC/ST/OBC Welfare,Free Coaching Scheme SC OBC,No,No,Low,41-60,2025-07-18 10:55:05
USR000346,Maharashtra,Mumbai,Disability Support (Divyang Schemes),National Trust Niramaya,No,No,High,18-25,2025-05-16 01:10:57
USR000347,Uttarakhand,Pithoragarh,Women Empowerment & Child Welfare,Pradhan Mantri Matru Vandana Yojana,Yes,No,Middle,60+,2025-08-05 06:47:32
USR000348,Mizoram,Mamit,Women Empowerment & Child Welfare,Anganwadi Services ICDS,Yes,Yes,High,26-40,2025-04-23 09:25:52
USR000349,Haryana,Faridabad,Disability Support (Divyang Schemes),Deendayal Disabled Rehabilitation Scheme,Yes,Yes,Middle,26-40,2025-10-10 22:20:04
USR000350,Andhra Pradesh,Krishna,Agriculture & Allied Activities,Agriculture Infrastructure Fund,No,No,Middle,18-25,2025-06-03 20:36:22
USR000351,Tripura,Dhalai,Senior Citizen Welfare,Indira Gandhi National Old Age Pension,Yes,No,Low,18-25,2025-03-25 20:16:29
USR000352,Telangana,Medchal,Disability Support (Divyang Schemes),Gharaunda Scheme,No,No,High,60+,2025-12-22 07:32:35
USR000353,Uttarakhand,Haridwar,Agriculture & Allied Activities,Paramparagat Krishi Vikas Yojana,No,No,Low,41-60,2025-09-12 16:30:33
USR000354,Assam,Cachar,Health & Public Health,Pradhan Mantri Surakshit Matritva Abhiyan,No,No,High,41-60,2025-12-29 05:26:20
USR000355,Rajasthan,Barmer,Agriculture & Allied Activities,Pradhan Mantri Fasal Bima Yojana,No,No,Low,60+,2025-05-31 20:24:15
USR000356,Punjab,Sangrur,Agriculture & Allied Activities,National Horticulture Mission,Yes,No,Low,41-60,2025-09-06 11:45:27
USR000357,Meghalaya,West Garo Hills,Education & Scholarships,Top Class Education Scheme,No,No,Low,26-40,2025-11-25 01:48:49
USR000358,Meghalaya,Jaintia Hills,Disability Support (Divyang Schemes),Samarth Scheme,No,No,High,60+,2025-03-05 08:00:33
USR000359,Uttarakhand,Haridwar,Disability Support (Divyang Schemes),ADIP Scheme,Yes,No,Low,60+,2025-03-20 04:10:08
USR000360,Gujarat,Rajkot,Health & Public Health,National Digital Health Mission,No,No,High,41-60,2025-08-20 08:01:53
USR000361,Odisha,Jajpur,Agriculture & Allied Activities,Kisan Credit Card,No,No,Low,41-60,2025-03-05 06:40:43
USR000362,Telangana,Warangal,Disability Support (Divyang Schemes),Gharaunda Scheme,Yes,Yes,Middle,41-60,2025-11-01 21:25:40
USR000363,Odisha,Jajpur,SC/ST/OBC Welfare,Pre Matric Scholarship SC,No,No,Low,18-25,2025-07-31 11:11:37
USR000364,Punjab,Amritsar,Education & Scholarships,SHREYAS Scheme,Yes,No,Middle,41-60,2025-07-23 17:30:10
USR000365,Andhra Pradesh,Visakhapatnam,SC/ST/OBC Welfare,National Fellowship OBC,No,No,High,60+,2026-02-12 18:43:47
USR000366,Tripura,Dhalai,Education & Scholarships,National Means Cum Merit Scholarship,Yes,Yes,Middle,41-60,2025-10-06 21:14:27
USR000367,Himachal Pradesh,Lahul,Education & Scholarships,Mid Day Meal Scheme,Yes,No,Middle,18-25,2026-02-13 03:19:15
USR000368,Haryana,Hisar,Education & Scholarships,National Overseas Scholarship,Yes,Yes,High,26-40,2025-09-22 23:02:40
USR000369,Karnataka,Bangalore,Health & Public Health,Janani Suraksha Yojana,Yes,No,High,41-60,2025-07-03 17:58:17
USR000370,Madhya Pradesh,Ujjain,Women Empowerment & Child Welfare,Anganwadi Services ICDS,No,No,Middle,41-60,2025-10-25 14:58:07
USR000371,Tripura,South Tripura,Disability Support (Divyang Schemes),Indira Gandhi Disability Pension,No,No,High,41-60,2025-10-20 05:51:22
USR000372,Madhya Pradesh,Bhopal,Education & Scholarships,PM Research Fellowship,Yes,No,High,60+,2025-09-17 17:23:06
USR000373,Bihar,East Champaran,Health & Public Health,Mission Indradhanush,Yes,No,Middle,60+,2025-06-03 06:34:08
USR000374,Chhattisgarh,Bastar,Agriculture & Allied Activities,PM-KISAN,Yes,No,Low,60+,2025-10-04 21:00:57
USR000375,Himachal Pradesh,Kinnaur,Health & Public Health,Ayushman Bharat PM-JAY,Yes,No,High,18-25,2025-10-24 03:11:19
USR000376,Uttarakhand,Pithoragarh,Women Empowerment & Child Welfare,Anganwadi Services ICDS,Yes,Yes,High,41-60,2025-09-29 17:08:00
USR000377,Uttarakhand,Almora,Senior Citizen Welfare,Rashtriya Vayoshri Yojana,Yes,Yes,Middle,41-60,2025-09-11 19:08:48
USR000378,Tripura,West Tripura,Agriculture & Allied Activities,PM-KISAN,Yes,No,High,41-60,2025-08-01 03:32:40
USR000379,Haryana,Faridabad,SC/ST/OBC Welfare,National Fellowship OBC,Yes,Yes,High,26-40,2025-06-05 11:00:59
USR000380,Kerala,Thiruvananthapuram,Health & Public Health,eSanjeevani Telemedicine,Yes,Yes,High,18-25,2025-04-26 11:56:36
USR000381,Karnataka,Belgaum,Women Empowerment & Child Welfare,Beti Bachao Beti Padhao,Yes,No,High,26-40,2025-07-30 07:28:08
USR000382,Mizoram,Kolasib,Senior Citizen Welfare,Senior Citizen Savings Scheme,No,No,Low,60+,2025-09-29 16:35:18
USR000383,Himachal Pradesh,Mandi,SC/ST/OBC Welfare,Free Coaching Scheme SC OBC,Yes,No,Low,41-60,2026-01-20 17:56:49
USR000384,Odisha,Jajpur,Education & Scholarships,Post Matric Scholarship SC,No,No,High,60+,2025-03-26 10:24:17
USR000385,West Bengal,Birbhum,Education & Scholarships,Central Sector Scholarship Scheme,Yes,Yes,Middle,18-25,2025-12-09 19:39:15
USR000386,Meghalaya,West Garo Hills,Health & Public Health,TB Elimination Programme,No,No,Middle,60+,2025-11-27 04:57:00
USR000387,Tripura,West Tripura,Women Empowerment & Child Welfare,Mahila Shakti Kendra,Yes,No,Middle,18-25,2025-08-03 21:57:02
USR000388,Bihar,West Champaran,Senior Citizen Welfare,Rashtriya Vayoshri Yojana,No,No,Low,26-40,2025-04-10 09:28:52
USR000389,Gujarat,Rajkot,Health & Public Health,TB Elimination Programme,No,No,Middle,18-25,2026-01-08 11:08:59
USR000390,Manipur,Bishnupur,Education & Scholarships,Post Matric Scholarship SC,Yes,Yes,High,60+,2025-11-19 08:39:56
USR000391,Manipur,Thoubal,Senior Citizen Welfare,Senior Citizen Savings Scheme,Yes,Yes,Low,18-25,2025-08-08 03:08:05
USR000392,Meghalaya,West Khasi Hills,Education & Scholarships,National Means Cum Merit Scholarship,Yes,No,High,26-40,2025-07-10 06:25:14
USR000393,Sikkim,North Sikkim,Education & Scholarships,Pre Matric Scholarship OBC,Yes,Yes,High,60+,2025-07-06 10:59:51
USR000394,Chhattisgarh,Durg,Disability Support (Divyang Schemes),National Trust Niramaya,No,No,Low,26-40,2025-12-02 02:26:38
USR000395,Telangana,Rangareddy,Health & Public Health,Rashtriya Swasthya Bima Yojana,Yes,No,Low,41-60,2025-08-09 22:55:33
USR000396,Tripura,West Tripura,Women Empowerment & Child Welfare,Working Women Hostel Scheme,No,No,Low,18-25,2025-07-06 12:28:42
USR000397,Assam,Kamrup,Disability Support (Divyang Schemes),Vidyasagar Scheme,No,No,High,18-25,2025-09-23 08:09:05
USR000398,Sikkim,North Sikkim,Agriculture & Allied Activities,e-NAM,Yes,Yes,Low,26-40,2025-07-29 14:36:12
USR000399,Assam,Cachar,Senior Citizen Welfare,Elderline Helpline,Yes,Yes,Low,18-25,2025-04-21 04:21:48
USR000400,Telangana,Nalgonda,Women Empowerment & Child Welfare,One Stop Centre Scheme,Yes,Yes,High,60+,2025-03-28 01:05:01
USR000401,Telangana,Nalgonda,Agriculture & Allied Activities,Pradhan Mantri Fasal Bima Yojana,Yes,Yes,Middle,41-60,2025-05-18 16:44:50
USR000402,Telangana,Nalgonda,Senior Citizen Welfare,Indira Gandhi National Old Age Pension,No,No,High,26-40,2026-01-24 06:38:40
USR000403,Nagaland,Kohima,Education & Scholarships,SHREYAS Scheme,Yes,No,High,41-60,2025-06-01 10:50:47
USR000404,Mizoram,Saiha,Education & Scholarships,Central Sector Scholarship Scheme,Yes,Yes,Middle,18-25,2025-04-15 20:31:36
USR000405,Maharashtra,Mumbai,Health & Public Health,National Health Mission,Yes,Yes,Middle,26-40,2026-01-28 03:31:31
USR000406,Tamil Nadu,Madurai,Women Empowerment & Child Welfare,Beti Bachao Beti Padhao,Yes,Yes,Middle,41-60,2025-04-15 11:38:45
USR000407,Himachal Pradesh,Kangra,Health & Public Health,National Health Mission,No,No,Low,18-25,2025-12-01 09:30:20
USR000408,Himachal Pradesh,Solan,Women Empowerment & Child Welfare,STEP Scheme,No,No,High,60+,2025-12-23 10:32:38
USR000409,Mizoram,Saiha,Health & Public Health,eSanjeevani Telemedicine,No,No,Low,18-25,2025-07-11 08:31:53
USR000410,Rajasthan,Jodhpur,Disability Support (Divyang Schemes),ADIP Scheme,Yes,Yes,High,41-60,2025-04-08 02:59:36
USR000411,Punjab,Ludhiana,Health & Public Health,Janani Suraksha Yojana,Yes,Yes,High,60+,2025-06-08 04:24:23
USR000412,West Bengal,Kolkata,Health & Public Health,Pradhan Mantri Jan Aushadhi Yojana,No,No,Low,41-60,2025-06-14 12:13:37
USR000413,Telangana,Hyderabad,Education & Scholarships,Top Class Education Scheme,No,No,Low,60+,2025-09-01 14:51:23
USR000414,Nagaland,Kohima,Agriculture & Allied Activities,National Horticulture Mission,No,No,Low,26-40,2025-04-14 07:42:03
USR000415,Gujarat,Surat,Senior Citizen Welfare,Senior Citizen Savings Scheme,Yes,Yes,Low,60+,2025-12-06 22:01:04
USR000416,Odisha,Sambalpur,Senior Citizen Welfare,Senior Citizen Savings Scheme,No,No,Middle,60+,2025-06-01 10:42:53
USR000417,Telangana,Hyderabad,Women Empowerment & Child Welfare,Anganwadi Services ICDS,No,No,Low,60+,2025-08-14 19:42:20
USR000418,Telangana,Hyderabad,Disability Support (Divyang Schemes),Unique Disability ID UDID,Yes,Yes,High,26-40,2025-03-30 06:21:44
USR000419,Meghalaya,West Garo Hills,Women Empowerment & Child Welfare,Pradhan Mantri Matru Vandana Yojana,Yes,No,Low,26-40,2025-04-13 10:13:05
USR000420,Meghalaya,East Garo Hills,Women Empowerment & Child Welfare,Ujjawala Scheme,Yes,Yes,Middle,60+,2026-02-14 09:54:36
USR000421,Telangana,Hyderabad,Senior Citizen Welfare,Indira Gandhi National Old Age Pension,No,No,Low,26-40,2026-02-13 07:04:34
USR000422,Punjab,Patiala,SC/ST/OBC Welfare,Post Matric Scholarship OBC,No,No,Middle,41-60,2025-06-21 07:31:14
USR000423,Himachal Pradesh,Kinnaur,Disability Support (Divyang Schemes),Samarth Scheme,Yes,Yes,Low,18-25,2025-11-02 04:22:02
USR000424,Kerala,Thiruvananthapuram,Agriculture & Allied Activities,National Horticulture Mission,Yes,Yes,Middle,41-60,2025-07-24 15:10:43
USR000425,Tripura,South Tripura,SC/ST/OBC Welfare,Free Coaching Scheme SC OBC,Yes,Yes,Middle,18-25,2025-11-07 19:20:25
USR000426,Jharkhand,Deoghar,SC/ST/OBC Welfare,Top Class Education SC,No,No,Low,18-25,2025-12-30 20:33:51
USR000427,Chhattisgarh,Durg,Women Empowerment & Child Welfare,POSHAN Abhiyaan,No,No,Low,18-25,2026-01-19 13:33:57
USR000428,Karnataka,Bangalore,Women Empowerment & Child Welfare,Pradhan Mantri Matru Vandana Yojana,No,No,Low,18-25,2026-01-30 11:03:02
USR000429,Maharashtra,Nashik,SC/ST/OBC Welfare,Credit Enhancement Scheme SC,Yes,Yes,Middle,60+,2025-08-12 11:29:00
USR000430,Gujarat,Rajkot,Women Empowerment & Child Welfare,STEP Scheme,No,No,Middle,41-60,2025-03-01 09:24:55
USR000431,Madhya Pradesh,Jabalpur,SC/ST/OBC Welfare,Pre Matric Scholarship SC,Yes,No,Low,60+,2026-02-07 01:38:22
USR000432,Karnataka,Bangalore,Education & Scholarships,Central Sector Scholarship Scheme,Yes,No,Low,41-60,2025-09-03 11:15:53
USR000433,Andhra Pradesh,Chittoor,Education & Scholarships,National Means Cum Merit Scholarship,Yes,No,Low,26-40,2025-11-16 10:26:34
USR000434,Tripura,Khowai,Disability Support (Divyang Schemes),Unique Disability ID UDID,Yes,Yes,Low,60+,2025-12-02 18:11:15
USR000435,Meghalaya,Cima,Agriculture & Allied Activities,Agriculture Infrastructure Fund,Yes,Yes,High,18-25,2025-11-07 09:11:40
USR000436,Odisha,Sambalpur,Health & Public Health,Pradhan Mantri Jan Aushadhi Yojana,No,No,Low,18-25,2026-02-01 02:34:32
USR000437,Bihar,Patna,SC/ST/OBC Welfare,Pre Matric Scholarship SC,Yes,Yes,High,18-25,2026-02-27 21:30:21
USR000438,Rajasthan,Ajmer,Senior Citizen Welfare,PM Vaya Vandana Yojana,No,No,High,18-25,2025-08-29 05:54:56
USR000439,West Bengal,Howrah,Education & Scholarships,Vidya Lakshmi Scheme,Yes,No,High,18-25,2025-07-28 21:22:00
USR000440,West Bengal,Jalpaiguri,Agriculture & Allied Activities,Paramparagat Krishi Vikas Yojana,Yes,No,Middle,26-40,2026-01-11 09:03:17
USR000441,Telangana,Nalgonda,Education & Scholarships,Pre Matric Scholarship OBC,Yes,No,Middle,60+,2025-08-26 22:01:58
USR000442,Kerala,Kannur,Disability Support (Divyang Schemes),National Trust Niramaya,Yes,Yes,Middle,60+,2025-03-07 13:07:06
USR000443,Sikkim,North Sikkim,SC/ST/OBC Welfare,National Fellowship OBC,Yes,No,Low,60+,2025-04-07 06:39:30
USR000444,Sikkim,West Sikkim,SC/ST/OBC Welfare,Post Matric Scholarship OBC,Yes,Yes,High,18-25,2026-02-04 10:18:34
USR000445,Uttarakhand,Pithoragarh,Health & Public Health,Pradhan Mantri Jan Aushadhi Yojana,Yes,No,High,26-40,2025-04-25 13:18:57
USR000446,Maharashtra,Kolhapur,Senior Citizen Welfare,Atal Pension Yojana,Yes,Yes,High,18-25,2025-10-12 14:31:17
USR000447,Sikkim,East Sikkim,Senior Citizen Welfare,National Social Assistance Programme,Yes,Yes,Low,26-40,2025-03-03 09:56:36
USR000448,Odisha,Bhubaneswar,Agriculture & Allied Activities,Soil Health Card Scheme,No,No,Low,26-40,2026-02-23 12:13:10
USR000449,Rajasthan,Jaipur,SC/ST/OBC Welfare,Pre Matric Scholarship SC,Yes,Yes,Middle,41-60,2025-05-13 05:56:09
USR000450,Himachal Pradesh,Shimla,Agriculture & Allied Activities,Pradhan Mantri Fasal Bima Yojana,No,No,Low,41-60,2025-04-30 22:15:30
USR000451,Sikkim,East Sikkim,Health & Public Health,Pradhan Mantri Surakshit Matritva Abhiyan,No,No,Low,41-60,2025-11-02 06:59:05
USR000452,Bihar,Muzaffarpur,Senior Citizen Welfare,Rashtriya Vayoshri Yojana,Yes,No,High,41-60,2025-03-23 13:45:32
USR000453,Uttarakhand,Haridwar,Women Empowerment & Child Welfare,Beti Bachao Beti Padhao,No,No,Low,26-40,2025-03-03 19:05:49
USR000454,Assam,Nagaon,Agriculture & Allied Activities,Agriculture Infrastructure Fund,Yes,Yes,Middle,41-60,2025-07-14 13:33:39
USR000455,West Bengal,Howrah,SC/ST/OBC Welfare,NSFDC Loan Schemes,Yes,No,Middle,41-60,2025-12-09 18:28:28
USR000456,West Bengal,Howrah,Senior Citizen Welfare,Senior Citizen Savings Scheme,Yes,Yes,Middle,18-25,2026-02-10 01:37:32
USR000457,Kerala,Kannur,Agriculture & Allied Activities,Pradhan Mantri Fasal Bima Yojana,Yes,Yes,Low,18-25,2025-10-01 02:00:48
USR000458,Kerala,Kottayam,SC/ST/OBC Welfare,Venture Capital Fund SC,No,No,Low,18-25,2025-11-27 20:15:12
USR000459,Meghalaya,West Khasi Hills,SC/ST/OBC Welfare,PM DAKSH Scheme,Yes,Yes,Low,60+,2025-11-05 14:11:28
USR000460,Uttar Pradesh,Kanpur,Senior Citizen Welfare,Atal Pension Yojana,No,No,Middle,26-40,2025-12-31 02:46:58
USR000461,Haryana,Ambala,Women Empowerment & Child Welfare,Pradhan Mantri Matru Vandana Yojana,Yes,Yes,Low,26-40,2025-12-06 08:48:21
USR000462,Jharkhand,Dumka,Education & Scholarships,Top Class Education Scheme,No,No,Low,60+,2025-09-27 06:14:22
USR000463,Gujarat,Rajkot,SC/ST/OBC Welfare,National Fellowship SC,Yes,No,High,26-40,2025-06-16 18:19:11
USR000464,Uttarakhand,Pithoragarh,Agriculture & Allied Activities,Pradhan Mantri Fasal Bima Yojana,Yes,Yes,Middle,26-40,2025-04-05 02:16:07
USR000465,Himachal Pradesh,Kinnaur,Women Empowerment & Child Welfare,STEP Scheme,No,No,High,41-60,2025-08-27 18:56:10
USR000466,Tamil Nadu,Kancheepuram,Women Empowerment & Child Welfare,Mahila Samman Savings Certificate,No,No,High,41-60,2025-05-10 04:11:13
USR000467,Sikkim,West Sikkim,Health & Public Health,National Digital Health Mission,Yes,No,Middle,26-40,2025-08-29 16:00:42
USR000468,Himachal Pradesh,Mandi,Women Empowerment & Child Welfare,POSHAN Abhiyaan,Yes,Yes,Middle,60+,2025-12-03 12:57:00
USR000469,Kerala,Kottayam,SC/ST/OBC Welfare,Credit Enhancement Scheme SC,No,No,High,41-60,2026-02-03 05:08:54
USR000470,Nagaland,Kohima,Education & Scholarships,Post Matric Scholarship SC,No,No,High,41-60,2025-08-20 16:13:48
USR000471,Kerala,Kozhikode,Education & Scholarships,PM Research Fellowship,Yes,Yes,High,60+,2025-06-28 02:45:40
USR000472,Rajasthan,Ajmer,Senior Citizen Welfare,Atal Pension Yojana,No,No,Middle,18-25,2026-02-20 15:48:46
USR000473,Chhattisgarh,Durg,Health & Public Health,Pradhan Mantri Surakshit Matritva Abhiyan,Yes,No,Middle,41-60,2025-08-25 10:08:04
USR000474,Uttar Pradesh,Lucknow,Women Empowerment & Child Welfare,Mahila Samman Savings Certificate,Yes,Yes,Low,18-25,2025-03-15 00:55:16
USR000475,Telangana,Hyderabad,Senior Citizen Welfare,Annapurna Scheme,Yes,No,Middle,26-40,2026-02-27 03:31:48
USR000476,Rajasthan,Barmer,Women Empowerment & Child Welfare,Working Women Hostel Scheme,Yes,Yes,Middle,18-25,2026-01-13 16:03:20
USR000477,Assam,Kamrup,SC/ST/OBC Welfare,Credit Enhancement Scheme SC,Yes,Yes,Middle,41-60,2025-10-03 10:58:16
USR000478,Tamil Nadu,Tiruppur,Agriculture & Allied Activities,Pradhan Mantri Fasal Bima Yojana,No,No,High,60+,2025-11-24 16:29:34
USR000479,Andhra Pradesh,Guntur,SC/ST/OBC Welfare,Venture Capital Fund SC,No,No,High,26-40,2025-07-15 12:02:35
USR000480,Jharkhand,Ranchi,SC/ST/OBC Welfare,Top Class Education SC,No,No,Middle,60+,2025-06-09 14:18:42
USR000481,Tripura,South Tripura,Disability Support (Divyang Schemes),Samarth Scheme,Yes,No,Low,41-60,2025-05-26 13:56:15
USR000482,Uttarakhand,Almora,Education & Scholarships,Top Class Education Scheme,Yes,Yes,Low,60+,2025-08-29 21:48:00
USR000483,Telangana,Warangal,Health & Public Health,eSanjeevani Telemedicine,No,No,Middle,26-40,2025-11-08 18:12:09
USR000484,Himachal Pradesh,Shimla,Agriculture & Allied Activities,PM-KISAN,Yes,No,High,26-40,2025-03-15 07:41:41
USR000485,Kerala,Thrissur,Disability Support (Divyang Schemes),Accessible India Campaign,No,No,Low,18-25,2025-10-22 15:57:36
USR000486,West Bengal,Howrah,Agriculture & Allied Activities,Agriculture Infrastructure Fund,Yes,No,High,41-60,2025-10-08 00:09:17
USR000487,Punjab,Amritsar,Health & Public Health,Rashtriya Swasthya Bima Yojana,No,No,Low,18-25,2026-02-11 09:29:27
USR000488,Uttar Pradesh,Meerut,Disability Support (Divyang Schemes),Indira Gandhi Disability Pension,Yes,No,High,60+,2025-05-16 15:54:37
USR000489,Telangana,Medchal,Education & Scholarships,National Overseas Scholarship,Yes,Yes,Low,41-60,2025-09-21 12:33:51
USR000490,Assam,Sonitpur,Education & Scholarships,SHREYAS Scheme,No,No,High,26-40,2026-02-28 03:11:19
USR000491,Karnataka,Mangalore,SC/ST/OBC Welfare,PM DAKSH Scheme,Yes,Yes,Low,60+,2026-02-28 07:09:17
USR000492,West Bengal,Jalpaiguri,Agriculture & Allied Activities,PM Krishi Sinchai Yojana,Yes,Yes,High,26-40,2025-11-29 06:06:25
USR000493,Madhya Pradesh,Bhopal,Agriculture & Allied Activities,Paramparagat Krishi Vikas Yojana,Yes,Yes,Middle,18-25,2026-01-01 03:13:46
USR000494,Mizoram,Kolasib,Health & Public Health,Rashtriya Swasthya Bima Yojana,No,No,Low,60+,2025-10-23 14:41:50
USR000495,Gujarat,Surat,Disability Support (Divyang Schemes),Samarth Scheme,No,No,Low,18-25,2025-08-25 22:42:11
USR000496,Madhya Pradesh,Ujjain,Health & Public Health,Mission Indradhanush,No,No,High,18-25,2025-03-14 11:52:13
USR000497,Jharkhand,Ranchi,Health & Public Health,Janani Suraksha Yojana,No,No,Middle,41-60,2025-04-04 18:56:40
USR000498,Assam,Sonitpur,SC/ST/OBC Welfare,Venture Capital Fund SC,No,No,Middle,18-25,2026-01-23 15:20:45
USR000499,Meghalaya,Jaintia Hills,Disability Support (Divyang Schemes),Vidyasagar Scheme,No,No,Middle,18-25,2025-03-02 06:00:25
USR000500,Jharkhand,Dhanbad,Agriculture & Allied Activities,Soil Health Card Scheme,Yes,No,High,26-40,2025-06-29 15:29:47
USR000501,Haryana,Rohtak,Health & Public Health,Pradhan Mantri Surakshit Matritva Abhiyan,No,No,Middle,26-40,2025-12-26 18:59:12
USR000502,Rajasthan,Ajmer,Senior Citizen Welfare,Annapurna Scheme,No,No,Middle,60+,2025-12-19 00:36:10
USR000503,Uttar Pradesh,Banaras,Disability Support (Divyang Schemes),Vidyasagar Scheme,No,No,Middle,26-40,2025-10-01 15:12:38
USR000504,Andhra Pradesh,Visakhapatnam,Disability Support (Divyang Schemes),Deendayal Disabled Rehabilitation Scheme,Yes,Yes,Middle,26-40,2025-10-02 05:46:16
USR000505,Punjab,Patiala,Senior Citizen Welfare,Elderline Helpline,Yes,Yes,Middle,26-40,2026-01-12 12:03:30
USR000506,Tamil Nadu,Salem,SC/ST/OBC Welfare,Post Matric Scholarship OBC,Yes,Yes,High,26-40,2026-01-19 00:23:58
USR000507,Sikkim,North Sikkim,Agriculture & Allied Activities,e-NAM,Yes,Yes,High,26-40,2025-12-24 15:02:19
USR000508,Jharkhand,Ranchi,Women Empowerment & Child Welfare,STEP Scheme,Yes,Yes,Middle,60+,2025-06-23 10:05:27
USR000509,Bihar,Patna,Agriculture & Allied Activities,Pradhan Mantri Fasal Bima Yojana,Yes,Yes,Middle,41-60,2025-07-20 00:02:41
USR000510,Meghalaya,Jaintia Hills,Disability Support (Divyang Schemes),National Trust Niramaya,No,No,Middle,18-25,2026-02-01 12:33:21
USR000511,Meghalaya,East Garo Hills,Disability Support (Divyang Schemes),ADIP Scheme,No,No,Low,26-40,2025-04-21 18:29:12
USR000512,Karnataka,Belgaum,Disability Support (Divyang Schemes),Sahyogi Scheme,Yes,Yes,High,60+,2025-11-19 16:03:09
USR000513,Himachal Pradesh,Shimla,Health & Public Health,National Digital Health Mission,No,No,Low,60+,2025-11-18 03:18:07
USR000514,Odisha,Balasore,Senior Citizen Welfare,National Social Assistance Programme,Yes,No,Low,18-25,2025-05-03 15:10:11
USR000515,Nagaland,Kohima,Education & Scholarships,National Overseas Scholarship,Yes,Yes,High,26-40,2025-08-23 20:30:40
USR000516,Uttar Pradesh,Lucknow,Education & Scholarships,Central Sector Scholarship Scheme,No,No,Middle,26-40,2025-08-04 17:02:53
USR000517,Mizoram,Kolasib,Education & Scholarships,Post Matric Scholarship SC,No,No,Middle,60+,2025-06-15 14:10:27
USR000518,Madhya Pradesh,Ujjain,Senior Citizen Welfare,Elderline Helpline,Yes,Yes,Middle,26-40,2026-02-02 20:49:28
USR000519,Gujarat,Rajkot,Health & Public Health,National Health Mission,Yes,No,High,60+,2025-06-01 05:33:16
USR000520,Bihar,Muzaffarpur,Women Empowerment & Child Welfare,One Stop Centre Scheme,No,No,High,26-40,2025-06-16 13:40:09
USR000521,Bihar,Patna,Health & Public Health,National Health Mission,Yes,Yes,High,41-60,2025-03-31 03:09:17
USR000522,Mizoram,Aizawl,Health & Public Health,Janani Suraksha Yojana,Yes,No,Middle,60+,2025-08-04 21:57:40
USR000523,Meghalaya,East Khasi Hills,Senior Citizen Welfare,Integrated Programme for Older Persons,Yes,No,Middle,41-60,2025-08-20 21:01:44
USR000524,Sikkim,East Sikkim,SC/ST/OBC Welfare,Post Matric Scholarship OBC,Yes,No,High,41-60,2025-06-04 08:21:59
USR000525,Andhra Pradesh,Nellore,Health & Public Health,eSanjeevani Telemedicine,Yes,Yes,Low,26-40,2025-06-15 21:21:20
USR000526,Karnataka,Belgaum,Disability Support (Divyang Schemes),Sahyogi Scheme,Yes,Yes,High,60+,2025-04-15 00:42:01
USR000527,Tripura,Dhalai,Agriculture & Allied Activities,Agriculture Infrastructure Fund,Yes,No,Middle,18-25,2025-11-28 08:04:42
USR000528,Uttarakhand,Almora,SC/ST/OBC Welfare,Credit Enhancement Scheme SC,Yes,No,Low,18-25,2025-05-23 06:17:05
USR000529,Chhattisgarh,Durg,SC/ST/OBC Welfare,National Fellowship OBC,No,No,Low,60+,2025-12-31 05:58:51
USR000530,Punjab,Patiala,Health & Public Health,Pradhan Mantri Surakshit Matritva Abhiyan,Yes,Yes,High,18-25,2026-01-29 21:35:07
USR000531,Rajasthan,Barmer,Disability Support (Divyang Schemes),Unique Disability ID UDID,Yes,Yes,High,26-40,2025-09-04 23:34:42
USR000532,Tripura,West Tripura,Health & Public Health,TB Elimination Programme,No,No,Middle,26-40,2025-10-24 11:11:57
USR000533,Telangana,Hyderabad,Women Empowerment & Child Welfare,Mahila Samman Savings Certificate,Yes,No,High,26-40,2025-09-28 14:01:17
USR000534,Bihar,West Champaran,Agriculture & Allied Activities,Paramparagat Krishi Vikas Yojana,Yes,No,High,41-60,2025-05-26 14:33:08
USR000535,Bihar,Araria,SC/ST/OBC Welfare,Post Matric Scholarship OBC,Yes,Yes,High,41-60,2025-04-03 17:22:21
USR000536,Maharashtra,Pune,Disability Support (Divyang Schemes),Gharaunda Scheme,Yes,No,Low,60+,2025-05-11 02:15:19
USR000537,Nagaland,Wokha,SC/ST/OBC Welfare,PM DAKSH Scheme,No,No,Low,26-40,2025-06-03 07:45:11
USR000538,Rajasthan,Ajmer,Senior Citizen Welfare,PM Vaya Vandana Yojana,No,No,Low,26-40,2025-09-02 01:20:08
USR000539,Telangana,Nalgonda,Agriculture & Allied Activities,National Horticulture Mission,Yes,Yes,Middle,41-60,2026-02-09 20:09:08
USR000540,Bihar,Araria,Health & Public Health,Ayushman Bharat PM-JAY,Yes,Yes,Low,41-60,2025-11-19 02:39:56
USR000541,Karnataka,Mangalore,Senior Citizen Welfare,Rashtriya Vayoshri Yojana,No,No,High,60+,2026-01-13 23:29:24
USR000542,Nagaland,Peren,Agriculture & Allied Activities,PM Kisan Maan Dhan Yojana,No,No,High,18-25,2025-08-24 22:54:37
USR000543,Bihar,Patna,Senior Citizen Welfare,Senior Citizen Savings Scheme,Yes,No,Middle,26-40,2025-11-05 22:41:21
USR000544,Himachal Pradesh,Solan,Senior Citizen Welfare,PM Vaya Vandana Yojana,No,No,Low,60+,2025-03-01 02:44:54
USR000545,Himachal Pradesh,Kinnaur,SC/ST/OBC Welfare,National Fellowship OBC,Yes,Yes,Low,41-60,2025-07-04 07:55:28
USR000546,Maharashtra,Mumbai,Education & Scholarships,Mid Day Meal Scheme,Yes,Yes,High,26-40,2025-12-12 01:37:34
USR000547,Sikkim,South Sikkim,Education & Scholarships,Mid Day Meal Scheme,Yes,Yes,High,18-25,2025-10-15 23:11:34
USR000548,Kerala,Kottayam,Agriculture & Allied Activities,PM Kisan Maan Dhan Yojana,Yes,Yes,Middle,41-60,2025-03-30 02:43:35
USR000549,Punjab,Ludhiana,Education & Scholarships,Central Sector Scholarship Scheme,Yes,Yes,High,41-60,2025-06-28 15:41:42
USR000550,Jharkhand,Ranchi,Agriculture & Allied Activities,PM Krishi Sinchai Yojana,No,No,High,41-60,2025-04-12 07:27:17
USR000551,Mizoram,Saiha,Health & Public Health,TB Elimination Programme,Yes,Yes,High,18-25,2025-11-01 22:56:54
USR000552,Chhattisgarh,Rajnandgaon,Education & Scholarships,SHREYAS Scheme,Yes,No,High,18-25,2026-01-26 23:33:27
USR000553,Mizoram,Saiha,SC/ST/OBC Welfare,Post Matric Scholarship OBC,Yes,Yes,Low,60+,2025-08-14 08:05:31
USR000554,Madhya Pradesh,Bhopal,Disability Support (Divyang Schemes),Deendayal Disabled Rehabilitation Scheme,Yes,Yes,Middle,26-40,2025-07-15 22:50:30
USR000555,Uttarakhand,Haridwar,Senior Citizen Welfare,PM Vaya Vandana Yojana,No,No,Low,41-60,2025-05-24 20:34:09
USR000556,Tripura,Khowai,Disability Support (Divyang Schemes),Indira Gandhi Disability Pension,Yes,No,High,26-40,2025-05-04 00:06:03
USR000557,Chhattisgarh,Bilaspur,Agriculture & Allied Activities,Paramparagat Krishi Vikas Yojana,Yes,Yes,High,18-25,2025-10-02 22:04:02
USR000558,Odisha,Balasore,Senior Citizen Welfare,Annapurna Scheme,Yes,Yes,Low,41-60,2025-12-29 17:16:13
USR000559,Kerala,Ernakulathappan,Women Empowerment & Child Welfare,One Stop Centre Scheme,Yes,Yes,High,26-40,2025-11-22 16:29:04
USR000560,Telangana,Rangareddy,Education & Scholarships,Vidya Lakshmi Scheme,No,No,Low,18-25,2026-01-25 11:28:53
USR000561,Gujarat,Rajkot,Education & Scholarships,SHREYAS Scheme,No,No,Low,60+,2025-09-24 02:37:52
USR000562,Karnataka,Mangalore,Women Empowerment & Child Welfare,Mahila Shakti Kendra,No,No,High,18-25,2025-08-02 22:56:27
USR000563,Nagaland,Peren,Disability Support (Divyang Schemes),Samarth Scheme,No,No,Low,60+,2026-01-25 10:09:16
USR000564,Tamil Nadu,Madurai,Senior Citizen Welfare,Integrated Programme for Older Persons,No,No,High,60+,2025-04-03 14:23:15
USR000565,Bihar,Madhubani,Disability Support (Divyang Schemes),ADIP Scheme,No,No,Low,18-25,2025-06-11 20:20:20
USR000566,Uttar Pradesh,Kanpur,Education & Scholarships,Top Class Education Scheme,Yes,Yes,Low,18-25,2025-08-24 15:23:24
USR000567,Sikkim,North Sikkim,SC/ST/OBC Welfare,NSFDC Loan Schemes,Yes,No,Middle,26-40,2025-11-16 18:59:32
USR000568,Karnataka,Hubli,Disability Support (Divyang Schemes),Indira Gandhi Disability Pension,Yes,Yes,High,41-60,2025-12-18 15:57:29
USR000569,Kerala,Thiruvananthapuram,Agriculture & Allied Activities,PM-KISAN,Yes,Yes,Middle,26-40,2025-07-14 19:43:09
USR000570,Rajasthan,Ajmer,Health & Public Health,National Health Mission,Yes,Yes,Middle,41-60,2025-12-14 12:33:45
USR000571,Manipur,Ukhrul,Agriculture & Allied Activities,Agriculture Infrastructure Fund,No,No,Middle,41-60,2026-02-06 02:21:07
USR000572,Karnataka,Tumkur,Education & Scholarships,Central Sector Scholarship Scheme,No,No,Low,41-60,2025-04-06 02:11:45
USR000573,Bihar,West Champaran,Women Empowerment & Child Welfare,POSHAN Abhiyaan,Yes,No,Middle,41-60,2026-02-14 05:20:50
USR000574,West Bengal,Birbhum,Health & Public Health,TB Elimination Programme,No,No,High,60+,2025-12-03 00:38:27
USR000575,Andhra Pradesh,Krishna,Health & Public Health,TB Elimination Programme,Yes,Yes,Middle,18-25,2025-12-16 01:26:08
USR000576,Telangana,Karimnagar,SC/ST/OBC Welfare,National Fellowship SC,No,No,Low,60+,2025-10-10 04:51:09
USR000577,Odisha,Bargarh,Women Empowerment & Child Welfare,Beti Bachao Beti Padhao,Yes,Yes,Middle,26-40,2025-06-14 13:49:38
USR000578,Andhra Pradesh,Visakhapatnam,Education & Scholarships,Central Sector Scholarship Scheme,Yes,Yes,Low,60+,2025-07-09 14:48:57
USR000579,Andhra Pradesh,Guntur,Senior Citizen Welfare,Rashtriya Vayoshri Yojana,Yes,No,Low,60+,2025-12-19 00:46:03
USR000580,Bihar,West Champaran,Education & Scholarships,SHREYAS Scheme,Yes,No,High,60+,2026-02-21 17:15:47
USR000581,Karnataka,Mysore,Disability Support (Divyang Schemes),Vidyasagar Scheme,Yes,Yes,Middle,26-40,2026-01-03 17:28:29
USR000582,Meghalaya,Cima,Disability Support (Divyang Schemes),National Trust Niramaya,Yes,Yes,High,26-40,2025-04-20 19:40:06
USR000583,Madhya Pradesh,Sagar,Disability Support (Divyang Schemes),Unique Disability ID UDID,No,No,Middle,41-60,2025-03-27 07:56:45
USR000584,Uttar Pradesh,Meerut,Disability Support (Divyang Schemes),National Trust Niramaya,Yes,No,Low,26-40,2026-02-13 10:09:03
USR000585,Tripura,West Tripura,Women Empowerment & Child Welfare,Mahila Samman Savings Certificate,Yes,Yes,High,41-60,2025-12-21 22:47:57
USR000586,Tripura,Khowai,Health & Public Health,Pradhan Mantri Surakshit Matritva Abhiyan,Yes,No,Low,41-60,2026-02-28 12:00:51
USR000587,West Bengal,Kolkata,Education & Scholarships,National Overseas Scholarship,Yes,No,Low,18-25,2025-08-28 19:05:10
USR000588,Maharashtra,Mumbai,Senior Citizen Welfare,Senior Citizen Savings Scheme,Yes,Yes,Low,26-40,2025-07-12 07:08:05
USR000589,Rajasthan,Bikaner,Health & Public Health,National Health Mission,Yes,Yes,Low,60+,2025-12-12 03:03:12
USR000590,Punjab,Patiala,Senior Citizen Welfare,Varishtha Pension Bima Yojana,Yes,Yes,High,18-25,2026-01-14 19:59:44
USR000591,Chhattisgarh,Bastar,Education & Scholarships,Pre Matric Scholarship OBC,Yes,Yes,Middle,26-40,2026-01-17 03:16:10
USR000592,Tamil Nadu,Coimbatore,Women Empowerment & Child Welfare,Mahila Samman Savings Certificate,Yes,Yes,Low,18-25,2026-01-04 21:51:53
USR000593,Jharkhand,Ranchi,Disability Support (Divyang Schemes),Sahyogi Scheme,Yes,No,Middle,60+,2026-01-22 20:19:37
USR000594,Tamil Nadu,Chennai,Senior Citizen Welfare,Elderline Helpline,No,No,High,26-40,2025-09-11 02:55:46
USR000595,Maharashtra,Aurangabad,Women Empowerment & Child Welfare,POSHAN Abhiyaan,No,No,Middle,60+,2025-11-06 23:34:59
USR000596,Assam,Barpeta,Agriculture & Allied Activities,National Horticulture Mission,Yes,No,Middle,41-60,2025-09-08 05:04:59
USR000597,Nagaland,Zunheboto,Health & Public Health,TB Elimination Programme,No,No,High,18-25,2025-08-07 00:55:23
USR000598,Uttar Pradesh,Varanasi,Disability Support (Divyang Schemes),Accessible India Campaign,Yes,Yes,High,26-40,2026-02-26 03:33:57
USR000599,Telangana,Nalgonda,Agriculture & Allied Activities,PM Krishi Sinchai Yojana,No,No,Middle,41-60,2025-11-25 15:43:32
USR000600,Odisha,Balasore,SC/ST/OBC Welfare,Venture Capital Fund SC,Yes,Yes,High,41-60,2025-04-15 07:04:57
USR000601,Chhattisgarh,Rajnandgaon,Education & Scholarships,Vidya Lakshmi Scheme,No,No,Middle,60+,2025-09-15 06:33:03
USR000602,Karnataka,Hubli,SC/ST/OBC Welfare,Credit Enhancement Scheme SC,Yes,Yes,Middle,18-25,2026-01-25 07:06:00
USR000603,Bihar,West Champaran,Health & Public Health,Janani Suraksha Yojana,Yes,Yes,Middle,60+,2025-12-08 18:11:01
USR000604,Karnataka,Mysore,Disability Support (Divyang Schemes),Samarth Scheme,Yes,Yes,Middle,41-60,2025-06-07 09:38:10
USR000605,Assam,Barpeta,Education & Scholarships,National Overseas Scholarship,No,No,Middle,41-60,2025-10-19 08:40:34
USR000606,Telangana,Medchal,Senior Citizen Welfare,Integrated Programme for Older Persons,Yes,Yes,High,41-60,2025-06-10 01:11:13
USR000607,Telangana,Karimnagar,Senior Citizen Welfare,Senior Citizen Savings Scheme,Yes,Yes,Low,41-60,2025-04-02 17:16:18
USR000608,Punjab,Patiala,Senior Citizen Welfare,Indira Gandhi National Old Age Pension,No,No,Low,26-40,2025-10-15 15:51:37
USR000609,Karnataka,Belgaum,SC/ST/OBC Welfare,National Fellowship OBC,Yes,No,Middle,26-40,2025-05-29 14:47:20
USR000610,Telangana,Karimnagar,Health & Public Health,Rashtriya Swasthya Bima Yojana,Yes,No,Middle,26-40,2025-04-03 11:42:06
USR000611,Jharkhand,Dhanbad,Women Empowerment & Child Welfare,POSHAN Abhiyaan,Yes,Yes,Low,26-40,2025-10-15 15:23:56
USR000612,Tamil Nadu,Tiruppur,SC/ST/OBC Welfare,PM DAKSH Scheme,No,No,High,26-40,2025-11-11 12:28:23
USR000613,Rajasthan,Jodhpur,SC/ST/OBC Welfare,Pre Matric Scholarship SC,No,No,High,60+,2025-08-13 00:27:34
USR000614,West Bengal,Darjeeling,SC/ST/OBC Welfare,Free Coaching Scheme SC OBC,Yes,No,Low,26-40,2026-02-16 03:58:20
USR000615,Himachal Pradesh,Shimla,Education & Scholarships,Post Matric Scholarship SC,No,No,Low,26-40,2025-11-02 14:57:38
USR000616,Nagaland,Tuensang,Disability Support (Divyang Schemes),National Trust Niramaya,Yes,No,High,41-60,2025-12-08 17:46:52
USR000617,Uttarakhand,Pithoragarh,SC/ST/OBC Welfare,Pre Matric Scholarship SC,No,No,Low,18-25,2026-01-28 14:02:06
USR000618,Himachal Pradesh,Kinnaur,Women Empowerment & Child Welfare,Mahila Shakti Kendra,Yes,Yes,Middle,41-60,2025-03-05 04:56:43
USR000619,Tripura,Dhalai,Agriculture & Allied Activities,Soil Health Card Scheme,Yes,No,High,18-25,2025-06-30 11:24:38
USR000620,Chhattisgarh,Rajnandgaon,Education & Scholarships,Post Matric Scholarship SC,Yes,Yes,Middle,26-40,2026-02-22 03:37:38
USR000621,Sikkim,South Sikkim,SC/ST/OBC Welfare,PM DAKSH Scheme,No,No,Middle,26-40,2025-07-13 12:24:15
USR000622,Andhra Pradesh,Krishna,Education & Scholarships,PM Research Fellowship,No,No,Middle,18-25,2025-12-12 13:14:02
USR000623,Tripura,Khowai,Education & Scholarships,Post Matric Scholarship SC,No,No,Middle,26-40,2025-05-11 19:46:11
USR000624,Chhattisgarh,Raipur,Health & Public Health,Pradhan Mantri Surakshit Matritva Abhiyan,No,No,Low,41-60,2025-07-31 19:26:02
USR000625,Kerala,Kottayam,Health & Public Health,National Health Mission,No,No,Middle,41-60,2025-07-16 13:48:05
USR000626,Rajasthan,Jodhpur,Senior Citizen Welfare,Atal Pension Yojana,Yes,No,Middle,60+,2026-02-01 12:46:55
USR000627,Uttarakhand,Nainital,SC/ST/OBC Welfare,Credit Enhancement Scheme SC,Yes,Yes,Middle,26-40,2026-01-17 08:49:29
USR000628,Uttar Pradesh,Meerut,Agriculture & Allied Activities,Pradhan Mantri Fasal Bima Yojana,No,No,Low,26-40,2025-05-24 19:43:01
USR000629,Manipur,Bishnupur,Women Empowerment & Child Welfare,Mahila Shakti Kendra,Yes,Yes,Middle,41-60,2025-08-18 11:28:10
USR000630,Manipur,Senapati,Women Empowerment & Child Welfare,Anganwadi Services ICDS,No,No,High,60+,2025-05-06 03:03:47
USR000631,Tamil Nadu,Tiruppur,Agriculture & Allied Activities,PM-KISAN,No,No,Low,26-40,2025-06-01 10:56:11
USR000632,Uttarakhand,Almora,Women Empowerment & Child Welfare,Mahila Shakti Kendra,Yes,Yes,High,60+,2025-03-28 08:53:27
USR000633,Tamil Nadu,Madurai,Disability Support (Divyang Schemes),Sahyogi Scheme,No,No,Middle,26-40,2026-02-02 17:39:57
USR000634,Odisha,Jajpur,Education & Scholarships,Mid Day Meal Scheme,Yes,No,Low,18-25,2025-03-10 23:18:05
USR000635,Tripura,Dhalai,Education & Scholarships,Top Class Education Scheme,No,No,Middle,41-60,2025-05-07 14:52:15
USR000636,Mizoram,Kolasib,Health & Public Health,Mission Indradhanush,Yes,No,Low,41-60,2026-01-18 18:00:32
USR000637,Rajasthan,Barmer,Women Empowerment & Child Welfare,Working Women Hostel Scheme,Yes,Yes,High,60+,2025-03-31 04:17:59
USR000638,Madhya Pradesh,Ujjain,Senior Citizen Welfare,Senior Citizen Savings Scheme,No,No,High,18-25,2025-09-21 01:20:21
USR000639,Bihar,Araria,Agriculture & Allied Activities,PM Kisan Maan Dhan Yojana,Yes,Yes,Low,26-40,2026-02-01 22:16:49
USR000640,Uttarakhand,Nainital,SC/ST/OBC Welfare,Pre Matric Scholarship SC,No,No,Middle,26-40,2025-11-09 01:14:18
USR000641,Mizoram,Lunglei,Disability Support (Divyang Schemes),Vidyasagar Scheme,No,No,Middle,60+,2025-07-03 06:54:34
USR000642,Chhattisgarh,Durg,Education & Scholarships,Mid Day Meal Scheme,No,No,Low,26-40,2026-01-15 21:22:25
USR000643,Punjab,Ferozepur,SC/ST/OBC Welfare,Pre Matric Scholarship SC,Yes,Yes,Low,26-40,2025-11-09 08:24:49
USR000644,Mizoram,Saiha,Education & Scholarships,SHREYAS Scheme,No,No,Middle,18-25,2025-04-01 10:53:06
USR000645,Assam,Nagaon,SC/ST/OBC Welfare,Venture Capital Fund SC,No,No,Middle,26-40,2025-04-07 14:08:48
USR000646,Meghalaya,Jaintia Hills,Education & Scholarships,SHREYAS Scheme,No,No,Middle,60+,2025-11-05 05:30:24
USR000647,Tamil Nadu,Madurai,Health & Public Health,TB Elimination Programme,Yes,Yes,Low,41-60,2025-09-20 21:56:51
USR000648,West Bengal,Kolkata,Senior Citizen Welfare,PM Vaya Vandana Yojana,No,No,Middle,41-60,2026-01-07 18:12:05
USR000649,Karnataka,Mangalore,Education & Scholarships,Pre Matric Scholarship OBC,Yes,Yes,Low,18-25,2025-06-22 15:42:57
USR000650,Punjab,Ferozepur,Senior Citizen Welfare,PM Vaya Vandana Yojana,No,No,Low,26-40,2025-09-10 15:27:40
USR000651,Gujarat,Surat,Health & Public Health,Pradhan Mantri Jan Aushadhi Yojana,Yes,No,Low,41-60,2025-10-23 07:17:51
USR000652,Telangana,Warangal,Agriculture & Allied Activities,National Horticulture Mission,Yes,Yes,Middle,26-40,2026-01-10 07:25:48
USR000653,Rajasthan,Jodhpur,Agriculture & Allied Activities,Soil Health Card Scheme,Yes,Yes,Middle,26-40,2025-05-14 01:39:31
USR000654,Manipur,Imphal West,Agriculture & Allied Activities,Soil Health Card Scheme,No,No,Middle,60+,2025-09-26 17:46:07
USR000655,Mizoram,Kolasib,SC/ST/OBC Welfare,National Fellowship OBC,Yes,Yes,High,60+,2026-02-11 13:41:39
USR000656,Uttarakhand,Almora,Women Empowerment & Child Welfare,One Stop Centre Scheme,No,No,Low,60+,2026-01-01 10:15:52
USR000657,Telangana,Medchal,Senior Citizen Welfare,Senior Citizen Savings Scheme,No,No,Middle,60+,2025-11-23 00:16:27
USR000658,Andhra Pradesh,Nellore,Health & Public Health,Mission Indradhanush,Yes,Yes,High,26-40,2025-09-25 06:28:16
USR000659,Meghalaya,East Khasi Hills,Disability Support (Divyang Schemes),Samarth Scheme,No,No,Low,41-60,2025-11-10 10:25:59
USR000660,Uttarakhand,Haridwar,Education & Scholarships,PM Research Fellowship,Yes,No,High,60+,2025-10-12 06:13:32
USR000661,Mizoram,Mamit,SC/ST/OBC Welfare,Top Class Education SC,Yes,No,Middle,60+,2026-01-24 16:49:16
USR000662,West Bengal,Kolkata,Agriculture & Allied Activities,PM-KISAN,Yes,Yes,High,26-40,2025-07-26 06:00:29
USR000663,Uttarakhand,Dehradun,Education & Scholarships,SHREYAS Scheme,No,No,Middle,26-40,2025-11-16 17:08:39
USR000664,West Bengal,Kolkata,Agriculture & Allied Activities,PM Krishi Sinchai Yojana,No,No,Low,41-60,2025-08-07 02:24:44
USR000665,Tripura,Khowai,SC/ST/OBC Welfare,PM DAKSH Scheme,Yes,Yes,Middle,41-60,2025-04-04 17:57:24
USR000666,Kerala,Thiruvananthapuram,SC/ST/OBC Welfare,Credit Enhancement Scheme SC,Yes,Yes,Middle,41-60,2025-07-14 06:46:33
USR000667,Tamil Nadu,Madurai,SC/ST/OBC Welfare,Pre Matric Scholarship SC,Yes,No,High,60+,2025-11-17 04:37:12
USR000668,Bihar,Araria,Senior Citizen Welfare,Senior Citizen Savings Scheme,Yes,No,Low,41-60,2025-04-11 11:41:31
USR000669,Sikkim,South Sikkim,Health & Public Health,Ayushman Bharat PM-JAY,Yes,Yes,Middle,26-40,2025-10-19 03:31:37
USR000670,Punjab,Patiala,Agriculture & Allied Activities,Agriculture Infrastructure Fund,Yes,Yes,Middle,60+,2025-05-27 18:22:14
USR000671,Odisha,Cuttack,Women Empowerment & Child Welfare,STEP Scheme,Yes,No,High,41-60,2025-06-17 20:59:38
USR000672,Uttar Pradesh,Varanasi,Health & Public Health,Rashtriya Swasthya Bima Yojana,No,No,Middle,60+,2025-12-02 15:26:01
USR000673,Jharkhand,Dumka,Women Empowerment & Child Welfare,Anganwadi Services ICDS,Yes,Yes,Low,41-60,2025-08-13 01:17:50
USR000674,Meghalaya,West Garo Hills,Disability Support (Divyang Schemes),Unique Disability ID UDID,Yes,No,Low,26-40,2025-07-02 10:32:35
USR000675,Uttarakhand,Bageshwar,Education & Scholarships,National Overseas Scholarship,Yes,Yes,Low,41-60,2025-08-25 16:46:37
USR000676,Punjab,Ferozepur,Agriculture & Allied Activities,Paramparagat Krishi Vikas Yojana,Yes,No,Middle,18-25,2025-03-02 07:47:39
USR000677,Manipur,Imphal West,Disability Support (Divyang Schemes),Indira Gandhi Disability Pension,Yes,Yes,Middle,60+,2025-11-07 00:28:09
USR000678,Himachal Pradesh,Lahul,Women Empowerment & Child Welfare,Mahila Shakti Kendra,Yes,Yes,Middle,26-40,2025-08-18 12:56:27
USR000679,Chhattisgarh,Bilaspur,Disability Support (Divyang Schemes),Accessible India Campaign,Yes,Yes,High,41-60,2025-11-22 22:35:13
USR000680,Punjab,Ludhiana,Senior Citizen Welfare,Annapurna Scheme,Yes,Yes,Low,26-40,2025-11-13 11:16:47
USR000681,Rajasthan,Barmer,Disability Support (Divyang Schemes),Vidyasagar Scheme,No,No,Low,26-40,2025-05-14 00:06:51
USR000682,Meghalaya,East Khasi Hills,SC/ST/OBC Welfare,Post Matric Scholarship OBC,Yes,Yes,Low,60+,2025-06-06 20:49:38
USR000683,Uttarakhand,Bageshwar,Women Empowerment & Child Welfare,POSHAN Abhiyaan,Yes,Yes,Low,60+,2025-07-08 02:16:56
USR000684,Uttarakhand,Haridwar,Agriculture & Allied Activities,PM Kisan Maan Dhan Yojana,Yes,Yes,High,41-60,2025-05-24 22:25:16
USR000685,Nagaland,Zunheboto,Agriculture & Allied Activities,Soil Health Card Scheme,Yes,Yes,High,60+,2025-05-19 17:21:20
USR000686,Tamil Nadu,Kancheepuram,Agriculture & Allied Activities,Paramparagat Krishi Vikas Yojana,Yes,Yes,Low,18-25,2025-06-28 06:51:42
USR000687,Punjab,Sangrur,Education & Scholarships,Mid Day Meal Scheme,Yes,Yes,High,60+,2025-12-11 01:40:04
USR000688,Haryana,Karnal,Health & Public Health,eSanjeevani Telemedicine,No,No,High,18-25,2025-05-19 19:56:07
USR000689,Karnataka,Hubli,Women Empowerment & Child Welfare,One Stop Centre Scheme,No,No,Low,41-60,2025-09-17 17:52:50
USR000690,Kerala,Ernakulathappan,Senior Citizen Welfare,Indira Gandhi National Old Age Pension,No,No,Low,26-40,2025-07-06 09:36:09
USR000691,Maharashtra,Aurangabad,Education & Scholarships,Pre Matric Scholarship OBC,No,No,Middle,26-40,2025-10-03 13:59:21
USR000692,Telangana,Warangal,Senior Citizen Welfare,Senior Citizen Savings Scheme,No,No,High,18-25,2025-11-22 03:09:48
USR000693,Assam,Cachar,Women Empowerment & Child Welfare,STEP Scheme,No,No,Low,60+,2026-02-24 04:40:19
USR000694,West Bengal,Murshidabad,Health & Public Health,Janani Suraksha Yojana,Yes,Yes,Middle,60+,2025-08-04 01:24:43
USR000695,Assam,Kamrup,Health & Public Health,National Digital Health Mission,Yes,No,Middle,26-40,2025-06-26 04:32:02
USR000696,West Bengal,Jalpaiguri,Education & Scholarships,Vidya Lakshmi Scheme,Yes,No,Low,26-40,2025-03-11 13:34:25
USR000697,Chhattisgarh,Bastar,Agriculture & Allied Activities,Kisan Credit Card,Yes,Yes,Low,18-25,2025-06-12 01:05:36
USR000698,Manipur,Imphal East,SC/ST/OBC Welfare,National Fellowship SC,Yes,No,Low,26-40,2025-03-15 06:29:16
USR000699,Nagaland,Dimapur,Disability Support (Divyang Schemes),Indira Gandhi Disability Pension,Yes,Yes,Low,26-40,2025-08-28 17:34:05
USR000700,Mizoram,Lunglei,SC/ST/OBC Welfare,National Fellowship SC,Yes,Yes,Middle,18-25,2025-03-11 08:35:19
USR000701,Andhra Pradesh,Kadapa,Education & Scholarships,Mid Day Meal Scheme,Yes,No,High,26-40,2025-05-28 02:44:50
USR000702,Tripura,West Tripura,Women Empowerment & Child Welfare,Beti Bachao Beti Padhao,No,No,High,41-60,2025-09-23 18:10:54
USR000703,Assam,Sonitpur,Women Empowerment & Child Welfare,Mahila Samman Savings Certificate,Yes,Yes,Middle,26-40,2025-07-21 19:08:33
USR000704,Rajasthan,Ajmer,Education & Scholarships,Post Matric Scholarship SC,No,No,High,18-25,2025-12-03 17:41:26
USR000705,Manipur,Senapati,Education & Scholarships,National Overseas Scholarship,No,No,Middle,26-40,2025-09-14 10:51:03
USR000706,Telangana,Medchal,Agriculture & Allied Activities,Agriculture Infrastructure Fund,No,No,Middle,18-25,2025-11-24 02:38:58
USR000707,Maharashtra,Nashik,SC/ST/OBC Welfare,PM DAKSH Scheme,No,No,Middle,18-25,2025-10-06 11:08:27
USR000708,Bihar,East Champaran,Senior Citizen Welfare,Elderline Helpline,Yes,Yes,High,18-25,2025-09-14 00:32:54
USR000709,Mizoram,Lunglei,Agriculture & Allied Activities,PM Kisan Maan Dhan Yojana,Yes,Yes,High,41-60,2025-03-08 14:35:40
USR000710,Kerala,Kottayam,Health & Public Health,National Health Mission,Yes,Yes,High,18-25,2025-05-17 06:39:26
USR000711,Odisha,Cuttack,Disability Support (Divyang Schemes),Accessible India Campaign,Yes,No,Middle,60+,2025-10-24 06:32:48
USR000712,Assam,Kamrup,Disability Support (Divyang Schemes),National Trust Niramaya,Yes,No,Low,26-40,2025-03-28 21:08:51
USR000713,Tripura,Dhalai,Women Empowerment & Child Welfare,STEP Scheme,No,No,Middle,60+,2025-07-17 18:14:03
USR000714,Chhattisgarh,Rajnandgaon,Education & Scholarships,Vidya Lakshmi Scheme,Yes,Yes,Low,26-40,2025-11-25 08:25:01
USR000715,Rajasthan,Jodhpur,Women Empowerment & Child Welfare,Pradhan Mantri Matru Vandana Yojana,No,No,High,18-25,2026-02-21 10:14:26
USR000716,Karnataka,Hubli,Senior Citizen Welfare,Rashtriya Vayoshri Yojana,No,No,High,41-60,2025-10-21 21:20:47
USR000717,Chhattisgarh,Durg,Agriculture & Allied Activities,Soil Health Card Scheme,No,No,High,60+,2025-06-20 16:40:23
USR000718,Maharashtra,Mumbai,Agriculture & Allied Activities,e-NAM,No,No,High,26-40,2025-06-27 20:36:32
USR000719,Odisha,Jajpur,Senior Citizen Welfare,Annapurna Scheme,Yes,No,Low,26-40,2025-07-22 02:22:58
USR000720,Mizoram,Mamit,Agriculture & Allied Activities,e-NAM,Yes,No,Middle,18-25,2025-08-23 15:09:39
USR000721,Odisha,Bargarh,SC/ST/OBC Welfare,Pre Matric Scholarship SC,Yes,Yes,High,26-40,2026-01-08 12:18:49
USR000722,Madhya Pradesh,Indore,Education & Scholarships,National Means Cum Merit Scholarship,Yes,Yes,Middle,18-25,2025-04-23 18:15:30
USR000723,Meghalaya,Jaintia Hills,Women Empowerment & Child Welfare,One Stop Centre Scheme,No,No,Low,41-60,2025-12-21 04:47:05
USR000724,Punjab,Jalandhar,Senior Citizen Welfare,Annapurna Scheme,Yes,Yes,High,60+,2025-12-10 09:25:53
USR000725,Jharkhand,Deoghar,Senior Citizen Welfare,PM Vaya Vandana Yojana,Yes,No,High,26-40,2026-02-24 04:15:15
USR000726,Karnataka,Belgaum,SC/ST/OBC Welfare,Venture Capital Fund SC,Yes,Yes,Middle,41-60,2025-05-28 17:10:56
USR000727,Rajasthan,Ajmer,Women Empowerment & Child Welfare,Beti Bachao Beti Padhao,Yes,Yes,High,18-25,2026-02-19 23:03:45
USR000728,Jharkhand,Giridih,Senior Citizen Welfare,Varishtha Pension Bima Yojana,Yes,No,High,41-60,2025-05-08 18:38:26
USR000729,Nagaland,Wokha,Senior Citizen Welfare,Rashtriya Vayoshri Yojana,Yes,Yes,High,60+,2025-10-23 05:46:48
USR000730,Nagaland,Peren,Disability Support (Divyang Schemes),Deendayal Disabled Rehabilitation Scheme,No,No,High,60+,2025-07-13 10:52:13
USR000731,Madhya Pradesh,Indore,SC/ST/OBC Welfare,Free Coaching Scheme SC OBC,Yes,Yes,Low,26-40,2026-01-21 02:33:06
USR000732,Gujarat,Rajkot,Health & Public Health,National Health Mission,Yes,No,Middle,26-40,2025-06-14 22:19:47
USR000733,Andhra Pradesh,Visakhapatnam,Agriculture & Allied Activities,Kisan Credit Card,No,No,High,41-60,2025-03-31 01:14:51
USR000734,Manipur,Bishnupur,Women Empowerment & Child Welfare,Anganwadi Services ICDS,Yes,No,Low,18-25,2025-07-12 22:20:49
USR000735,Bihar,Muzaffarpur,Senior Citizen Welfare,Indira Gandhi National Old Age Pension,Yes,No,Low,60+,2025-03-10 16:10:32
USR000736,Tamil Nadu,Tiruppur,Agriculture & Allied Activities,PM-KISAN,Yes,Yes,Low,18-25,2026-02-02 03:23:46
USR000737,Kerala,Kannur,Education & Scholarships,Mid Day Meal Scheme,No,No,Low,41-60,2026-01-23 22:25:39
USR000738,Punjab,Patiala,Disability Support (Divyang Schemes),Samarth Scheme,Yes,No,Middle,60+,2025-11-06 08:51:18
USR000739,Jharkhand,Dumka,SC/ST/OBC Welfare,Top Class Education SC,No,No,Middle,41-60,2025-09-25 01:33:14
USR000740,Manipur,Bishnupur,Health & Public Health,Ayushman Bharat PM-JAY,No,No,Middle,18-25,2025-10-29 03:07:48
USR000741,Mizoram,Saiha,Health & Public Health,Mission Indradhanush,No,No,Middle,18-25,2025-05-05 11:48:44
USR000742,Himachal Pradesh,Lahul,Disability Support (Divyang Schemes),Gharaunda Scheme,No,No,Middle,26-40,2025-11-07 14:46:36
USR000743,Andhra Pradesh,Chittoor,Senior Citizen Welfare,Integrated Programme for Older Persons,No,No,Middle,26-40,2026-01-12 11:19:37
USR000744,Maharashtra,Mumbai,Disability Support (Divyang Schemes),Deendayal Disabled Rehabilitation Scheme,Yes,No,Middle,60+,2026-01-19 03:42:05
USR000745,Manipur,Imphal East,SC/ST/OBC Welfare,PM DAKSH Scheme,Yes,No,Low,41-60,2025-07-29 17:56:22
USR000746,Haryana,Ambala,Agriculture & Allied Activities,PM Kisan Maan Dhan Yojana,No,No,Middle,26-40,2026-01-30 04:30:44
USR000747,Sikkim,North Sikkim,SC/ST/OBC Welfare,Venture Capital Fund SC,Yes,Yes,Middle,41-60,2025-12-05 14:51:33
USR000748,Punjab,Ludhiana,Education & Scholarships,Vidya Lakshmi Scheme,Yes,Yes,Middle,26-40,2025-05-02 16:23:32
USR000749,Kerala,Thrissur,Education & Scholarships,Pre Matric Scholarship OBC,Yes,Yes,Low,18-25,2026-01-23 00:37:42
USR000750,Uttarakhand,Almora,Agriculture & Allied Activities,Paramparagat Krishi Vikas Yojana,Yes,Yes,High,60+,2025-12-30 11:10:14
USR000751,Jharkhand,Ranchi,Health & Public Health,Janani Suraksha Yojana,Yes,Yes,Low,26-40,2025-03-25 05:41:40
USR000752,Nagaland,Dimapur,Senior Citizen Welfare,Indira Gandhi National Old Age Pension,Yes,Yes,Middle,60+,2025-05-11 09:35:10
USR000753,Andhra Pradesh,Kadapa,Disability Support (Divyang Schemes),Samarth Scheme,Yes,No,Low,18-25,2025-09-09 08:02:52
USR000754,Kerala,Ernakulathappan,Agriculture & Allied Activities,Kisan Credit Card,No,No,High,60+,2025-12-20 20:09:54
USR000755,Uttar Pradesh,Banaras,Senior Citizen Welfare,Varishtha Pension Bima Yojana,No,No,Middle,41-60,2025-08-23 22:54:00
USR000756,Uttarakhand,Nainital,SC/ST/OBC Welfare,Free Coaching Scheme SC OBC,Yes,Yes,Middle,26-40,2026-02-11 23:16:25
USR000757,Andhra Pradesh,Kadapa,Health & Public Health,eSanjeevani Telemedicine,No,No,Low,18-25,2025-08-25 08:53:08
USR000758,Kerala,Kozhikode,SC/ST/OBC Welfare,Pre Matric Scholarship SC,No,No,High,60+,2025-11-12 12:51:59
USR000759,West Bengal,Murshidabad,Education & Scholarships,National Means Cum Merit Scholarship,Yes,Yes,High,60+,2025-05-29 23:02:20
USR000760,Haryana,Karnal,Disability Support (Divyang Schemes),Unique Disability ID UDID,Yes,Yes,Low,26-40,2026-01-25 13:10:40
USR000761,Assam,Kamrup,Disability Support (Divyang Schemes),Sahyogi Scheme,No,No,Low,41-60,2025-12-21 06:17:21
USR000762,Sikkim,West Sikkim,Health & Public Health,Pradhan Mantri Jan Aushadhi Yojana,No,No,High,18-25,2025-07-14 20:46:57
USR000763,Himachal Pradesh,Kangra,SC/ST/OBC Welfare,National Fellowship SC,No,No,Middle,26-40,2025-06-12 16:19:10
USR000764,Assam,Cachar,SC/ST/OBC Welfare,National Fellowship SC,No,No,High,26-40,2025-11-05 05:41:19
USR000765,Andhra Pradesh,Visakhapatnam,Health & Public Health,Pradhan Mantri Jan Aushadhi Yojana,Yes,Yes,High,60+,2025-11-09 20:18:10
USR000766,Sikkim,East Sikkim,SC/ST/OBC Welfare,NSFDC Loan Schemes,Yes,No,Low,18-25,2026-01-02 19:48:51
USR000767,Kerala,Kozhikode,Disability Support (Divyang Schemes),Unique Disability ID UDID,No,No,Low,26-40,2025-04-05 15:06:39
USR000768,Telangana,Medchal,Health & Public Health,Mission Indradhanush,No,No,Middle,18-25,2025-03-05 11:21:09
USR000769,Karnataka,Mysore,Agriculture & Allied Activities,e-NAM,Yes,Yes,Middle,60+,2025-06-19 02:20:48
USR000770,Sikkim,South Sikkim,Health & Public Health,TB Elimination Programme,Yes,Yes,Low,60+,2025-09-13 20:43:20
USR000771,Madhya Pradesh,Indore,Women Empowerment & Child Welfare,Anganwadi Services ICDS,No,No,High,26-40,2025-09-18 01:07:12
USR000772,Rajasthan,Jaipur,Agriculture & Allied Activities,Kisan Credit Card,Yes,Yes,Middle,41-60,2025-04-12 19:57:12
USR000773,Assam,Nagaon,Agriculture & Allied Activities,Soil Health Card Scheme,No,No,High,26-40,2025-09-20 00:45:44
USR000774,Himachal Pradesh,Solan,SC/ST/OBC Welfare,Venture Capital Fund SC,No,No,High,26-40,2025-10-28 23:46:01
USR000775,Uttarakhand,Pithoragarh,SC/ST/OBC Welfare,National Fellowship SC,No,No,Low,18-25,2025-07-13 17:03:47
USR000776,Maharashtra,Pune,Health & Public Health,TB Elimination Programme,Yes,No,Low,60+,2025-05-02 22:02:03
USR000777,Telangana,Rangareddy,SC/ST/OBC Welfare,PM DAKSH Scheme,No,No,Low,26-40,2026-02-21 11:55:18
USR000778,Maharashtra,Pune,SC/ST/OBC Welfare,National Fellowship OBC,Yes,Yes,Middle,26-40,2026-01-07 14:27:22
USR000779,Punjab,Jalandhar,Women Empowerment & Child Welfare,Working Women Hostel Scheme,Yes,Yes,Middle,18-25,2025-10-19 12:09:11
USR000780,Haryana,Hisar,Women Empowerment & Child Welfare,STEP Scheme,No,No,High,18-25,2025-03-20 01:08:00
USR000781,Punjab,Amritsar,Senior Citizen Welfare,PM Vaya Vandana Yojana,Yes,Yes,Middle,26-40,2025-05-13 15:06:49
USR000782,Kerala,Kottayam,Disability Support (Divyang Schemes),Gharaunda Scheme,Yes,No,Low,26-40,2025-06-14 16:32:22
USR000783,Assam,Barpeta,SC/ST/OBC Welfare,Credit Enhancement Scheme SC,Yes,Yes,High,18-25,2025-03-14 22:08:35
USR000784,Bihar,Madhubani,Women Empowerment & Child Welfare,Pradhan Mantri Matru Vandana Yojana,No,No,High,26-40,2025-07-04 07:33:18
USR000785,Himachal Pradesh,Kangra,SC/ST/OBC Welfare,PM DAKSH Scheme,Yes,No,High,41-60,2026-02-05 07:27:14
USR000786,Karnataka,Belgaum,Women Empowerment & Child Welfare,Ujjawala Scheme,No,No,Low,18-25,2025-08-08 01:40:35
USR000787,Mizoram,Saiha,Education & Scholarships,Post Matric Scholarship SC,Yes,Yes,Middle,60+,2026-01-21 01:14:29
USR000788,Rajasthan,Barmer,Agriculture & Allied Activities,PM Kisan Maan Dhan Yojana,Yes,Yes,Low,18-25,2026-01-04 07:43:37
USR000789,Tripura,West Tripura,Disability Support (Divyang Schemes),Indira Gandhi Disability Pension,No,No,High,41-60,2025-10-23 13:14:18
USR000790,Himachal Pradesh,Mandi,Health & Public Health,TB Elimination Programme,Yes,Yes,High,60+,2025-05-29 23:36:19
USR000791,Meghalaya,East Khasi Hills,Education & Scholarships,National Overseas Scholarship,Yes,Yes,Middle,41-60,2026-02-04 19:31:16
USR000792,Andhra Pradesh,Visakhapatnam,SC/ST/OBC Welfare,National Fellowship SC,Yes,Yes,High,41-60,2025-08-07 04:25:50
USR000793,Punjab,Jalandhar,Disability Support (Divyang Schemes),Gharaunda Scheme,Yes,No,Middle,26-40,2026-01-26 18:45:07
USR000794,Kerala,Kozhikode,Disability Support (Divyang Schemes),Accessible India Campaign,No,No,Middle,18-25,2026-02-19 00:29:47
USR000795,Jharkhand,Ranchi,Senior Citizen Welfare,Indira Gandhi National Old Age Pension,Yes,Yes,Middle,18-25,2025-10-26 00:09:46
USR000796,Telangana,Warangal,Agriculture & Allied Activities,PM Krishi Sinchai Yojana,Yes,Yes,Middle,18-25,2025-06-10 22:05:22
USR000797,Tamil Nadu,Coimbatore,Women Empowerment & Child Welfare,Anganwadi Services ICDS,Yes,No,Middle,60+,2025-04-27 13:43:45
USR000798,Uttar Pradesh,Lucknow,SC/ST/OBC Welfare,Post Matric Scholarship OBC,Yes,Yes,Middle,60+,2025-04-24 11:01:24
USR000799,Telangana,Medchal,Agriculture & Allied Activities,Kisan Credit Card,Yes,Yes,Low,60+,2025-07-06 15:10:53
USR000800,Odisha,Bhubaneswar,SC/ST/OBC Welfare,Post Matric Scholarship OBC,No,No,Low,60+,2025-12-27 03:50:03
USR000801,Uttarakhand,Haridwar,SC/ST/OBC Welfare,National Fellowship SC,Yes,Yes,Low,18-25,2025-11-20 23:08:01
USR000802,Manipur,Senapati,SC/ST/OBC Welfare,Post Matric Scholarship OBC,Yes,Yes,High,60+,2025-05-20 16:15:26
USR000803,Manipur,Ukhrul,Senior Citizen Welfare,Rashtriya Vayoshri Yojana,Yes,No,Low,26-40,2025-11-27 14:49:05
USR000804,Assam,Kamrup,Women Empowerment & Child Welfare,Anganwadi Services ICDS,No,No,Middle,18-25,2025-06-03 15:51:49
USR000805,Gujarat,Junagadh,Agriculture & Allied Activities,e-NAM,No,No,High,41-60,2025-03-21 12:59:39
USR000806,Nagaland,Kohima,Agriculture & Allied Activities,Paramparagat Krishi Vikas Yojana,Yes,No,Low,26-40,2025-07-20 10:15:05
USR000807,Maharashtra,Nagpur,Women Empowerment & Child Welfare,STEP Scheme,Yes,Yes,Middle,26-40,2025-03-27 03:55:33
USR000808,Maharashtra,Pune,Senior Citizen Welfare,Atal Pension Yojana,Yes,Yes,Low,18-25,2025-09-16 22:17:23
USR000809,Jharkhand,Godda,Agriculture & Allied Activities,PM-KISAN,No,No,High,26-40,2025-11-27 17:38:56
USR000810,Punjab,Amritsar,Women Empowerment & Child Welfare,Mahila Samman Savings Certificate,No,No,Low,41-60,2025-08-12 12:50:23
USR000811,Karnataka,Bangalore,Senior Citizen Welfare,Indira Gandhi National Old Age Pension,Yes,Yes,High,60+,2026-02-25 19:45:57
USR000812,Haryana,Rohtak,Health & Public Health,Janani Suraksha Yojana,Yes,No,Middle,18-25,2025-04-21 12:02:12
USR000813,Tripura,Dhalai,SC/ST/OBC Welfare,Free Coaching Scheme SC OBC,Yes,Yes,High,41-60,2025-05-25 14:32:18
USR000814,Assam,Kamrup,Women Empowerment & Child Welfare,Mahila Samman Savings Certificate,Yes,Yes,Middle,41-60,2025-09-30 08:59:27
USR000815,Jharkhand,Dhanbad,Agriculture & Allied Activities,PM-KISAN,No,No,Low,41-60,2025-07-22 18:30:52
USR000816,Himachal Pradesh,Shimla,Agriculture & Allied Activities,National Horticulture Mission,Yes,No,Middle,41-60,2025-05-24 04:16:32
USR000817,Meghalaya,Cima,SC/ST/OBC Welfare,Credit Enhancement Scheme SC,No,No,High,41-60,2025-09-30 10:20:55
USR000818,Rajasthan,Jodhpur,SC/ST/OBC Welfare,Free Coaching Scheme SC OBC,No,No,Low,41-60,2025-10-25 02:37:58
USR000819,Mizoram,Lunglei,Senior Citizen Welfare,National Social Assistance Programme,Yes,No,Middle,41-60,2025-10-22 08:08:16
USR000820,Rajasthan,Jaipur,Health & Public Health,Ayushman Bharat PM-JAY,No,No,High,18-25,2025-08-27 21:43:31
USR000821,Punjab,Jalandhar,Health & Public Health,Rashtriya Swasthya Bima Yojana,No,No,Middle,60+,2025-08-31 07:00:27
USR000822,Bihar,Patna,Education & Scholarships,PM Research Fellowship,No,No,Middle,41-60,2025-09-04 07:24:55
USR000823,Chhattisgarh,Bastar,Senior Citizen Welfare,Elderline Helpline,Yes,No,Middle,26-40,2025-08-10 23:32:27
USR000824,Kerala,Thiruvananthapuram,Disability Support (Divyang Schemes),Sahyogi Scheme,No,No,Low,60+,2025-08-14 01:24:21
USR000825,Bihar,East Champaran,Health & Public Health,TB Elimination Programme,Yes,Yes,Low,41-60,2025-06-21 03:39:04
USR000826,Assam,Nagaon,Women Empowerment & Child Welfare,Beti Bachao Beti Padhao,No,No,High,18-25,2025-12-03 05:48:10
USR000827,Kerala,Thiruvananthapuram,Senior Citizen Welfare,Atal Pension Yojana,Yes,No,High,18-25,2025-11-04 03:18:20
USR000828,Uttarakhand,Pithoragarh,Women Empowerment & Child Welfare,Pradhan Mantri Matru Vandana Yojana,No,No,High,60+,2025-05-02 21:50:59
USR000829,Mizoram,Kolasib,Women Empowerment & Child Welfare,STEP Scheme,Yes,Yes,Low,41-60,2025-06-07 20:45:54
USR000830,Maharashtra,Kolhapur,Agriculture & Allied Activities,Pradhan Mantri Fasal Bima Yojana,Yes,Yes,Low,18-25,2025-04-28 02:17:42
USR000831,Tripura,South Tripura,Senior Citizen Welfare,Rashtriya Vayoshri Yojana,Yes,No,High,18-25,2025-08-23 07:01:48
USR000832,Odisha,Balasore,SC/ST/OBC Welfare,Free Coaching Scheme SC OBC,No,No,Low,60+,2025-09-16 23:57:59
USR000833,Bihar,Patna,SC/ST/OBC Welfare,National Fellowship OBC,Yes,No,Middle,26-40,2025-06-21 16:59:55
USR000834,Andhra Pradesh,Kadapa,Women Empowerment & Child Welfare,Working Women Hostel Scheme,Yes,Yes,Low,60+,2025-03-31 03:41:28
USR000835,Meghalaya,East Garo Hills,Agriculture & Allied Activities,PM Kisan Maan Dhan Yojana,No,No,Low,41-60,2025-03-25 19:38:08
USR000836,Telangana,Rangareddy,Health & Public Health,Ayushman Bharat PM-JAY,No,No,High,18-25,2025-07-31 19:44:08
USR000837,Gujarat,Ahmedabad,Senior Citizen Welfare,Annapurna Scheme,Yes,No,Low,18-25,2026-02-06 05:53:29
USR000838,Maharashtra,Mumbai,Senior Citizen Welfare,PM Vaya Vandana Yojana,No,No,Low,26-40,2026-02-12 19:41:33
USR000839,Tripura,South Tripura,Agriculture & Allied Activities,Soil Health Card Scheme,Yes,No,Low,60+,2026-02-22 18:41:35
USR000840,Nagaland,Tuensang,Disability Support (Divyang Schemes),ADIP Scheme,Yes,Yes,Low,26-40,2025-03-16 05:52:06
USR000841,Tripura,Dhalai,SC/ST/OBC Welfare,PM DAKSH Scheme,Yes,No,Middle,18-25,2026-02-20 13:09:57
USR000842,Bihar,Muzaffarpur,Education & Scholarships,Post Matric Scholarship SC,No,No,High,41-60,2025-12-20 14:39:55
USR000843,Himachal Pradesh,Mandi,Women Empowerment & Child Welfare,Beti Bachao Beti Padhao,Yes,Yes,High,26-40,2026-02-20 21:32:01
USR000844,Chhattisgarh,Bastar,Senior Citizen Welfare,Integrated Programme for Older Persons,No,No,Low,41-60,2025-12-14 07:38:42
USR000845,Manipur,Thoubal,SC/ST/OBC Welfare,NSFDC Loan Schemes,Yes,No,Middle,41-60,2025-11-26 13:41:05
USR000846,Madhya Pradesh,Ujjain,Women Empowerment & Child Welfare,POSHAN Abhiyaan,Yes,Yes,High,26-40,2025-10-31 18:47:46
USR000847,Karnataka,Belgaum,Senior Citizen Welfare,Integrated Programme for Older Persons,No,No,Low,18-25,2025-09-09 06:13:21
USR000848,Manipur,Thoubal,Women Empowerment & Child Welfare,One Stop Centre Scheme,Yes,Yes,Low,26-40,2025-11-06 04:00:57
USR000849,Chhattisgarh,Durg,Senior Citizen Welfare,National Social Assistance Programme,Yes,No,Middle,60+,2025-11-04 09:17:55
USR000850,Gujarat,Surat,Senior Citizen Welfare,Senior Citizen Savings Scheme,No,No,High,18-25,2025-04-16 00:47:56
USR000851,Andhra Pradesh,Krishna,Health & Public Health,Janani Suraksha Yojana,Yes,Yes,Low,60+,2025-10-14 17:03:12
USR000852,Tripura,South Tripura,Disability Support (Divyang Schemes),Gharaunda Scheme,Yes,No,Low,26-40,2025-05-07 10:22:36
USR000853,Karnataka,Tumkur,Education & Scholarships,Vidya Lakshmi Scheme,No,No,Low,41-60,2026-02-22 01:35:21
USR000854,Uttar Pradesh,Kanpur,SC/ST/OBC Welfare,Free Coaching Scheme SC OBC,Yes,Yes,Low,18-25,2025-05-05 09:03:12
USR000855,West Bengal,Jalpaiguri,SC/ST/OBC Welfare,PM DAKSH Scheme,Yes,Yes,High,26-40,2025-10-06 15:35:27
USR000856,West Bengal,Murshidabad,SC/ST/OBC Welfare,National Fellowship OBC,Yes,Yes,Low,18-25,2025-11-18 14:18:21
USR000857,Tamil Nadu,Madurai,Disability Support (Divyang Schemes),National Trust Niramaya,Yes,No,Middle,41-60,2025-03-09 14:41:27
USR000858,Tripura,Khowai,SC/ST/OBC Welfare,NSFDC Loan Schemes,Yes,No,Low,18-25,2025-06-15 23:08:23
USR000859,Uttar Pradesh,Banaras,Education & Scholarships,Top Class Education Scheme,No,No,High,18-25,2025-12-24 00:47:56
USR000860,Andhra Pradesh,Krishna,Agriculture & Allied Activities,PM Kisan Maan Dhan Yojana,Yes,Yes,High,60+,2025-08-05 07:10:42
USR000861,Chhattisgarh,Rajnandgaon,Disability Support (Divyang Schemes),Vidyasagar Scheme,Yes,Yes,High,18-25,2025-09-17 11:54:51
USR000862,Bihar,Araria,SC/ST/OBC Welfare,Credit Enhancement Scheme SC,Yes,Yes,Low,60+,2025-08-11 04:11:27
USR000863,West Bengal,Birbhum,Health & Public Health,Ayushman Bharat PM-JAY,Yes,Yes,High,26-40,2025-05-05 03:48:34
USR000864,Chhattisgarh,Bastar,Women Empowerment & Child Welfare,Ujjawala Scheme,No,No,Low,26-40,2026-01-26 22:20:59
USR000865,Tripura,Khowai,Health & Public Health,Ayushman Bharat PM-JAY,No,No,Middle,26-40,2025-03-28 08:29:12
USR000866,Uttar Pradesh,Varanasi,Disability Support (Divyang Schemes),National Trust Niramaya,Yes,Yes,High,41-60,2026-01-19 15:05:16
USR000867,Meghalaya,West Garo Hills,Senior Citizen Welfare,Rashtriya Vayoshri Yojana,Yes,Yes,High,60+,2025-12-18 13:23:09
USR000868,Telangana,Warangal,Senior Citizen Welfare,Elderline Helpline,No,No,Low,26-40,2026-01-05 13:54:43
USR000869,Odisha,Cuttack,Women Empowerment & Child Welfare,Ujjawala Scheme,No,No,Middle,26-40,2025-10-21 01:42:12
USR000870,Punjab,Ferozepur,Women Empowerment & Child Welfare,POSHAN Abhiyaan,Yes,Yes,High,41-60,2026-02-18 06:45:32
USR000871,Manipur,Thoubal,SC/ST/OBC Welfare,National Fellowship OBC,Yes,No,Low,60+,2025-07-23 06:26:59
USR000872,Himachal Pradesh,Kangra,Health & Public Health,eSanjeevani Telemedicine,No,No,Middle,26-40,2025-11-17 23:17:32
USR000873,Nagaland,Wokha,Agriculture & Allied Activities,Kisan Credit Card,Yes,Yes,Middle,26-40,2025-03-03 04:17:41
USR000874,Assam,Barpeta,Education & Scholarships,Central Sector Scholarship Scheme,No,No,Low,41-60,2025-08-18 01:58:33
USR000875,Tripura,Khowai,Education & Scholarships,National Overseas Scholarship,No,No,Low,60+,2026-01-15 12:36:12
USR000876,Maharashtra,Aurangabad,Education & Scholarships,PM Research Fellowship,Yes,Yes,High,41-60,2025-09-26 15:18:06
USR000877,Maharashtra,Kolhapur,SC/ST/OBC Welfare,Free Coaching Scheme SC OBC,No,No,Middle,26-40,2026-02-08 02:36:06
USR000878,Sikkim,North Sikkim,Agriculture & Allied Activities,Soil Health Card Scheme,Yes,No,Middle,18-25,2025-07-18 15:54:51
USR000879,Karnataka,Bangalore,Senior Citizen Welfare,Rashtriya Vayoshri Yojana,No,No,High,41-60,2025-11-07 16:47:55
USR000880,Bihar,East Champaran,Education & Scholarships,Mid Day Meal Scheme,No,No,High,60+,2025-06-19 08:11:47
USR000881,Madhya Pradesh,Bhopal,Senior Citizen Welfare,Elderline Helpline,Yes,Yes,High,60+,2025-09-21 17:16:54
USR000882,Uttar Pradesh,Agra,Agriculture & Allied Activities,Kisan Credit Card,No,No,Middle,60+,2025-05-17 07:44:35
USR000883,Punjab,Ferozepur,Senior Citizen Welfare,Integrated Programme for Older Persons,Yes,Yes,Low,18-25,2025-10-02 06:03:16
USR000884,Andhra Pradesh,Kadapa,Education & Scholarships,Vidya Lakshmi Scheme,Yes,Yes,High,26-40,2025-06-29 14:43:39
USR000885,Punjab,Ferozepur,Senior Citizen Welfare,Annapurna Scheme,No,No,High,26-40,2025-09-14 06:25:56
USR000886,Bihar,West Champaran,Agriculture & Allied Activities,Paramparagat Krishi Vikas Yojana,Yes,Yes,Low,60+,2025-07-12 07:00:29
USR000887,Telangana,Nalgonda,Women Empowerment & Child Welfare,POSHAN Abhiyaan,No,No,Low,41-60,2025-03-06 01:27:30
USR000888,Himachal Pradesh,Kinnaur,Agriculture & Allied Activities,PM Kisan Maan Dhan Yojana,Yes,Yes,Middle,60+,2025-08-04 08:18:49
USR000889,Assam,Sonitpur,Agriculture & Allied Activities,Soil Health Card Scheme,Yes,No,Low,60+,2025-06-30 13:53:25
USR000890,Manipur,Senapati,Disability Support (Divyang Schemes),Vidyasagar Scheme,Yes,Yes,Low,18-25,2025-05-01 11:56:46
USR000891,Karnataka,Tumkur,Women Empowerment & Child Welfare,One Stop Centre Scheme,No,No,High,60+,2025-11-03 10:39:22
USR000892,Bihar,Patna,Health & Public Health,Janani Suraksha Yojana,Yes,No,Low,41-60,2025-06-30 03:51:06
USR000893,Andhra Pradesh,Krishna,SC/ST/OBC Welfare,Venture Capital Fund SC,Yes,Yes,High,60+,2025-08-19 06:09:40
USR000894,Karnataka,Mangalore,Women Empowerment & Child Welfare,STEP Scheme,Yes,No,Low,18-25,2025-09-25 04:17:10
USR000895,Nagaland,Tuensang,Senior Citizen Welfare,Integrated Programme for Older Persons,Yes,No,Middle,60+,2025-10-16 03:05:36
USR000896,Haryana,Hisar,SC/ST/OBC Welfare,Free Coaching Scheme SC OBC,Yes,No,Low,26-40,2026-01-12 17:56:07
USR000897,Meghalaya,Jaintia Hills,Women Empowerment & Child Welfare,One Stop Centre Scheme,No,No,Low,60+,2025-09-24 10:24:02
USR000898,Karnataka,Belgaum,Women Empowerment & Child Welfare,Beti Bachao Beti Padhao,No,No,High,41-60,2025-05-08 11:14:32
USR000899,Meghalaya,East Garo Hills,Women Empowerment & Child Welfare,Anganwadi Services ICDS,No,No,Low,60+,2026-01-05 12:05:56
USR000900,Mizoram,Champhai,Women Empowerment & Child Welfare,Mahila Samman Savings Certificate,Yes,Yes,Low,18-25,2025-07-11 14:48:02
USR000901,Meghalaya,Cima,Senior Citizen Welfare,Atal Pension Yojana,Yes,Yes,Low,41-60,2025-12-10 21:29:59
USR000902,Nagaland,Kohima,Health & Public Health,Mission Indradhanush,Yes,No,High,41-60,2026-02-27 20:15:26
USR000903,Odisha,Jajpur,Education & Scholarships,Post Matric Scholarship SC,Yes,Yes,High,41-60,2025-05-16 03:27:55
USR000904,West Bengal,Kolkata,SC/ST/OBC Welfare,Venture Capital Fund SC,No,No,Low,26-40,2025-10-29 11:06:06
USR000905,Himachal Pradesh,Mandi,Agriculture & Allied Activities,PM-KISAN,No,No,Middle,26-40,2025-09-28 02:59:26
USR000906,Tripura,South Tripura,SC/ST/OBC Welfare,Post Matric Scholarship OBC,No,No,Low,60+,2025-11-16 07:41:09
USR000907,Himachal Pradesh,Solan,Women Empowerment & Child Welfare,Pradhan Mantri Matru Vandana Yojana,Yes,Yes,Low,41-60,2026-02-12 15:31:33
USR000908,Punjab,Ludhiana,Senior Citizen Welfare,Annapurna Scheme,No,No,Low,18-25,2025-07-26 16:55:46
USR000909,Maharashtra,Mumbai,SC/ST/OBC Welfare,NSFDC Loan Schemes,No,No,Middle,18-25,2025-03-20 06:25:32
USR000910,Manipur,Bishnupur,Health & Public Health,Mission Indradhanush,Yes,No,Low,26-40,2025-10-08 18:54:20
USR000911,Tripura,South Tripura,SC/ST/OBC Welfare,National Fellowship OBC,Yes,No,High,60+,2025-05-16 14:18:47
USR000912,Madhya Pradesh,Sagar,Women Empowerment & Child Welfare,POSHAN Abhiyaan,Yes,Yes,Low,41-60,2025-08-12 08:30:31
USR000913,Andhra Pradesh,Krishna,Women Empowerment & Child Welfare,STEP Scheme,Yes,Yes,High,18-25,2025-12-28 21:32:46
USR000914,Bihar,Araria,Agriculture & Allied Activities,Agriculture Infrastructure Fund,Yes,Yes,High,41-60,2025-12-15 22:36:43
USR000915,Mizoram,Mamit,SC/ST/OBC Welfare,Venture Capital Fund SC,No,No,High,18-25,2026-01-28 13:38:01
USR000916,Bihar,Madhubani,Education & Scholarships,SHREYAS Scheme,No,No,Middle,26-40,2025-03-19 10:20:54
USR000917,Chhattisgarh,Durg,Senior Citizen Welfare,Atal Pension Yojana,Yes,Yes,Low,26-40,2025-03-19 15:13:45
USR000918,Himachal Pradesh,Kinnaur,Education & Scholarships,Post Matric Scholarship SC,Yes,No,High,60+,2025-05-28 02:26:51
USR000919,Jharkhand,Deoghar,SC/ST/OBC Welfare,Free Coaching Scheme SC OBC,Yes,No,Middle,26-40,2025-11-28 13:21:07
USR000920,Haryana,Ambala,Disability Support (Divyang Schemes),Samarth Scheme,Yes,No,High,60+,2025-11-13 22:53:38
USR000921,Andhra Pradesh,Krishna,Agriculture & Allied Activities,e-NAM,No,No,Middle,41-60,2025-07-25 11:57:14
USR000922,Rajasthan,Barmer,Disability Support (Divyang Schemes),National Trust Niramaya,No,No,Low,41-60,2025-10-08 11:32:02
USR000923,Assam,Cachar,Senior Citizen Welfare,Varishtha Pension Bima Yojana,No,No,Low,41-60,2025-03-22 08:12:09
USR000924,Kerala,Ernakulathappan,Health & Public Health,Ayushman Bharat PM-JAY,Yes,No,Low,26-40,2026-01-05 02:47:02
USR000925,Assam,Nagaon,Health & Public Health,Rashtriya Swasthya Bima Yojana,Yes,No,Middle,60+,2025-07-14 21:13:39
USR000926,Manipur,Imphal West,Women Empowerment & Child Welfare,POSHAN Abhiyaan,Yes,Yes,Middle,18-25,2025-09-13 17:10:58
USR000927,Uttarakhand,Almora,Disability Support (Divyang Schemes),Vidyasagar Scheme,Yes,No,High,26-40,2025-04-21 11:02:47
USR000928,Manipur,Thoubal,Senior Citizen Welfare,PM Vaya Vandana Yojana,Yes,Yes,High,41-60,2025-12-02 19:32:28
USR000929,Meghalaya,Cima,Disability Support (Divyang Schemes),ADIP Scheme,Yes,Yes,Middle,41-60,2025-09-18 07:09:08
USR000930,Manipur,Senapati,Education & Scholarships,Top Class Education Scheme,Yes,Yes,High,41-60,2025-10-11 20:27:41
USR000931,Chhattisgarh,Raipur,Women Empowerment & Child Welfare,Anganwadi Services ICDS,No,No,Middle,41-60,2025-05-10 20:12:36
USR000932,Mizoram,Champhai,Agriculture & Allied Activities,Agriculture Infrastructure Fund,No,No,High,41-60,2025-12-30 09:32:53
USR000933,Madhya Pradesh,Jabalpur,Senior Citizen Welfare,PM Vaya Vandana Yojana,No,No,Low,26-40,2025-12-05 17:55:43
USR000934,Andhra Pradesh,Guntur,SC/ST/OBC Welfare,National Fellowship OBC,Yes,Yes,High,18-25,2025-04-13 20:58:50
USR000935,Sikkim,West Sikkim,Disability Support (Divyang Schemes),Accessible India Campaign,Yes,Yes,Middle,41-60,2025-10-17 02:54:06
USR000936,Andhra Pradesh,Krishna,Education & Scholarships,Mid Day Meal Scheme,Yes,Yes,Middle,60+,2025-10-30 07:40:36
USR000937,Rajasthan,Ajmer,Senior Citizen Welfare,Senior Citizen Savings Scheme,Yes,Yes,Low,41-60,2025-12-30 10:14:03
USR000938,Gujarat,Vadodara,Women Empowerment & Child Welfare,POSHAN Abhiyaan,Yes,No,High,18-25,2025-04-17 05:45:46
USR000939,Meghalaya,Cima,SC/ST/OBC Welfare,Free Coaching Scheme SC OBC,No,No,Middle,60+,2025-04-05 01:06:21
USR000940,Nagaland,Peren,SC/ST/OBC Welfare,Free Coaching Scheme SC OBC,Yes,Yes,High,26-40,2025-07-05 20:03:52
USR000941,Maharashtra,Aurangabad,Disability Support (Divyang Schemes),Vidyasagar Scheme,No,No,Low,41-60,2025-11-19 21:11:35
USR000942,Tripura,Khowai,Women Empowerment & Child Welfare,Mahila Samman Savings Certificate,Yes,No,High,41-60,2025-11-20 13:41:13
USR000943,Odisha,Bhubaneswar,Education & Scholarships,Pre Matric Scholarship OBC,Yes,Yes,High,18-25,2025-03-04 01:29:25
USR000944,Karnataka,Tumkur,Education & Scholarships,Top Class Education Scheme,No,No,Low,60+,2025-09-09 12:59:06
USR000945,Tripura,Dhalai,Education & Scholarships,SHREYAS Scheme,Yes,Yes,Middle,18-25,2025-09-20 22:48:19
USR000946,Odisha,Balasore,Senior Citizen Welfare,Elderline Helpline,Yes,Yes,Low,60+,2025-03-11 11:51:13
USR000947,Himachal Pradesh,Lahul,Agriculture & Allied Activities,PM Krishi Sinchai Yojana,Yes,Yes,Middle,26-40,2025-11-29 13:45:31
USR000948,Madhya Pradesh,Sagar,Health & Public Health,Mission Indradhanush,Yes,Yes,High,18-25,2026-01-09 01:16:31
USR000949,Telangana,Nalgonda,Health & Public Health,Pradhan Mantri Surakshit Matritva Abhiyan,No,No,High,41-60,2025-12-28 11:02:57
USR000950,Tripura,Dhalai,Agriculture & Allied Activities,Kisan Credit Card,Yes,Yes,High,26-40,2026-01-08 17:31:52
USR000951,Nagaland,Kohima,Women Empowerment & Child Welfare,POSHAN Abhiyaan,No,No,High,26-40,2025-08-23 18:29:39
USR000952,Tamil Nadu,Madurai,Education & Scholarships,SHREYAS Scheme,Yes,Yes,High,26-40,2025-10-18 02:22:17
USR000953,Assam,Sonitpur,Education & Scholarships,Mid Day Meal Scheme,Yes,No,Low,60+,2025-06-28 11:23:25
USR000954,Andhra Pradesh,Visakhapatnam,Disability Support (Divyang Schemes),National Trust Niramaya,Yes,Yes,Low,60+,2025-08-25 16:53:48
USR000955,Chhattisgarh,Bilaspur,SC/ST/OBC Welfare,Credit Enhancement Scheme SC,No,No,Low,60+,2025-08-25 01:37:15
USR000956,Manipur,Imphal West,Senior Citizen Welfare,Elderline Helpline,Yes,No,Low,60+,2026-02-17 11:21:53
USR000957,Kerala,Kottayam,Education & Scholarships,SHREYAS Scheme,Yes,No,Middle,26-40,2025-09-22 17:54:23
USR000958,Uttar Pradesh,Lucknow,Women Empowerment & Child Welfare,Anganwadi Services ICDS,Yes,Yes,Middle,60+,2025-10-09 18:48:08
USR000959,Himachal Pradesh,Mandi,Agriculture & Allied Activities,National Horticulture Mission,Yes,Yes,Middle,18-25,2026-01-23 21:28:58
USR000960,Bihar,West Champaran,Agriculture & Allied Activities,Soil Health Card Scheme,No,No,High,60+,2025-09-12 18:37:23
USR000961,Uttar Pradesh,Meerut,Education & Scholarships,Pre Matric Scholarship OBC,Yes,Yes,High,60+,2025-08-10 06:42:13
USR000962,Kerala,Kottayam,SC/ST/OBC Welfare,Post Matric Scholarship OBC,No,No,High,60+,2025-05-26 05:11:11
USR000963,Assam,Kamrup,Health & Public Health,eSanjeevani Telemedicine,No,No,High,41-60,2026-02-21 08:29:18
USR000964,Tripura,Khowai,SC/ST/OBC Welfare,Top Class Education SC,Yes,No,High,41-60,2025-11-10 12:43:36
USR000965,Rajasthan,Bikaner,Disability Support (Divyang Schemes),Gharaunda Scheme,Yes,Yes,Middle,41-60,2025-10-31 07:54:02
USR000966,Rajasthan,Jodhpur,Education & Scholarships,Top Class Education Scheme,Yes,Yes,Low,41-60,2025-04-22 16:47:34
USR000967,Punjab,Ferozepur,Health & Public Health,eSanjeevani Telemedicine,Yes,Yes,Middle,18-25,2025-09-15 20:09:21
USR000968,Jharkhand,Dumka,Education & Scholarships,Post Matric Scholarship SC,No,No,Middle,41-60,2026-01-24 15:58:12
USR000969,Nagaland,Tuensang,Health & Public Health,National Health Mission,Yes,Yes,Middle,60+,2025-05-22 00:15:48
USR000970,West Bengal,Darjeeling,Senior Citizen Welfare,PM Vaya Vandana Yojana,Yes,Yes,High,18-25,2025-05-06 21:48:02
USR000971,Madhya Pradesh,Sagar,Agriculture & Allied Activities,PM Krishi Sinchai Yojana,No,No,Low,18-25,2025-04-22 01:12:55
USR000972,Gujarat,Rajkot,Health & Public Health,Rashtriya Swasthya Bima Yojana,Yes,Yes,Low,41-60,2025-09-20 12:28:13
USR000973,Punjab,Ferozepur,Women Empowerment & Child Welfare,STEP Scheme,Yes,No,Middle,60+,2025-07-06 20:44:23
USR000974,Madhya Pradesh,Gwalior,Women Empowerment & Child Welfare,Mahila Shakti Kendra,Yes,Yes,High,26-40,2025-10-08 02:26:05
USR000975,West Bengal,Howrah,Senior Citizen Welfare,Integrated Programme for Older Persons,No,No,High,26-40,2026-02-06 13:40:11
USR000976,Karnataka,Tumkur,Health & Public Health,National Health Mission,No,No,High,18-25,2025-04-19 23:23:51
USR000977,Nagaland,Kohima,Health & Public Health,Pradhan Mantri Surakshit Matritva Abhiyan,No,No,Middle,18-25,2025-09-11 01:01:53
USR000978,West Bengal,Jalpaiguri,Education & Scholarships,Mid Day Meal Scheme,Yes,Yes,Low,26-40,2025-08-09 10:10:22
USR000979,Kerala,Kottayam,Senior Citizen Welfare,Indira Gandhi National Old Age Pension,Yes,No,Low,18-25,2025-08-26 17:57:21
USR000980,Punjab,Ferozepur,Women Empowerment & Child Welfare,Anganwadi Services ICDS,Yes,Yes,Middle,60+,2025-11-25 04:01:19
USR000981,Madhya Pradesh,Bhopal,Women Empowerment & Child Welfare,Working Women Hostel Scheme,Yes,No,Low,60+,2025-03-14 07:02:52
USR000982,Gujarat,Junagadh,Senior Citizen Welfare,Rashtriya Vayoshri Yojana,Yes,Yes,High,26-40,2025-08-11 07:15:03
USR000983,Gujarat,Ahmedabad,Senior Citizen Welfare,Indira Gandhi National Old Age Pension,Yes,Yes,High,41-60,2025-08-23 08:10:27
USR000984,Tripura,West Tripura,Women Empowerment & Child Welfare,One Stop Centre Scheme,Yes,Yes,High,60+,2025-03-20 14:38:04
USR000985,Haryana,Gurgaon,Health & Public Health,Ayushman Bharat PM-JAY,Yes,Yes,High,41-60,2025-11-01 01:07:57
USR000986,Himachal Pradesh,Mandi,Senior Citizen Welfare,Annapurna Scheme,Yes,No,High,41-60,2025-08-29 19:29:08
USR000987,Andhra Pradesh,Guntur,Health & Public Health,Rashtriya Swasthya Bima Yojana,Yes,No,Low,60+,2025-06-03 23:58:48
USR000988,Nagaland,Dimapur,Disability Support (Divyang Schemes),Deendayal Disabled Rehabilitation Scheme,No,No,Middle,26-40,2025-05-30 04:13:22
USR000989,Odisha,Bargarh,Women Empowerment & Child Welfare,Mahila Shakti Kendra,Yes,No,Middle,26-40,2025-07-03 15:11:32
USR000990,Bihar,Patna,Women Empowerment & Child Welfare,Anganwadi Services ICDS,No,No,High,60+,2025-04-22 00:07:43
USR000991,Mizoram,Mamit,Senior Citizen Welfare,PM Vaya Vandana Yojana,No,No,Middle,60+,2025-10-17 23:40:09
USR000992,Nagaland,Peren,Senior Citizen Welfare,Atal Pension Yojana,Yes,Yes,Low,60+,2025-12-30 10:25:50
USR000993,Rajasthan,Ajmer,Disability Support (Divyang Schemes),Indira Gandhi Disability Pension,Yes,Yes,Low,26-40,2025-12-22 15:07:52
USR000994,Rajasthan,Ajmer,Health & Public Health,National Digital Health Mission,Yes,Yes,High,60+,2025-06-27 22:03:59
USR000995,Odisha,Balasore,SC/ST/OBC Welfare,Free Coaching Scheme SC OBC,Yes,Yes,High,26-40,2025-12-14 03:34:06
USR000996,Punjab,Ferozepur,Agriculture & Allied Activities,PM-KISAN,No,No,Low,26-40,2025-08-29 09:41:50
USR000997,Uttarakhand,Dehradun,Agriculture & Allied Activities,e-NAM,No,No,Middle,26-40,2025-10-31 08:00:53
USR000998,Kerala,Thrissur,Education & Scholarships,National Overseas Scholarship,Yes,No,High,26-40,2025-11-21 18:45:29
USR000999,Himachal Pradesh,Lahul,Agriculture & Allied Activities,Pradhan Mantri Fasal Bima Yojana,No,No,Low,60+,2025-04-22 02:43:42
USR001000,Rajasthan,Ajmer,Senior Citizen Welfare,Elderline Helpline,No,No,Middle,18-25,2025-07-05 00:17:22
USR001001,Jharkhand,Deoghar,Education & Scholarships,National Means Cum Merit Scholarship,No,No,Low,26-40,2025-05-10 19:18:09
USR001002,Uttar Pradesh,Kanpur,Health & Public Health,Rashtriya Swasthya Bima Yojana,No,No,Middle,41-60,2026-02-04 05:22:18
USR001003,Gujarat,Ahmedabad,Women Empowerment & Child Welfare,Working Women Hostel Scheme,Yes,Yes,High,18-25,2025-07-12 18:18:47
USR001004,Rajasthan,Jodhpur,Senior Citizen Welfare,Annapurna Scheme,No,No,Low,26-40,2025-03-04 04:44:04
USR001005,Karnataka,Bangalore,SC/ST/OBC Welfare,PM DAKSH Scheme,Yes,No,High,41-60,2025-12-05 12:32:42
USR001006,Madhya Pradesh,Gwalior,SC/ST/OBC Welfare,Venture Capital Fund SC,No,No,Low,26-40,2025-11-28 18:03:33
USR001007,Manipur,Thoubal,Health & Public Health,eSanjeevani Telemedicine,Yes,No,Low,41-60,2025-07-19 14:49:30
USR001008,Odisha,Jajpur,SC/ST/OBC Welfare,NSFDC Loan Schemes,Yes,No,Low,41-60,2025-12-06 11:51:56
USR001009,Tamil Nadu,Madurai,Disability Support (Divyang Schemes),Gharaunda Scheme,Yes,No,Middle,41-60,2026-01-25 01:39:53
USR001010,Chhattisgarh,Raipur,Disability Support (Divyang Schemes),Vidyasagar Scheme,No,No,Middle,18-25,2026-02-10 12:01:47
USR001011,Haryana,Faridabad,SC/ST/OBC Welfare,Free Coaching Scheme SC OBC,No,No,Low,26-40,2025-08-02 13:34:49
USR001012,Kerala,Thiruvananthapuram,Health & Public Health,Janani Suraksha Yojana,No,No,Low,26-40,2025-07-18 09:56:03
USR001013,Tamil Nadu,Chennai,Disability Support (Divyang Schemes),Indira Gandhi Disability Pension,Yes,No,High,26-40,2026-02-10 09:04:23
USR001014,Maharashtra,Nagpur,Agriculture & Allied Activities,Soil Health Card Scheme,Yes,Yes,Middle,60+,2025-04-26 15:23:03
USR001015,Uttarakhand,Bageshwar,SC/ST/OBC Welfare,Pre Matric Scholarship SC,Yes,Yes,High,26-40,2025-07-24 16:52:05
USR001016,Uttarakhand,Haridwar,Women Empowerment & Child Welfare,Pradhan Mantri Matru Vandana Yojana,Yes,No,Low,26-40,2025-05-18 16:45:30
USR001017,Jharkhand,Godda,Health & Public Health,Pradhan Mantri Jan Aushadhi Yojana,Yes,No,High,26-40,2025-09-25 03:12:25
USR001018,Madhya Pradesh,Sagar,Women Empowerment & Child Welfare,Anganwadi Services ICDS,No,No,Middle,41-60,2025-11-27 07:26:55
USR001019,Himachal Pradesh,Mandi,Health & Public Health,National Health Mission,Yes,Yes,Middle,26-40,2025-07-30 03:37:49
USR001020,Odisha,Bhubaneswar,Women Empowerment & Child Welfare,STEP Scheme,Yes,Yes,Middle,60+,2025-07-23 04:19:57
USR001021,Kerala,Kottayam,SC/ST/OBC Welfare,Credit Enhancement Scheme SC,No,No,Low,60+,2025-07-18 07:25:40
USR001022,Karnataka,Hubli,Senior Citizen Welfare,Integrated Programme for Older Persons,No,No,Middle,18-25,2026-02-17 06:02:06
USR001023,Chhattisgarh,Bilaspur,Agriculture & Allied Activities,Soil Health Card Scheme,No,No,Low,60+,2025-07-15 10:19:38
USR001024,Tripura,South Tripura,Disability Support (Divyang Schemes),Deendayal Disabled Rehabilitation Scheme,Yes,Yes,High,41-60,2025-09-27 09:13:21
USR001025,Jharkhand,Giridih,SC/ST/OBC Welfare,Credit Enhancement Scheme SC,Yes,Yes,High,26-40,2025-04-01 04:16:16
USR001026,Maharashtra,Nashik,Health & Public Health,Ayushman Bharat PM-JAY,No,No,Low,26-40,2025-06-16 07:41:21
USR001027,Assam,Barpeta,SC/ST/OBC Welfare,Post Matric Scholarship OBC,Yes,Yes,Low,18-25,2025-09-26 02:47:01
USR001028,Haryana,Hisar,Health & Public Health,Mission Indradhanush,Yes,Yes,High,41-60,2025-05-21 12:43:01
USR001029,Karnataka,Tumkur,SC/ST/OBC Welfare,NSFDC Loan Schemes,Yes,Yes,Low,41-60,2025-06-02 02:43:05
USR001030,Tripura,Khowai,Agriculture & Allied Activities,Kisan Credit Card,Yes,Yes,High,26-40,2025-06-17 18:33:26
USR001031,Mizoram,Champhai,Disability Support (Divyang Schemes),National Trust Niramaya,Yes,Yes,Middle,18-25,2025-06-07 22:48:57
USR001032,Kerala,Kozhikode,Health & Public Health,Pradhan Mantri Jan Aushadhi Yojana,Yes,No,Low,60+,2025-04-19 20:10:26
USR001033,Tamil Nadu,Coimbatore,Education & Scholarships,National Means Cum Merit Scholarship,Yes,Yes,High,41-60,2026-02-10 10:40:11
USR001034,Meghalaya,West Garo Hills,Agriculture & Allied Activities,PM Krishi Sinchai Yojana,Yes,Yes,Low,26-40,2026-01-18 23:04:59
USR001035,Haryana,Karnal,SC/ST/OBC Welfare,Post Matric Scholarship OBC,No,No,Middle,26-40,2025-03-10 02:34:36
USR001036,Gujarat,Surat,SC/ST/OBC Welfare,Top Class Education SC,Yes,Yes,High,18-25,2026-01-29 09:26:47
USR001037,Andhra Pradesh,Nellore,Women Empowerment & Child Welfare,Ujjawala Scheme,Yes,Yes,Low,41-60,2025-07-07 22:07:41
USR001038,Karnataka,Mysore,Agriculture & Allied Activities,PM Kisan Maan Dhan Yojana,Yes,Yes,Middle,18-25,2025-07-11 12:40:44
USR001039,Tamil Nadu,Madurai,Health & Public Health,Mission Indradhanush,Yes,Yes,Middle,26-40,2025-08-28 16:57:41
USR001040,Kerala,Ernakulathappan,SC/ST/OBC Welfare,Top Class Education SC,No,No,Low,26-40,2025-08-31 19:04:25
USR001041,Telangana,Medchal,Health & Public Health,TB Elimination Programme,No,No,Low,18-25,2025-09-20 15:34:10
USR001042,Madhya Pradesh,Bhopal,Women Empowerment & Child Welfare,Mahila Shakti Kendra,Yes,Yes,Middle,26-40,2025-03-12 06:29:45
USR001043,Haryana,Rohtak,Women Empowerment & Child Welfare,Working Women Hostel Scheme,Yes,Yes,Middle,26-40,2025-04-21 16:09:45
USR001044,Himachal Pradesh,Solan,Senior Citizen Welfare,PM Vaya Vandana Yojana,No,No,Low,41-60,2025-05-19 05:07:44
USR001045,Haryana,Rohtak,Disability Support (Divyang Schemes),Sahyogi Scheme,Yes,Yes,Low,26-40,2025-11-28 16:31:16
USR001046,Jharkhand,Giridih,Women Empowerment & Child Welfare,One Stop Centre Scheme,No,No,Middle,18-25,2025-05-28 08:52:29
USR001047,West Bengal,Birbhum,Education & Scholarships,PM Research Fellowship,Yes,No,High,26-40,2025-03-28 03:30:11
USR001048,Assam,Morigaon,SC/ST/OBC Welfare,National Fellowship OBC,No,No,Low,18-25,2025-03-22 16:58:29
USR001049,Sikkim,East Sikkim,Health & Public Health,Pradhan Mantri Surakshit Matritva Abhiyan,Yes,No,Middle,41-60,2025-10-01 08:26:13
USR001050,Kerala,Kannur,Senior Citizen Welfare,Integrated Programme for Older Persons,No,No,Middle,60+,2025-11-08 15:45:40
USR001051,Himachal Pradesh,Kangra,Women Empowerment & Child Welfare,Pradhan Mantri Matru Vandana Yojana,No,No,High,26-40,2025-04-09 20:15:30
USR001052,Jharkhand,Giridih,Health & Public Health,Ayushman Bharat PM-JAY,Yes,Yes,Middle,60+,2025-11-22 04:20:31
USR001053,West Bengal,Kolkata,SC/ST/OBC Welfare,Venture Capital Fund SC,Yes,No,Middle,60+,2025-07-15 04:24:02
USR001054,Chhattisgarh,Rajnandgaon,Education & Scholarships,Central Sector Scholarship Scheme,Yes,Yes,High,18-25,2025-07-07 00:54:27
USR001055,Uttar Pradesh,Kanpur,SC/ST/OBC Welfare,Post Matric Scholarship OBC,No,No,Middle,26-40,2026-01-06 02:09:19
USR001056,Tamil Nadu,Chennai,Education & Scholarships,National Overseas Scholarship,Yes,Yes,High,26-40,2026-02-16 23:57:18
USR001057,Rajasthan,Barmer,Women Empowerment & Child Welfare,Pradhan Mantri Matru Vandana Yojana,No,No,Low,41-60,2026-01-24 21:55:50
USR001058,Himachal Pradesh,Solan,Women Empowerment & Child Welfare,One Stop Centre Scheme,Yes,No,Middle,60+,2025-05-07 03:02:24
USR001059,Uttarakhand,Nainital,Disability Support (Divyang Schemes),Sahyogi Scheme,Yes,Yes,High,41-60,2025-10-12 12:48:47
USR001060,Mizoram,Aizawl,Disability Support (Divyang Schemes),Vidyasagar Scheme,No,No,Middle,26-40,2025-10-30 18:17:58
USR001061,Manipur,Senapati,Health & Public Health,TB Elimination Programme,Yes,Yes,High,41-60,2025-07-01 22:13:43
USR001062,Chhattisgarh,Bastar,Education & Scholarships,Central Sector Scholarship Scheme,Yes,No,Middle,18-25,2025-05-08 21:57:27
USR001063,Mizoram,Lunglei,Women Empowerment & Child Welfare,Beti Bachao Beti Padhao,Yes,Yes,High,26-40,2025-06-29 18:36:55
USR001064,Sikkim,South Sikkim,Agriculture & Allied Activities,National Horticulture Mission,Yes,Yes,Low,60+,2025-09-26 18:04:29
USR001065,Manipur,Thoubal,Health & Public Health,Pradhan Mantri Jan Aushadhi Yojana,No,No,High,26-40,2025-11-01 10:23:24
USR001066,Nagaland,Wokha,Agriculture & Allied Activities,Paramparagat Krishi Vikas Yojana,Yes,No,High,41-60,2025-11-06 21:49:30
USR001067,Karnataka,Mysore,SC/ST/OBC Welfare,Pre Matric Scholarship SC,No,No,Middle,60+,2025-08-22 19:40:12
USR001068,Manipur,Imphal East,Agriculture & Allied Activities,e-NAM,Yes,Yes,Middle,41-60,2025-03-04 11:00:52
USR001069,Maharashtra,Kolhapur,Education & Scholarships,National Means Cum Merit Scholarship,Yes,Yes,High,41-60,2025-03-16 08:12:49
USR001070,Haryana,Faridabad,SC/ST/OBC Welfare,Post Matric Scholarship OBC,No,No,High,41-60,2025-05-30 14:44:38
USR001071,Kerala,Thrissur,Senior Citizen Welfare,Senior Citizen Savings Scheme,No,No,Low,26-40,2025-05-09 20:51:34
USR001072,Assam,Cachar,Agriculture & Allied Activities,PM Krishi Sinchai Yojana,Yes,No,Low,18-25,2025-04-09 12:32:58
USR001073,Meghalaya,West Khasi Hills,SC/ST/OBC Welfare,NSFDC Loan Schemes,No,No,High,18-25,2025-05-09 11:26:36
USR001074,Andhra Pradesh,Guntur,SC/ST/OBC Welfare,National Fellowship SC,Yes,Yes,Middle,18-25,2025-08-30 06:58:56
USR001075,Bihar,Patna,Senior Citizen Welfare,Annapurna Scheme,Yes,No,Middle,60+,2025-03-25 05:13:44
USR001076,Chhattisgarh,Bilaspur,Agriculture & Allied Activities,e-NAM,No,No,Low,41-60,2025-08-03 19:39:17
USR001077,Bihar,West Champaran,Women Empowerment & Child Welfare,POSHAN Abhiyaan,Yes,Yes,Middle,41-60,2025-12-21 05:18:43
USR001078,Andhra Pradesh,Guntur,SC/ST/OBC Welfare,Credit Enhancement Scheme SC,Yes,Yes,Middle,60+,2025-08-18 04:55:39
USR001079,Tamil Nadu,Chennai,Agriculture & Allied Activities,PM Kisan Maan Dhan Yojana,No,No,High,41-60,2025-05-29 04:21:26
USR001080,Uttarakhand,Almora,Disability Support (Divyang Schemes),Vidyasagar Scheme,No,No,High,41-60,2026-01-02 12:05:14
USR001081,Meghalaya,West Garo Hills,SC/ST/OBC Welfare,National Fellowship SC,Yes,No,Low,26-40,2025-09-09 00:24:27
USR001082,Madhya Pradesh,Ujjain,Health & Public Health,Ayushman Bharat PM-JAY,Yes,No,Middle,41-60,2025-09-05 08:20:06
USR001083,Gujarat,Rajkot,Disability Support (Divyang Schemes),Indira Gandhi Disability Pension,Yes,Yes,Middle,26-40,2025-07-21 00:55:01
USR001084,Himachal Pradesh,Kinnaur,Women Empowerment & Child Welfare,One Stop Centre Scheme,Yes,No,Middle,18-25,2025-03-22 04:36:54
USR001085,Tripura,West Tripura,Agriculture & Allied Activities,Agriculture Infrastructure Fund,Yes,Yes,Middle,60+,2025-08-30 20:20:16
USR001086,Jharkhand,Dhanbad,Women Empowerment & Child Welfare,Ujjawala Scheme,Yes,Yes,Middle,18-25,2025-12-28 16:41:19
USR001087,Gujarat,Surat,Disability Support (Divyang Schemes),National Trust Niramaya,Yes,Yes,High,26-40,2025-11-02 11:30:22
USR001088,Jharkhand,Ranchi,Education & Scholarships,National Means Cum Merit Scholarship,Yes,Yes,Low,60+,2025-07-17 20:36:15
USR001089,Bihar,Madhubani,SC/ST/OBC Welfare,PM DAKSH Scheme,Yes,Yes,High,60+,2025-05-13 12:13:32
USR001090,Odisha,Cuttack,SC/ST/OBC Welfare,Post Matric Scholarship OBC,No,No,High,60+,2025-11-23 08:27:41
USR001091,Meghalaya,Jaintia Hills,Senior Citizen Welfare,Atal Pension Yojana,No,No,Low,26-40,2025-05-28 12:34:46
USR001092,Nagaland,Peren,Agriculture & Allied Activities,PM Kisan Maan Dhan Yojana,No,No,Low,60+,2025-08-08 05:32:41
USR001093,West Bengal,Howrah,Agriculture & Allied Activities,e-NAM,Yes,Yes,Middle,26-40,2026-02-01 18:46:58
USR001094,Odisha,Cuttack,SC/ST/OBC Welfare,Top Class Education SC,Yes,Yes,Middle,26-40,2025-05-26 22:02:04
USR001095,Meghalaya,West Garo Hills,Disability Support (Divyang Schemes),National Trust Niramaya,No,No,Low,18-25,2025-08-15 05:31:15
USR001096,Uttarakhand,Nainital,Health & Public Health,National Digital Health Mission,Yes,Yes,Middle,18-25,2025-06-06 15:16:32
USR001097,Madhya Pradesh,Gwalior,Senior Citizen Welfare,Varishtha Pension Bima Yojana,Yes,No,Low,18-25,2025-08-05 08:22:54
USR001098,Himachal Pradesh,Kinnaur,SC/ST/OBC Welfare,Credit Enhancement Scheme SC,No,No,High,26-40,2025-10-12 09:30:59
USR001099,Tripura,Khowai,Agriculture & Allied Activities,National Horticulture Mission,No,No,Low,26-40,2025-03-14 18:54:49
USR001100,Uttar Pradesh,Varanasi,SC/ST/OBC Welfare,Pre Matric Scholarship SC,Yes,Yes,Low,18-25,2025-04-12 15:40:17
USR001101,Maharashtra,Nagpur,Disability Support (Divyang Schemes),Sahyogi Scheme,Yes,Yes,Middle,26-40,2026-01-20 04:29:32
USR001102,Madhya Pradesh,Bhopal,Disability Support (Divyang Schemes),Unique Disability ID UDID,No,No,High,60+,2025-04-15 15:09:39
USR001103,Gujarat,Junagadh,Education & Scholarships,Post Matric Scholarship SC,No,No,Low,18-25,2025-07-06 05:19:49
USR001104,Uttarakhand,Pithoragarh,Senior Citizen Welfare,Annapurna Scheme,No,No,Middle,41-60,2025-05-28 04:12:08
USR001105,Sikkim,North Sikkim,Agriculture & Allied Activities,Paramparagat Krishi Vikas Yojana,No,No,Middle,26-40,2026-02-15 22:23:34
USR001106,Uttarakhand,Haridwar,Education & Scholarships,Vidya Lakshmi Scheme,Yes,Yes,High,60+,2025-09-28 05:12:54
USR001107,Manipur,Thoubal,Disability Support (Divyang Schemes),Samarth Scheme,Yes,Yes,High,41-60,2025-03-09 08:03:59
USR001108,Meghalaya,East Khasi Hills,SC/ST/OBC Welfare,Post Matric Scholarship OBC,No,No,Middle,41-60,2025-04-19 18:33:58
USR001109,Chhattisgarh,Durg,Health & Public Health,National Digital Health Mission,No,No,Low,26-40,2025-11-06 15:46:50
USR001110,Tamil Nadu,Madurai,Agriculture & Allied Activities,PM-KISAN,Yes,Yes,Middle,18-25,2025-12-11 11:00:21
USR001111,Tripura,Dhalai,Senior Citizen Welfare,Rashtriya Vayoshri Yojana,Yes,Yes,High,26-40,2025-05-16 19:39:59
USR001112,Meghalaya,Jaintia Hills,Women Empowerment & Child Welfare,Anganwadi Services ICDS,No,No,Middle,41-60,2025-12-24 13:26:46
USR001113,Jharkhand,Godda,Agriculture & Allied Activities,PM-KISAN,Yes,No,Middle,60+,2025-07-31 13:49:00
USR001114,Odisha,Bargarh,Health & Public Health,eSanjeevani Telemedicine,Yes,Yes,Middle,18-25,2025-03-12 23:40:36
USR001115,Rajasthan,Jaipur,Women Empowerment & Child Welfare,Beti Bachao Beti Padhao,No,No,High,26-40,2025-12-31 11:20:18
USR001116,Mizoram,Kolasib,Education & Scholarships,PM Research Fellowship,No,No,Middle,41-60,2026-02-05 23:47:15
USR001117,Meghalaya,East Garo Hills,SC/ST/OBC Welfare,NSFDC Loan Schemes,Yes,No,Middle,18-25,2025-09-15 15:28:30
USR001118,Tripura,West Tripura,Agriculture & Allied Activities,Pradhan Mantri Fasal Bima Yojana,Yes,Yes,Middle,41-60,2025-04-08 02:43:22
USR001119,Kerala,Thrissur,Senior Citizen Welfare,Rashtriya Vayoshri Yojana,Yes,No,High,60+,2025-10-29 01:21:06
USR001120,Tripura,West Tripura,Disability Support (Divyang Schemes),Sahyogi Scheme,Yes,Yes,High,60+,2025-06-27 22:37:50
USR001121,Mizoram,Saiha,Disability Support (Divyang Schemes),Deendayal Disabled Rehabilitation Scheme,No,No,Low,41-60,2025-07-13 23:17:35
USR001122,Mizoram,Aizawl,Agriculture & Allied Activities,PM-KISAN,Yes,No,Low,41-60,2025-09-23 09:06:33
USR001123,West Bengal,Birbhum,Women Empowerment & Child Welfare,POSHAN Abhiyaan,Yes,No,Low,60+,2025-04-04 19:22:58
USR001124,Mizoram,Aizawl,Education & Scholarships,Pre Matric Scholarship OBC,Yes,No,Middle,26-40,2026-02-10 20:23:29
USR001125,Himachal Pradesh,Solan,Agriculture & Allied Activities,Paramparagat Krishi Vikas Yojana,Yes,Yes,Middle,26-40,2025-08-16 07:08:24
USR001126,Chhattisgarh,Janjgir-Champa,Women Empowerment & Child Welfare,One Stop Centre Scheme,Yes,Yes,High,41-60,2025-10-23 06:47:18
USR001127,Jharkhand,Ranchi,Disability Support (Divyang Schemes),Vidyasagar Scheme,Yes,No,Middle,60+,2025-10-14 14:30:52
USR001128,Chhattisgarh,Bastar,Women Empowerment & Child Welfare,STEP Scheme,No,No,Middle,18-25,2025-11-03 11:22:38
USR001129,Maharashtra,Pune,Agriculture & Allied Activities,PM-KISAN,Yes,No,Middle,26-40,2025-10-05 03:57:25
USR001130,Madhya Pradesh,Sagar,Health & Public Health,National Health Mission,Yes,No,Low,60+,2025-06-21 02:07:55
USR001131,West Bengal,Jalpaiguri,Senior Citizen Welfare,Rashtriya Vayoshri Yojana,No,No,Middle,26-40,2025-03-22 08:42:35
USR001132,Himachal Pradesh,Kangra,Disability Support (Divyang Schemes),Accessible India Campaign,No,No,Middle,41-60,2025-05-25 17:24:59
USR001133,West Bengal,Murshidabad,Education & Scholarships,Central Sector Scholarship Scheme,Yes,No,High,18-25,2025-11-21 01:30:35
USR001134,West Bengal,Murshidabad,Health & Public Health,National Health Mission,No,No,High,41-60,2025-10-14 03:24:36
USR001135,Nagaland,Peren,Disability Support (Divyang Schemes),Indira Gandhi Disability Pension,Yes,Yes,High,18-25,2025-11-30 05:54:15
USR001136,Chhattisgarh,Durg,SC/ST/OBC Welfare,Pre Matric Scholarship SC,Yes,Yes,Middle,41-60,2025-04-09 04:10:48
USR001137,Punjab,Patiala,SC/ST/OBC Welfare,Venture Capital Fund SC,Yes,Yes,High,60+,2025-06-21 02:56:23
USR001138,Jharkhand,Giridih,SC/ST/OBC Welfare,Venture Capital Fund SC,No,No,High,26-40,2025-10-10 00:26:38
USR001139,Andhra Pradesh,Nellore,Health & Public Health,Janani Suraksha Yojana,Yes,Yes,Low,18-25,2025-07-22 04:08:13
USR001140,West Bengal,Kolkata,Education & Scholarships,National Overseas Scholarship,Yes,No,High,60+,2025-07-21 16:40:27
USR001141,Bihar,Patna,Education & Scholarships,Top Class Education Scheme,No,No,Low,18-25,2026-02-22 05:51:49
USR001142,Tamil Nadu,Coimbatore,Education & Scholarships,PM Research Fellowship,No,No,Low,60+,2025-09-23 21:20:08
USR001143,Madhya Pradesh,Gwalior,Women Empowerment & Child Welfare,Beti Bachao Beti Padhao,No,No,Low,60+,2025-06-12 05:33:41
USR001144,Kerala,Kannur,Education & Scholarships,SHREYAS Scheme,Yes,Yes,High,18-25,2025-03-21 23:24:46
USR001145,Odisha,Jajpur,Senior Citizen Welfare,Elderline Helpline,No,No,High,26-40,2025-09-25 07:37:24
USR001146,Mizoram,Kolasib,Health & Public Health,eSanjeevani Telemedicine,Yes,Yes,Low,26-40,2026-02-28 22:17:33
USR001147,Jharkhand,Dhanbad,Education & Scholarships,National Means Cum Merit Scholarship,Yes,No,High,41-60,2025-09-11 11:35:25
USR001148,Sikkim,North Sikkim,Disability Support (Divyang Schemes),Unique Disability ID UDID,Yes,No,High,26-40,2025-03-12 05:13:07
USR001149,Karnataka,Mangalore,Disability Support (Divyang Schemes),Sahyogi Scheme,No,No,High,41-60,2025-06-12 14:50:09
USR001150,Gujarat,Bharuch,Senior Citizen Welfare,Indira Gandhi National Old Age Pension,Yes,No,Low,26-40,2025-11-21 04:10:08
USR001151,Tamil Nadu,Coimbatore,Health & Public Health,National Health Mission,No,No,Low,60+,2025-07-31 04:12:11
USR001152,Nagaland,Wokha,Disability Support (Divyang Schemes),Gharaunda Scheme,No,No,Low,26-40,2025-05-21 09:53:40
USR001153,Himachal Pradesh,Mandi,SC/ST/OBC Welfare,Venture Capital Fund SC,No,No,Low,18-25,2025-08-11 00:11:20
USR001154,Mizoram,Aizawl,Agriculture & Allied Activities,PM Kisan Maan Dhan Yojana,Yes,Yes,High,26-40,2025-12-24 16:15:38
USR001155,Madhya Pradesh,Bhopal,Health & Public Health,Pradhan Mantri Surakshit Matritva Abhiyan,No,No,High,18-25,2025-08-14 20:53:31
USR001156,Meghalaya,Jaintia Hills,SC/ST/OBC Welfare,National Fellowship SC,No,No,Middle,41-60,2025-07-20 14:42:35
USR001157,Mizoram,Aizawl,SC/ST/OBC Welfare,National Fellowship OBC,No,No,Middle,18-25,2025-12-08 16:34:39
USR001158,Karnataka,Hubli,Education & Scholarships,PM Research Fellowship,Yes,No,High,41-60,2025-07-13 18:58:41
USR001159,Jharkhand,Godda,Health & Public Health,Mission Indradhanush,Yes,No,Low,26-40,2026-01-07 10:45:38
USR001160,Gujarat,Bharuch,Education & Scholarships,Pre Matric Scholarship OBC,No,No,Middle,18-25,2025-03-29 22:15:07
USR001161,Manipur,Ukhrul,SC/ST/OBC Welfare,Free Coaching Scheme SC OBC,No,No,Middle,18-25,2025-03-08 01:43:11
USR001162,Punjab,Ferozepur,Health & Public Health,Janani Suraksha Yojana,No,No,High,18-25,2025-08-21 20:15:22
USR001163,Meghalaya,West Garo Hills,Disability Support (Divyang Schemes),National Trust Niramaya,Yes,No,Middle,26-40,2025-07-07 12:23:46
USR001164,Tripura,Dhalai,Women Empowerment & Child Welfare,Pradhan Mantri Matru Vandana Yojana,Yes,No,Low,60+,2026-02-10 01:10:04
USR001165,West Bengal,Kolkata,SC/ST/OBC Welfare,Credit Enhancement Scheme SC,No,No,Middle,60+,2025-10-31 12:43:53
USR001166,Tamil Nadu,Tiruppur,Senior Citizen Welfare,PM Vaya Vandana Yojana,No,No,Low,60+,2025-10-18 18:17:54
USR001167,Tripura,Khowai,Agriculture & Allied Activities,National Horticulture Mission,Yes,No,Middle,18-25,2025-03-18 18:35:40
USR001168,Tripura,Dhalai,Women Empowerment & Child Welfare,Mahila Samman Savings Certificate,Yes,No,Low,18-25,2025-10-20 23:22:56
USR001169,Mizoram,Saiha,Education & Scholarships,PM Research Fellowship,No,No,High,41-60,2025-11-13 09:39:07
USR001170,Himachal Pradesh,Lahul,Education & Scholarships,National Means Cum Merit Scholarship,Yes,No,High,60+,2025-08-16 09:51:25
USR001171,Mizoram,Saiha,Health & Public Health,Mission Indradhanush,Yes,Yes,Middle,60+,2025-03-28 13:24:47
USR001172,Odisha,Bhubaneswar,SC/ST/OBC Welfare,Top Class Education SC,Yes,Yes,Low,60+,2025-12-11 10:18:30
USR001173,Manipur,Ukhrul,SC/ST/OBC Welfare,NSFDC Loan Schemes,Yes,Yes,Low,41-60,2025-04-11 23:10:12
USR001174,Andhra Pradesh,Kadapa,Health & Public Health,Pradhan Mantri Jan Aushadhi Yojana,Yes,Yes,Low,41-60,2025-10-05 16:54:40
USR001175,Punjab,Ferozepur,SC/ST/OBC Welfare,PM DAKSH Scheme,Yes,No,Middle,41-60,2025-06-18 19:24:36
USR001176,Uttarakhand,Dehradun,Disability Support (Divyang Schemes),National Trust Niramaya,No,No,Low,41-60,2026-02-04 17:30:59
USR001177,Nagaland,Peren,Senior Citizen Welfare,Varishtha Pension Bima Yojana,No,No,Middle,18-25,2025-08-23 12:49:27
USR001178,Karnataka,Mangalore,Senior Citizen Welfare,Integrated Programme for Older Persons,Yes,No,Middle,41-60,2026-02-05 07:02:41
USR001179,Uttar Pradesh,Kanpur,Agriculture & Allied Activities,e-NAM,Yes,Yes,Low,41-60,2025-10-04 11:51:50
USR001180,Gujarat,Surat,Education & Scholarships,Top Class Education Scheme,Yes,No,High,18-25,2025-10-10 10:14:43
USR001181,Andhra Pradesh,Nellore,Senior Citizen Welfare,Rashtriya Vayoshri Yojana,Yes,Yes,Middle,26-40,2026-02-24 18:07:19
USR001182,Maharashtra,Nashik,Education & Scholarships,SHREYAS Scheme,Yes,No,High,18-25,2025-08-10 14:42:10
USR001183,Meghalaya,Cima,Disability Support (Divyang Schemes),ADIP Scheme,Yes,Yes,High,60+,2025-12-23 06:37:55
USR001184,West Bengal,Jalpaiguri,Agriculture & Allied Activities,Agriculture Infrastructure Fund,Yes,Yes,High,18-25,2025-06-17 20:37:43
USR001185,Uttar Pradesh,Agra,Health & Public Health,Rashtriya Swasthya Bima Yojana,No,No,Middle,41-60,2025-12-09 19:00:48
USR001186,Uttarakhand,Nainital,Agriculture & Allied Activities,e-NAM,Yes,Yes,Low,26-40,2025-12-12 21:31:58
USR001187,Manipur,Imphal East,Agriculture & Allied Activities,PM Kisan Maan Dhan Yojana,Yes,No,Middle,60+,2025-11-30 08:21:01
USR001188,Assam,Barpeta,Women Empowerment & Child Welfare,Pradhan Mantri Matru Vandana Yojana,No,No,Low,26-40,2025-09-19 17:50:51
USR001189,Uttarakhand,Nainital,Health & Public Health,Rashtriya Swasthya Bima Yojana,Yes,No,High,26-40,2025-08-26 12:13:40
USR001190,Uttarakhand,Dehradun,Disability Support (Divyang Schemes),Unique Disability ID UDID,Yes,Yes,Low,60+,2026-02-25 17:57:08
USR001191,Karnataka,Tumkur,Education & Scholarships,National Means Cum Merit Scholarship,No,No,Low,41-60,2025-03-16 00:51:44
USR001192,Madhya Pradesh,Gwalior,Health & Public Health,National Health Mission,Yes,Yes,Low,26-40,2025-12-29 17:40:30
USR001193,Bihar,West Champaran,Education & Scholarships,National Means Cum Merit Scholarship,Yes,Yes,High,18-25,2025-03-11 15:13:16
USR001194,Uttar Pradesh,Meerut,Education & Scholarships,SHREYAS Scheme,Yes,Yes,Middle,41-60,2025-09-25 16:54:30
USR001195,Chhattisgarh,Janjgir-Champa,Senior Citizen Welfare,Atal Pension Yojana,Yes,Yes,Middle,18-25,2025-08-06 10:52:04
USR001196,Maharashtra,Kolhapur,SC/ST/OBC Welfare,Pre Matric Scholarship SC,Yes,No,High,41-60,2025-04-22 21:08:18
USR001197,Kerala,Kottayam,Senior Citizen Welfare,Senior Citizen Savings Scheme,Yes,Yes,High,26-40,2025-05-28 21:17:09
USR001198,Telangana,Warangal,SC/ST/OBC Welfare,NSFDC Loan Schemes,Yes,No,Low,18-25,2026-02-13 06:55:41
USR001199,Tamil Nadu,Madurai,Women Empowerment & Child Welfare,One Stop Centre Scheme,No,No,Low,26-40,2025-08-13 01:42:45
USR001200,Rajasthan,Ajmer,SC/ST/OBC Welfare,NSFDC Loan Schemes,Yes,No,Low,26-40,2025-03-29 02:03:28
USR001201,Uttarakhand,Pithoragarh,Education & Scholarships,National Overseas Scholarship,No,No,Low,18-25,2025-12-04 11:22:42
USR001202,Tripura,Khowai,Agriculture & Allied Activities,PM Kisan Maan Dhan Yojana,Yes,No,Middle,18-25,2025-10-16 06:09:17
USR001203,Madhya Pradesh,Jabalpur,Agriculture & Allied Activities,Kisan Credit Card,No,No,Low,18-25,2025-03-03 08:39:52
USR001204,Punjab,Ferozepur,Disability Support (Divyang Schemes),Accessible India Campaign,Yes,Yes,Middle,26-40,2025-03-11 07:05:42
USR001205,Tripura,South Tripura,Education & Scholarships,National Means Cum Merit Scholarship,Yes,No,Low,26-40,2025-06-01 10:17:03
USR001206,Telangana,Nalgonda,Women Empowerment & Child Welfare,POSHAN Abhiyaan,Yes,Yes,High,18-25,2025-05-31 12:50:57
USR001207,Sikkim,South Sikkim,Disability Support (Divyang Schemes),Accessible India Campaign,Yes,Yes,High,60+,2025-08-30 20:57:20
USR001208,Maharashtra,Pune,Agriculture & Allied Activities,e-NAM,No,No,Middle,26-40,2025-09-21 06:21:09
USR001209,Assam,Barpeta,Health & Public Health,Janani Suraksha Yojana,No,No,Low,18-25,2026-01-21 01:51:34
USR001210,Uttar Pradesh,Meerut,Health & Public Health,National Health Mission,No,No,Low,18-25,2025-04-19 17:15:14
USR001211,Maharashtra,Aurangabad,Senior Citizen Welfare,Rashtriya Vayoshri Yojana,No,No,Middle,41-60,2025-11-11 22:29:09
USR001212,Maharashtra,Kolhapur,Health & Public Health,TB Elimination Programme,No,No,Middle,41-60,2025-07-17 03:32:57
USR001213,Telangana,Rangareddy,SC/ST/OBC Welfare,Pre Matric Scholarship SC,Yes,Yes,Middle,18-25,2026-02-26 07:48:38
USR001214,Gujarat,Junagadh,Disability Support (Divyang Schemes),Gharaunda Scheme,Yes,Yes,Low,26-40,2025-05-08 19:13:06
USR001215,Meghalaya,East Khasi Hills,Education & Scholarships,National Overseas Scholarship,Yes,No,Low,18-25,2025-12-09 18:45:06
USR001216,Sikkim,East Sikkim,Women Empowerment & Child Welfare,One Stop Centre Scheme,Yes,Yes,Low,26-40,2025-04-18 12:59:48
USR001217,Uttar Pradesh,Lucknow,Senior Citizen Welfare,Rashtriya Vayoshri Yojana,No,No,Low,26-40,2025-04-10 10:15:27
USR001218,Jharkhand,Godda,Senior Citizen Welfare,Integrated Programme for Older Persons,Yes,Yes,High,41-60,2026-02-03 00:06:22
USR001219,Mizoram,Aizawl,Women Empowerment & Child Welfare,Mahila Shakti Kendra,No,No,Low,18-25,2025-10-26 09:31:06
USR001220,Telangana,Warangal,SC/ST/OBC Welfare,National Fellowship OBC,No,No,Middle,26-40,2025-03-23 15:05:17
USR001221,Madhya Pradesh,Jabalpur,Education & Scholarships,Mid Day Meal Scheme,Yes,Yes,Middle,41-60,2025-03-30 11:02:55
USR001222,Meghalaya,Cima,Women Empowerment & Child Welfare,Working Women Hostel Scheme,Yes,No,Low,60+,2025-07-31 13:35:41
USR001223,Haryana,Rohtak,Senior Citizen Welfare,Atal Pension Yojana,No,No,Low,41-60,2025-05-13 00:51:10
USR001224,Manipur,Imphal West,Education & Scholarships,National Means Cum Merit Scholarship,Yes,Yes,Low,41-60,2025-12-15 21:02:37
USR001225,Odisha,Bargarh,Women Empowerment & Child Welfare,POSHAN Abhiyaan,Yes,Yes,Low,26-40,2025-10-02 15:07:30
USR001226,Tamil Nadu,Chennai,Agriculture & Allied Activities,Agriculture Infrastructure Fund,Yes,Yes,High,18-25,2025-12-08 12:02:34
USR001227,Assam,Cachar,Education & Scholarships,PM Research Fellowship,No,No,Low,18-25,2025-08-12 02:45:34
USR001228,Sikkim,East Sikkim,Women Empowerment & Child Welfare,Mahila Samman Savings Certificate,Yes,No,Low,60+,2025-10-24 06:23:03
USR001229,Mizoram,Saiha,Disability Support (Divyang Schemes),Vidyasagar Scheme,No,No,Low,60+,2025-08-10 11:58:25
USR001230,Himachal Pradesh,Kinnaur,Agriculture & Allied Activities,Agriculture Infrastructure Fund,Yes,Yes,Low,60+,2025-06-30 13:17:37
USR001231,Nagaland,Tuensang,Women Empowerment & Child Welfare,Ujjawala Scheme,Yes,Yes,Low,41-60,2025-10-08 04:40:35
USR001232,Jharkhand,Dhanbad,Health & Public Health,Mission Indradhanush,Yes,Yes,Low,18-25,2025-11-15 00:59:36
USR001233,Jharkhand,Dumka,Disability Support (Divyang Schemes),ADIP Scheme,No,No,Low,18-25,2026-01-15 21:42:24
USR001234,Odisha,Bargarh,Agriculture & Allied Activities,Paramparagat Krishi Vikas Yojana,Yes,No,Low,41-60,2025-12-29 11:37:11
USR001235,West Bengal,Jalpaiguri,Senior Citizen Welfare,National Social Assistance Programme,Yes,Yes,High,26-40,2026-01-28 16:08:06
USR001236,Sikkim,South Sikkim,Women Empowerment & Child Welfare,Working Women Hostel Scheme,No,No,High,60+,2026-01-20 09:44:25
USR001237,Himachal Pradesh,Kangra,Health & Public Health,Pradhan Mantri Jan Aushadhi Yojana,No,No,High,60+,2026-02-20 13:46:30
USR001238,Chhattisgarh,Janjgir-Champa,Education & Scholarships,National Overseas Scholarship,Yes,No,High,18-25,2025-09-07 11:18:39
USR001239,Haryana,Gurgaon,SC/ST/OBC Welfare,Credit Enhancement Scheme SC,No,No,Low,41-60,2025-12-08 11:00:57
USR001240,West Bengal,Murshidabad,Disability Support (Divyang Schemes),National Trust Niramaya,No,No,Low,26-40,2025-11-14 06:42:44
USR001241,Nagaland,Wokha,Health & Public Health,National Health Mission,Yes,No,Low,26-40,2025-12-02 08:31:44
USR001242,Uttarakhand,Dehradun,Health & Public Health,Mission Indradhanush,Yes,Yes,High,18-25,2025-04-08 22:38:22
USR001243,Rajasthan,Bikaner,Women Empowerment & Child Welfare,STEP Scheme,Yes,Yes,Low,18-25,2025-11-24 15:26:15
USR001244,Assam,Kamrup,Senior Citizen Welfare,Indira Gandhi National Old Age Pension,No,No,High,18-25,2026-01-02 00:58:18
USR001245,Gujarat,Junagadh,Disability Support (Divyang Schemes),ADIP Scheme,No,No,Middle,18-25,2025-09-05 23:32:54
USR001246,Andhra Pradesh,Kadapa,Agriculture & Allied Activities,Kisan Credit Card,Yes,Yes,Low,41-60,2025-11-20 22:07:51
USR001247,Rajasthan,Bikaner,Education & Scholarships,Post Matric Scholarship SC,Yes,No,Middle,60+,2025-08-01 14:22:13
USR001248,Tripura,Dhalai,SC/ST/OBC Welfare,NSFDC Loan Schemes,Yes,No,High,26-40,2025-06-24 16:48:21
USR001249,Bihar,Araria,Health & Public Health,Janani Suraksha Yojana,Yes,Yes,Low,60+,2025-07-30 03:15:47
USR001250,Punjab,Ludhiana,Disability Support (Divyang Schemes),Sahyogi Scheme,No,No,High,60+,2025-06-14 02:10:29
USR001251,West Bengal,Kolkata,Women Empowerment & Child Welfare,POSHAN Abhiyaan,No,No,High,41-60,2025-03-12 05:08:09
USR001252,Sikkim,West Sikkim,Education & Scholarships,Vidya Lakshmi Scheme,No,No,Middle,60+,2025-05-03 20:54:27
USR001253,Odisha,Sambalpur,Senior Citizen Welfare,Varishtha Pension Bima Yojana,Yes,Yes,High,41-60,2025-08-14 04:32:39
USR001254,Meghalaya,West Khasi Hills,Health & Public Health,Pradhan Mantri Jan Aushadhi Yojana,Yes,No,Low,26-40,2025-12-27 22:59:04
USR001255,Madhya Pradesh,Bhopal,Education & Scholarships,Vidya Lakshmi Scheme,No,No,High,41-60,2025-03-11 23:59:28
USR001256,Assam,Kamrup,Disability Support (Divyang Schemes),Samarth Scheme,No,No,High,26-40,2025-07-11 15:57:28
USR001257,West Bengal,Kolkata,Agriculture & Allied Activities,PM Kisan Maan Dhan Yojana,No,No,Middle,41-60,2025-04-25 04:57:16
USR001258,Manipur,Thoubal,SC/ST/OBC Welfare,Post Matric Scholarship OBC,Yes,Yes,Middle,41-60,2026-01-22 12:37:53
USR001259,Nagaland,Dimapur,Health & Public Health,Janani Suraksha Yojana,No,No,Middle,26-40,2026-02-14 22:58:49
USR001260,Rajasthan,Jodhpur,Senior Citizen Welfare,PM Vaya Vandana Yojana,Yes,Yes,High,18-25,2025-09-12 04:19:43
USR001261,Nagaland,Peren,Women Empowerment & Child Welfare,One Stop Centre Scheme,Yes,No,Low,18-25,2025-03-09 22:42:09
USR001262,West Bengal,Murshidabad,Education & Scholarships,Top Class Education Scheme,Yes,No,High,18-25,2025-09-05 00:17:14
USR001263,Haryana,Hisar,Senior Citizen Welfare,National Social Assistance Programme,Yes,No,High,18-25,2025-12-11 08:03:47
USR001264,Himachal Pradesh,Lahul,Agriculture & Allied Activities,PM-KISAN,No,No,Low,41-60,2025-07-24 13:06:05
USR001265,Nagaland,Wokha,Health & Public Health,Rashtriya Swasthya Bima Yojana,No,No,Low,18-25,2025-04-03 22:43:50
USR001266,West Bengal,Howrah,Education & Scholarships,SHREYAS Scheme,No,No,Low,26-40,2025-05-02 11:45:31
USR001267,Himachal Pradesh,Solan,Agriculture & Allied Activities,Soil Health Card Scheme,Yes,No,Low,26-40,2025-08-12 14:24:52
USR001268,Madhya Pradesh,Bhopal,Disability Support (Divyang Schemes),Sahyogi Scheme,Yes,No,Middle,18-25,2025-12-01 22:15:09
USR001269,Andhra Pradesh,Kadapa,Women Empowerment & Child Welfare,Pradhan Mantri Matru Vandana Yojana,Yes,Yes,Middle,18-25,2025-11-16 05:35:18
USR001270,Uttarakhand,Bageshwar,Women Empowerment & Child Welfare,STEP Scheme,No,No,High,60+,2025-06-25 21:48:24
USR001271,Assam,Kamrup,Disability Support (Divyang Schemes),National Trust Niramaya,No,No,Middle,41-60,2025-08-18 19:52:30
USR001272,Karnataka,Tumkur,Women Empowerment & Child Welfare,POSHAN Abhiyaan,Yes,Yes,High,18-25,2025-11-30 07:35:50
USR001273,Telangana,Nalgonda,Education & Scholarships,Post Matric Scholarship SC,No,No,Low,18-25,2025-07-10 06:51:15
USR001274,Maharashtra,Pune,Women Empowerment & Child Welfare,Working Women Hostel Scheme,Yes,No,Middle,41-60,2025-12-06 21:59:01
USR001275,Mizoram,Champhai,Disability Support (Divyang Schemes),Indira Gandhi Disability Pension,No,No,Middle,18-25,2025-10-27 07:07:42
USR001276,Chhattisgarh,Bastar,SC/ST/OBC Welfare,Post Matric Scholarship OBC,No,No,Low,26-40,2025-04-06 21:37:20
USR001277,Madhya Pradesh,Jabalpur,SC/ST/OBC Welfare,Free Coaching Scheme SC OBC,No,No,Middle,60+,2025-05-18 17:32:07
USR001278,Sikkim,West Sikkim,Women Empowerment & Child Welfare,STEP Scheme,No,No,Low,41-60,2025-08-01 18:02:05
USR001279,Jharkhand,Dhanbad,Agriculture & Allied Activities,Agriculture Infrastructure Fund,Yes,No,Low,41-60,2026-02-25 19:47:03
USR001280,Odisha,Bargarh,Disability Support (Divyang Schemes),National Trust Niramaya,Yes,Yes,High,18-25,2025-07-09 01:04:33
USR001281,Karnataka,Mysore,Agriculture & Allied Activities,Pradhan Mantri Fasal Bima Yojana,Yes,Yes,Middle,41-60,2025-04-21 11:14:49
USR001282,Sikkim,South Sikkim,Senior Citizen Welfare,Elderline Helpline,No,No,Low,26-40,2025-08-18 07:29:49
USR001283,Kerala,Kannur,Disability Support (Divyang Schemes),Sahyogi Scheme,No,No,Low,18-25,2025-05-16 19:02:12
USR001284,Odisha,Cuttack,Agriculture & Allied Activities,Pradhan Mantri Fasal Bima Yojana,Yes,Yes,High,41-60,2025-03-04 09:21:44
USR001285,Madhya Pradesh,Gwalior,Agriculture & Allied Activities,National Horticulture Mission,Yes,Yes,High,26-40,2026-02-08 03:53:40
USR001286,Jharkhand,Dhanbad,Women Empowerment & Child Welfare,Mahila Shakti Kendra,Yes,No,Low,60+,2025-05-08 17:40:26
USR001287,Rajasthan,Udaipur,Senior Citizen Welfare,National Social Assistance Programme,No,No,High,18-25,2025-05-02 01:56:32
USR001288,Jharkhand,Giridih,Senior Citizen Welfare,Elderline Helpline,No,No,High,18-25,2025-11-13 21:11:08
USR001289,Sikkim,South Sikkim,Women Empowerment & Child Welfare,One Stop Centre Scheme,No,No,Low,18-25,2025-11-11 11:16:19
USR001290,Tamil Nadu,Chennai,SC/ST/OBC Welfare,National Fellowship SC,No,No,Low,60+,2025-09-21 03:26:13
USR001291,Jharkhand,Dumka,Women Empowerment & Child Welfare,STEP Scheme,Yes,No,High,26-40,2025-03-30 15:33:47
USR001292,Punjab,Patiala,Health & Public Health,TB Elimination Programme,Yes,Yes,Middle,26-40,2025-11-15 17:22:48
USR001293,Tamil Nadu,Madurai,Women Empowerment & Child Welfare,STEP Scheme,Yes,No,Low,60+,2025-06-09 17:30:12
USR001294,Karnataka,Bangalore,Women Empowerment & Child Welfare,STEP Scheme,No,No,Low,26-40,2026-01-07 07:09:54
USR001295,Uttarakhand,Dehradun,SC/ST/OBC Welfare,Pre Matric Scholarship SC,No,No,Middle,41-60,2025-05-31 08:55:55
USR001296,Meghalaya,West Garo Hills,Agriculture & Allied Activities,PM Kisan Maan Dhan Yojana,Yes,Yes,Low,26-40,2026-02-03 18:21:29
USR001297,Mizoram,Champhai,Disability Support (Divyang Schemes),Vidyasagar Scheme,Yes,Yes,Middle,18-25,2025-11-16 07:00:42
USR001298,Nagaland,Wokha,Health & Public Health,eSanjeevani Telemedicine,Yes,No,Low,60+,2025-10-31 20:52:44
USR001299,Andhra Pradesh,Chittoor,Health & Public Health,Ayushman Bharat PM-JAY,No,No,Middle,41-60,2025-10-19 03:56:06
USR001300,Manipur,Bishnupur,Agriculture & Allied Activities,National Horticulture Mission,Yes,Yes,High,18-25,2025-03-22 19:27:26
USR001301,Tamil Nadu,Madurai,SC/ST/OBC Welfare,PM DAKSH Scheme,Yes,Yes,High,41-60,2025-07-23 16:26:59
USR001302,Gujarat,Vadodara,Disability Support (Divyang Schemes),Accessible India Campaign,Yes,Yes,High,26-40,2025-11-23 16:41:36
USR001303,Tripura,West Tripura,Senior Citizen Welfare,Rashtriya Vayoshri Yojana,Yes,Yes,Low,18-25,2026-01-14 06:54:53
USR001304,Andhra Pradesh,Kadapa,Agriculture & Allied Activities,PM Krishi Sinchai Yojana,No,No,High,18-25,2026-01-25 03:20:04
USR001305,Kerala,Kannur,Education & Scholarships,Top Class Education Scheme,Yes,Yes,High,26-40,2026-01-09 02:12:49
USR001306,Uttar Pradesh,Banaras,SC/ST/OBC Welfare,NSFDC Loan Schemes,No,No,Low,26-40,2025-07-26 17:56:45
USR001307,Tamil Nadu,Kancheepuram,Senior Citizen Welfare,Integrated Programme for Older Persons,Yes,No,Low,26-40,2025-07-03 06:00:22
USR001308,Tamil Nadu,Coimbatore,Disability Support (Divyang Schemes),Unique Disability ID UDID,No,No,Low,60+,2026-02-17 19:45:43
USR001309,Gujarat,Vadodara,Health & Public Health,Pradhan Mantri Jan Aushadhi Yojana,Yes,No,Low,18-25,2025-10-31 03:08:21
USR001310,Assam,Cachar,Education & Scholarships,National Means Cum Merit Scholarship,No,No,High,60+,2025-03-26 21:14:16
USR001311,West Bengal,Birbhum,Health & Public Health,Pradhan Mantri Jan Aushadhi Yojana,No,No,Low,60+,2025-09-21 17:55:21
USR001312,Nagaland,Kohima,SC/ST/OBC Welfare,Credit Enhancement Scheme SC,Yes,Yes,High,60+,2025-09-05 15:49:45
USR001313,Meghalaya,Cima,Women Empowerment & Child Welfare,Working Women Hostel Scheme,No,No,Middle,18-25,2025-04-30 18:41:16
USR001314,Meghalaya,East Garo Hills,Health & Public Health,National Digital Health Mission,Yes,No,High,18-25,2026-02-26 15:41:20
USR001315,Maharashtra,Kolhapur,Education & Scholarships,Mid Day Meal Scheme,Yes,Yes,Middle,60+,2025-07-01 11:07:42
USR001316,Tamil Nadu,Madurai,Education & Scholarships,Post Matric Scholarship SC,No,No,Middle,18-25,2025-04-02 17:39:57
USR001317,Bihar,East Champaran,Women Empowerment & Child Welfare,Pradhan Mantri Matru Vandana Yojana,No,No,Middle,41-60,2025-08-01 01:03:33
USR001318,Chhattisgarh,Rajnandgaon,SC/ST/OBC Welfare,Post Matric Scholarship OBC,Yes,Yes,High,41-60,2025-11-09 16:55:24
USR001319,Tamil Nadu,Kancheepuram,Agriculture & Allied Activities,National Horticulture Mission,No,No,High,60+,2025-04-21 14:03:35
USR001320,Bihar,West Champaran,SC/ST/OBC Welfare,Post Matric Scholarship OBC,No,No,Low,60+,2025-10-01 22:08:06
USR001321,Gujarat,Surat,Senior Citizen Welfare,Indira Gandhi National Old Age Pension,Yes,No,Middle,60+,2025-10-09 05:56:17
USR001322,Gujarat,Vadodara,Education & Scholarships,Top Class Education Scheme,No,No,Middle,41-60,2025-04-17 12:31:11
USR001323,Meghalaya,West Garo Hills,Senior Citizen Welfare,Annapurna Scheme,No,No,Low,41-60,2025-07-26 12:12:08
USR001324,Himachal Pradesh,Solan,Senior Citizen Welfare,PM Vaya Vandana Yojana,Yes,Yes,High,41-60,2025-07-14 14:33:54
USR001325,Andhra Pradesh,Nellore,Education & Scholarships,National Overseas Scholarship,No,No,High,60+,2025-10-08 23:32:15
USR001326,Telangana,Medchal,Health & Public Health,Pradhan Mantri Surakshit Matritva Abhiyan,Yes,Yes,Low,41-60,2025-08-02 10:30:08
USR001327,Tamil Nadu,Salem,SC/ST/OBC Welfare,Venture Capital Fund SC,Yes,Yes,Low,26-40,2026-01-01 01:53:26
USR001328,Bihar,Madhubani,Agriculture & Allied Activities,Paramparagat Krishi Vikas Yojana,Yes,Yes,Low,26-40,2025-12-01 00:09:58
USR001329,Karnataka,Tumkur,Agriculture & Allied Activities,PM Krishi Sinchai Yojana,Yes,Yes,Low,26-40,2025-05-06 11:27:53
USR001330,Mizoram,Kolasib,Senior Citizen Welfare,Senior Citizen Savings Scheme,Yes,No,Low,18-25,2025-09-17 10:10:15
USR001331,Maharashtra,Pune,Health & Public Health,National Digital Health Mission,Yes,Yes,Middle,18-25,2026-01-03 23:28:01
USR001332,West Bengal,Birbhum,Agriculture & Allied Activities,PM Krishi Sinchai Yojana,Yes,No,Low,60+,2025-07-22 09:28:39
USR001333,Andhra Pradesh,Visakhapatnam,Health & Public Health,Rashtriya Swasthya Bima Yojana,Yes,Yes,High,26-40,2025-10-20 22:13:20
USR001334,Kerala,Kottayam,Education & Scholarships,Top Class Education Scheme,Yes,Yes,High,60+,2025-10-21 04:12:54
USR001335,Odisha,Balasore,Women Empowerment & Child Welfare,Working Women Hostel Scheme,No,No,Low,26-40,2025-08-26 16:48:49
USR001336,Nagaland,Tuensang,Senior Citizen Welfare,Atal Pension Yojana,Yes,No,Low,26-40,2025-12-29 03:22:55
USR001337,West Bengal,Birbhum,Health & Public Health,Janani Suraksha Yojana,Yes,No,Low,18-25,2025-09-09 20:04:53
USR001338,Bihar,Araria,Women Empowerment & Child Welfare,Ujjawala Scheme,No,No,Low,60+,2025-10-16 23:00:15
USR001339,Gujarat,Surat,Education & Scholarships,Pre Matric Scholarship OBC,Yes,Yes,Low,60+,2025-09-27 03:40:56
USR001340,Punjab,Ferozepur,Agriculture & Allied Activities,Soil Health Card Scheme,Yes,Yes,Middle,60+,2025-11-22 14:22:20
USR001341,West Bengal,Birbhum,Senior Citizen Welfare,Integrated Programme for Older Persons,No,No,Low,60+,2025-07-23 22:58:16
USR001342,Uttarakhand,Pithoragarh,Agriculture & Allied Activities,e-NAM,Yes,Yes,Middle,18-25,2025-03-08 15:56:21
USR001343,Jharkhand,Godda,Women Empowerment & Child Welfare,STEP Scheme,Yes,Yes,Low,18-25,2025-05-27 17:11:09
USR001344,Jharkhand,Giridih,Health & Public Health,National Health Mission,Yes,Yes,Low,41-60,2025-04-23 21:46:10
USR001345,Manipur,Thoubal,Education & Scholarships,PM Research Fellowship,Yes,Yes,Low,18-25,2026-01-08 00:09:51
USR001346,Meghalaya,East Khasi Hills,Agriculture & Allied Activities,Paramparagat Krishi Vikas Yojana,No,No,High,60+,2025-07-08 07:34:55
USR001347,Rajasthan,Jodhpur,Senior Citizen Welfare,Varishtha Pension Bima Yojana,Yes,Yes,High,18-25,2025-10-11 05:22:31
USR001348,Kerala,Kozhikode,Women Empowerment & Child Welfare,One Stop Centre Scheme,No,No,Middle,60+,2025-09-15 00:39:38
USR001349,Telangana,Karimnagar,Agriculture & Allied Activities,Paramparagat Krishi Vikas Yojana,No,No,Middle,18-25,2025-12-07 00:01:39
USR001350,Rajasthan,Bikaner,Women Empowerment & Child Welfare,STEP Scheme,Yes,No,Low,41-60,2025-08-14 20:36:31
USR001351,Assam,Morigaon,Women Empowerment & Child Welfare,Beti Bachao Beti Padhao,No,No,High,26-40,2025-12-29 01:47:29
USR001352,Haryana,Gurgaon,Education & Scholarships,Pre Matric Scholarship OBC,No,No,High,18-25,2025-08-30 20:33:06
USR001353,Jharkhand,Giridih,Education & Scholarships,National Overseas Scholarship,Yes,Yes,Low,41-60,2025-08-02 00:02:47
USR001354,Himachal Pradesh,Mandi,Disability Support (Divyang Schemes),Vidyasagar Scheme,No,No,Low,18-25,2025-09-03 22:03:19
USR001355,Gujarat,Rajkot,Health & Public Health,eSanjeevani Telemedicine,Yes,Yes,Middle,41-60,2026-01-10 18:31:23
USR001356,Mizoram,Mamit,Disability Support (Divyang Schemes),Deendayal Disabled Rehabilitation Scheme,Yes,No,Middle,60+,2025-05-22 10:33:22
USR001357,Gujarat,Vadodara,Women Empowerment & Child Welfare,Anganwadi Services ICDS,Yes,Yes,High,60+,2026-01-01 18:19:05
USR001358,Karnataka,Hubli,Agriculture & Allied Activities,Kisan Credit Card,Yes,No,Middle,18-25,2025-03-21 22:46:54
USR001359,Jharkhand,Dhanbad,Agriculture & Allied Activities,PM Krishi Sinchai Yojana,Yes,No,Middle,41-60,2025-07-07 20:35:03
USR001360,Sikkim,North Sikkim,SC/ST/OBC Welfare,Post Matric Scholarship OBC,No,No,High,41-60,2026-01-18 17:08:04
USR001361,Punjab,Ludhiana,SC/ST/OBC Welfare,Venture Capital Fund SC,No,No,High,60+,2026-02-03 06:51:57
USR001362,Chhattisgarh,Durg,Agriculture & Allied Activities,Pradhan Mantri Fasal Bima Yojana,No,No,Low,18-25,2025-12-03 15:49:50
USR001363,Madhya Pradesh,Indore,Senior Citizen Welfare,PM Vaya Vandana Yojana,Yes,No,Middle,18-25,2025-12-03 03:56:52
USR001364,Andhra Pradesh,Chittoor,Education & Scholarships,Central Sector Scholarship Scheme,Yes,No,High,60+,2025-10-11 11:44:37
USR001365,Andhra Pradesh,Guntur,Senior Citizen Welfare,Senior Citizen Savings Scheme,Yes,Yes,Low,41-60,2025-07-30 14:06:52
USR001366,Meghalaya,East Garo Hills,Education & Scholarships,Central Sector Scholarship Scheme,No,No,High,60+,2026-02-17 11:02:01
USR001367,Chhattisgarh,Bilaspur,Education & Scholarships,Vidya Lakshmi Scheme,Yes,Yes,Low,26-40,2025-12-21 04:27:28
USR001368,West Bengal,Kolkata,Women Empowerment & Child Welfare,One Stop Centre Scheme,Yes,Yes,High,18-25,2026-01-06 19:12:31
USR001369,Telangana,Rangareddy,Health & Public Health,TB Elimination Programme,Yes,No,Middle,26-40,2025-09-20 17:38:33
USR001370,West Bengal,Darjeeling,Education & Scholarships,Central Sector Scholarship Scheme,Yes,No,Middle,60+,2025-08-22 06:19:13
USR001371,Bihar,Araria,Senior Citizen Welfare,Atal Pension Yojana,No,No,Low,26-40,2026-02-16 08:58:32
USR001372,Telangana,Rangareddy,Senior Citizen Welfare,Integrated Programme for Older Persons,No,No,High,26-40,2025-08-27 04:01:11
USR001373,Gujarat,Ahmedabad,Agriculture & Allied Activities,Soil Health Card Scheme,Yes,No,Low,41-60,2026-01-30 15:16:21
USR001374,Karnataka,Tumkur,Disability Support (Divyang Schemes),Accessible India Campaign,Yes,Yes,Middle,60+,2025-06-09 09:00:13
USR001375,Haryana,Ambala,Education & Scholarships,PM Research Fellowship,Yes,No,High,26-40,2025-08-31 18:25:50
USR001376,Uttar Pradesh,Agra,Women Empowerment & Child Welfare,Mahila Samman Savings Certificate,No,No,Low,60+,2025-05-26 02:58:48
USR001377,West Bengal,Jalpaiguri,Education & Scholarships,Mid Day Meal Scheme,Yes,No,Middle,60+,2025-11-02 16:09:24
USR001378,Uttar Pradesh,Lucknow,Women Empowerment & Child Welfare,Beti Bachao Beti Padhao,No,No,Low,26-40,2025-04-07 00:12:56
USR001379,Telangana,Medchal,Senior Citizen Welfare,Annapurna Scheme,No,No,High,18-25,2025-11-30 11:04:30
USR001380,Gujarat,Ahmedabad,Senior Citizen Welfare,Integrated Programme for Older Persons,Yes,Yes,Middle,41-60,2025-11-14 08:27:30
USR001381,Uttarakhand,Dehradun,Agriculture & Allied Activities,Kisan Credit Card,Yes,Yes,High,18-25,2025-05-07 01:39:48
USR001382,Tamil Nadu,Tiruppur,Women Empowerment & Child Welfare,STEP Scheme,No,No,Middle,60+,2025-07-05 15:45:42
USR001383,Himachal Pradesh,Kangra,Agriculture & Allied Activities,Agriculture Infrastructure Fund,No,No,High,26-40,2025-04-23 10:36:00
USR001384,West Bengal,Birbhum,Senior Citizen Welfare,Integrated Programme for Older Persons,Yes,Yes,High,26-40,2026-01-16 05:49:54
USR001385,Mizoram,Aizawl,Education & Scholarships,National Overseas Scholarship,Yes,No,Middle,18-25,2025-12-15 18:57:14
USR001386,Telangana,Nalgonda,Agriculture & Allied Activities,National Horticulture Mission,Yes,Yes,Low,60+,2025-03-07 05:55:42
USR001387,Bihar,Patna,Women Empowerment & Child Welfare,STEP Scheme,Yes,Yes,Low,26-40,2025-12-23 02:23:28
USR001388,Meghalaya,West Khasi Hills,Disability Support (Divyang Schemes),Indira Gandhi Disability Pension,Yes,Yes,High,41-60,2025-07-20 05:01:26
USR001389,Meghalaya,Jaintia Hills,Women Empowerment & Child Welfare,Working Women Hostel Scheme,No,No,High,26-40,2025-07-23 06:59:01
USR001390,Himachal Pradesh,Kinnaur,SC/ST/OBC Welfare,Post Matric Scholarship OBC,No,No,Middle,18-25,2025-06-08 06:09:35
USR001391,Meghalaya,East Khasi Hills,Education & Scholarships,National Means Cum Merit Scholarship,Yes,No,High,26-40,2025-12-15 06:11:14
USR001392,Punjab,Ludhiana,Health & Public Health,Janani Suraksha Yojana,No,No,Low,26-40,2026-02-11 20:10:01
USR001393,Tripura,West Tripura,Education & Scholarships,Top Class Education Scheme,No,No,High,60+,2025-03-02 13:46:04
USR001394,Punjab,Patiala,Education & Scholarships,Top Class Education Scheme,Yes,Yes,Low,18-25,2025-08-01 14:59:15
USR001395,Himachal Pradesh,Mandi,Education & Scholarships,Pre Matric Scholarship OBC,Yes,No,High,26-40,2025-04-04 22:24:07
USR001396,Sikkim,North Sikkim,SC/ST/OBC Welfare,Post Matric Scholarship OBC,No,No,Middle,60+,2025-12-08 21:42:51
USR001397,Bihar,Araria,Health & Public Health,Janani Suraksha Yojana,No,No,Middle,60+,2025-09-11 18:35:49
USR001398,Tamil Nadu,Salem,Health & Public Health,Mission Indradhanush,No,No,High,18-25,2025-11-09 19:53:49
USR001399,Tripura,Dhalai,Health & Public Health,Mission Indradhanush,Yes,Yes,High,41-60,2025-06-20 21:55:59
USR001400,Bihar,East Champaran,Education & Scholarships,Top Class Education Scheme,Yes,No,Low,18-25,2026-01-21 04:01:41
USR001401,Kerala,Thrissur,Women Empowerment & Child Welfare,Mahila Shakti Kendra,No,No,High,18-25,2026-01-18 13:41:25
USR001402,Mizoram,Kolasib,Agriculture & Allied Activities,PM-KISAN,No,No,Middle,26-40,2025-08-11 18:20:23
USR001403,Nagaland,Wokha,Agriculture & Allied Activities,PM Kisan Maan Dhan Yojana,Yes,Yes,Middle,41-60,2025-03-07 06:56:34
USR001404,Mizoram,Champhai,Education & Scholarships,SHREYAS Scheme,No,No,Low,26-40,2025-10-06 09:12:34
USR001405,Uttarakhand,Haridwar,Health & Public Health,eSanjeevani Telemedicine,No,No,High,18-25,2025-05-05 13:37:42
USR001406,Haryana,Ambala,Education & Scholarships,National Means Cum Merit Scholarship,No,No,Middle,60+,2025-11-15 08:57:19
USR001407,Uttarakhand,Haridwar,SC/ST/OBC Welfare,National Fellowship SC,No,No,Middle,41-60,2025-12-10 21:59:51
USR001408,Kerala,Ernakulathappan,Disability Support (Divyang Schemes),Samarth Scheme,No,No,Middle,26-40,2026-01-14 19:25:34
USR001409,Uttar Pradesh,Lucknow,Health & Public Health,Pradhan Mantri Surakshit Matritva Abhiyan,No,No,Middle,18-25,2025-03-26 14:05:42
USR001410,Assam,Nagaon,Health & Public Health,National Health Mission,Yes,Yes,Low,18-25,2025-07-27 21:36:35
USR001411,Chhattisgarh,Durg,Disability Support (Divyang Schemes),ADIP Scheme,No,No,High,26-40,2025-12-29 04:02:06
USR001412,Odisha,Bargarh,Health & Public Health,Rashtriya Swasthya Bima Yojana,Yes,Yes,Low,41-60,2025-06-07 16:16:08
USR001413,Himachal Pradesh,Lahul,SC/ST/OBC Welfare,NSFDC Loan Schemes,Yes,No,High,18-25,2026-02-08 00:24:16
USR001414,Telangana,Nalgonda,Agriculture & Allied Activities,Agriculture Infrastructure Fund,Yes,Yes,Middle,60+,2025-08-20 03:29:50
USR001415,Odisha,Bargarh,Agriculture & Allied Activities,PM-KISAN,Yes,Yes,High,41-60,2025-06-13 16:11:35
USR001416,Kerala,Thiruvananthapuram,Health & Public Health,Mission Indradhanush,No,No,High,26-40,2026-01-17 13:24:09
USR001417,Mizoram,Kolasib,Disability Support (Divyang Schemes),National Trust Niramaya,Yes,No,Low,60+,2025-08-12 10:28:45
USR001418,Tripura,West Tripura,SC/ST/OBC Welfare,National Fellowship OBC,Yes,Yes,High,60+,2025-10-17 14:42:25
USR001419,Nagaland,Dimapur,Women Empowerment & Child Welfare,Mahila Samman Savings Certificate,Yes,No,Middle,26-40,2025-03-22 06:53:36
USR001420,Himachal Pradesh,Solan,Education & Scholarships,SHREYAS Scheme,No,No,Middle,60+,2025-11-18 19:53:28
USR001421,Mizoram,Saiha,Education & Scholarships,Top Class Education Scheme,No,No,High,18-25,2026-01-21 01:01:56
USR001422,Manipur,Imphal East,Education & Scholarships,National Overseas Scholarship,Yes,Yes,High,26-40,2025-10-30 18:45:14
USR001423,Sikkim,North Sikkim,SC/ST/OBC Welfare,Pre Matric Scholarship SC,Yes,Yes,High,18-25,2025-06-06 12:48:45
USR001424,Mizoram,Saiha,Agriculture & Allied Activities,PM Kisan Maan Dhan Yojana,Yes,No,High,26-40,2025-03-26 18:22:19
USR001425,Tamil Nadu,Tiruppur,Health & Public Health,Ayushman Bharat PM-JAY,No,No,High,41-60,2026-01-20 07:07:06
USR001426,Telangana,Rangareddy,Senior Citizen Welfare,Annapurna Scheme,No,No,High,26-40,2025-05-21 16:38:04
USR001427,Maharashtra,Nagpur,Health & Public Health,Pradhan Mantri Surakshit Matritva Abhiyan,Yes,Yes,Low,26-40,2025-12-29 18:03:08
USR001428,Assam,Nagaon,Disability Support (Divyang Schemes),Sahyogi Scheme,No,No,Middle,26-40,2025-08-03 17:47:26
USR001429,Gujarat,Bharuch,Women Empowerment & Child Welfare,Working Women Hostel Scheme,No,No,Low,41-60,2025-06-08 20:17:16
USR001430,Maharashtra,Kolhapur,Disability Support (Divyang Schemes),ADIP Scheme,Yes,Yes,Low,26-40,2025-10-11 10:23:23
USR001431,Madhya Pradesh,Bhopal,SC/ST/OBC Welfare,Credit Enhancement Scheme SC,Yes,Yes,Middle,26-40,2025-05-10 07:52:50
USR001432,Haryana,Faridabad,Disability Support (Divyang Schemes),Vidyasagar Scheme,Yes,Yes,Low,60+,2025-12-05 12:51:28
USR001433,Karnataka,Mangalore,SC/ST/OBC Welfare,Pre Matric Scholarship SC,Yes,Yes,High,18-25,2025-09-22 23:37:05
USR001434,Andhra Pradesh,Guntur,Education & Scholarships,National Overseas Scholarship,Yes,No,Middle,41-60,2025-04-16 20:42:05
USR001435,Karnataka,Hubli,Senior Citizen Welfare,PM Vaya Vandana Yojana,Yes,Yes,High,26-40,2025-09-10 10:36:41
USR001436,Uttarakhand,Pithoragarh,Agriculture & Allied Activities,National Horticulture Mission,No,No,High,60+,2026-01-10 23:06:44
USR001437,Sikkim,South Sikkim,Education & Scholarships,SHREYAS Scheme,Yes,No,Low,18-25,2026-01-28 15:38:17
USR001438,Bihar,Araria,Women Empowerment & Child Welfare,One Stop Centre Scheme,Yes,Yes,Middle,18-25,2025-06-29 02:20:22
USR001439,Andhra Pradesh,Nellore,Agriculture & Allied Activities,Agriculture Infrastructure Fund,Yes,Yes,Low,41-60,2026-02-02 07:08:34
USR001440,Punjab,Ferozepur,Education & Scholarships,Mid Day Meal Scheme,Yes,Yes,Low,60+,2025-04-08 09:09:21
USR001441,Kerala,Thrissur,Senior Citizen Welfare,Integrated Programme for Older Persons,Yes,Yes,Middle,41-60,2025-03-27 23:03:31
USR001442,Sikkim,West Sikkim,Education & Scholarships,Vidya Lakshmi Scheme,Yes,Yes,Low,41-60,2025-10-18 10:18:33
USR001443,Jharkhand,Giridih,Education & Scholarships,Post Matric Scholarship SC,Yes,Yes,Low,26-40,2025-08-22 01:37:07
USR001444,Uttar Pradesh,Meerut,Agriculture & Allied Activities,PM Krishi Sinchai Yojana,No,No,Middle,26-40,2025-09-25 21:38:32
USR001445,Tamil Nadu,Coimbatore,Health & Public Health,Pradhan Mantri Jan Aushadhi Yojana,Yes,No,High,18-25,2025-12-03 01:41:27
USR001446,Haryana,Hisar,Education & Scholarships,Post Matric Scholarship SC,Yes,Yes,Low,26-40,2025-07-12 09:14:02
USR001447,Kerala,Kannur,Education & Scholarships,National Means Cum Merit Scholarship,Yes,Yes,High,60+,2025-10-13 16:51:40
USR001448,Odisha,Cuttack,Health & Public Health,Mission Indradhanush,No,No,Middle,26-40,2026-02-18 19:46:31
USR001449,Uttar Pradesh,Meerut,Education & Scholarships,SHREYAS Scheme,No,No,Low,60+,2025-03-10 06:25:12
USR001450,Tripura,Khowai,Disability Support (Divyang Schemes),Unique Disability ID UDID,No,No,Middle,26-40,2025-05-14 20:13:04
USR001451,Bihar,Muzaffarpur,Education & Scholarships,PM Research Fellowship,No,No,Low,41-60,2025-05-17 18:43:30
USR001452,Tamil Nadu,Tiruppur,Senior Citizen Welfare,Indira Gandhi National Old Age Pension,Yes,Yes,High,41-60,2025-12-01 17:43:10
USR001453,West Bengal,Jalpaiguri,SC/ST/OBC Welfare,Venture Capital Fund SC,No,No,Middle,41-60,2025-08-23 19:10:06
USR001454,Gujarat,Surat,Health & Public Health,National Health Mission,No,No,Middle,41-60,2025-03-12 09:02:48
USR001455,Haryana,Rohtak,SC/ST/OBC Welfare,Credit Enhancement Scheme SC,Yes,Yes,Low,18-25,2025-04-04 18:50:05
USR001456,Tamil Nadu,Kancheepuram,SC/ST/OBC Welfare,Free Coaching Scheme SC OBC,Yes,Yes,Middle,41-60,2026-02-12 02:45:06
USR001457,Kerala,Thrissur,Education & Scholarships,Vidya Lakshmi Scheme,No,No,Middle,60+,2025-09-12 22:57:22
USR001458,Maharashtra,Nashik,SC/ST/OBC Welfare,Post Matric Scholarship OBC,No,No,Low,26-40,2025-04-02 01:20:29
USR001459,West Bengal,Darjeeling,Senior Citizen Welfare,National Social Assistance Programme,Yes,No,High,60+,2025-10-23 22:07:44
USR001460,Jharkhand,Dhanbad,Health & Public Health,TB Elimination Programme,Yes,No,High,60+,2025-08-11 15:53:09
USR001461,Bihar,Muzaffarpur,Agriculture & Allied Activities,e-NAM,Yes,No,Low,18-25,2026-02-15 13:03:10
USR001462,Uttarakhand,Haridwar,Health & Public Health,National Health Mission,No,No,Low,41-60,2026-01-06 07:27:19
USR001463,Manipur,Imphal West,Women Empowerment & Child Welfare,Pradhan Mantri Matru Vandana Yojana,Yes,No,Low,26-40,2025-09-22 18:36:05
USR001464,Manipur,Bishnupur,Education & Scholarships,Pre Matric Scholarship OBC,No,No,High,41-60,2025-05-11 11:47:27
USR001465,Punjab,Amritsar,Education & Scholarships,Pre Matric Scholarship OBC,Yes,No,High,41-60,2025-11-13 05:53:14
USR001466,Rajasthan,Barmer,Education & Scholarships,Mid Day Meal Scheme,No,No,Middle,41-60,2025-05-22 07:50:32
USR001467,Sikkim,West Sikkim,Agriculture & Allied Activities,PM Kisan Maan Dhan Yojana,Yes,No,Middle,18-25,2025-08-28 07:51:24
USR001468,Tripura,South Tripura,Education & Scholarships,Vidya Lakshmi Scheme,Yes,No,Middle,60+,2025-03-04 23:42:01
USR001469,Gujarat,Ahmedabad,Health & Public Health,National Health Mission,No,No,Low,26-40,2025-03-13 23:05:29
USR001470,Assam,Nagaon,SC/ST/OBC Welfare,Post Matric Scholarship OBC,Yes,Yes,High,26-40,2025-04-14 13:17:09
USR001471,Uttar Pradesh,Banaras,Education & Scholarships,National Overseas Scholarship,Yes,No,High,41-60,2025-08-20 17:16:42
USR001472,Odisha,Bargarh,Women Empowerment & Child Welfare,Pradhan Mantri Matru Vandana Yojana,Yes,Yes,High,60+,2025-06-26 08:26:55
USR001473,Andhra Pradesh,Chittoor,Education & Scholarships,Pre Matric Scholarship OBC,Yes,No,High,26-40,2025-09-11 14:09:21
USR001474,Maharashtra,Nashik,SC/ST/OBC Welfare,Pre Matric Scholarship SC,Yes,Yes,Low,26-40,2025-09-15 10:12:17
USR001475,Nagaland,Kohima,Health & Public Health,National Digital Health Mission,Yes,Yes,High,18-25,2025-10-18 22:41:50
USR001476,Haryana,Ambala,Senior Citizen Welfare,Indira Gandhi National Old Age Pension,Yes,No,High,60+,2025-04-07 01:19:18
USR001477,Mizoram,Kolasib,Disability Support (Divyang Schemes),Vidyasagar Scheme,Yes,Yes,Low,26-40,2025-12-24 06:48:41
USR001478,Gujarat,Ahmedabad,Senior Citizen Welfare,National Social Assistance Programme,Yes,No,Low,60+,2025-03-14 19:07:25
USR001479,Andhra Pradesh,Guntur,Disability Support (Divyang Schemes),National Trust Niramaya,Yes,Yes,High,60+,2025-06-25 04:48:29
USR001480,Rajasthan,Ajmer,Agriculture & Allied Activities,Kisan Credit Card,No,No,Middle,41-60,2025-04-12 07:45:55
USR001481,Sikkim,West Sikkim,Disability Support (Divyang Schemes),Deendayal Disabled Rehabilitation Scheme,Yes,Yes,High,18-25,2025-04-29 01:16:45
USR001482,Himachal Pradesh,Shimla,SC/ST/OBC Welfare,Pre Matric Scholarship SC,Yes,No,Middle,18-25,2025-11-19 07:19:09
USR001483,Kerala,Kottayam,Education & Scholarships,Top Class Education Scheme,Yes,No,Middle,60+,2025-06-17 07:16:05
USR001484,Odisha,Bargarh,SC/ST/OBC Welfare,Free Coaching Scheme SC OBC,Yes,Yes,Low,26-40,2025-03-26 07:17:26
USR001485,Meghalaya,East Garo Hills,Health & Public Health,Mission Indradhanush,No,No,Middle,60+,2025-04-08 15:44:42
USR001486,Bihar,Araria,SC/ST/OBC Welfare,Free Coaching Scheme SC OBC,No,No,High,26-40,2025-05-07 19:51:23
USR001487,Punjab,Sangrur,Agriculture & Allied Activities,e-NAM,Yes,Yes,High,18-25,2025-07-02 12:12:02
USR001488,Uttar Pradesh,Varanasi,Agriculture & Allied Activities,Paramparagat Krishi Vikas Yojana,No,No,Low,18-25,2025-05-21 01:36:06
USR001489,Manipur,Bishnupur,Education & Scholarships,Central Sector Scholarship Scheme,No,No,High,18-25,2025-04-09 16:28:27
USR001490,Bihar,Madhubani,Senior Citizen Welfare,Senior Citizen Savings Scheme,No,No,Low,18-25,2025-10-13 10:44:52
USR001491,Karnataka,Tumkur,Education & Scholarships,National Means Cum Merit Scholarship,Yes,Yes,Middle,26-40,2025-11-29 18:43:44
USR001492,Mizoram,Kolasib,Women Empowerment & Child Welfare,Working Women Hostel Scheme,Yes,No,Low,26-40,2026-01-31 23:37:46
USR001493,Tripura,Dhalai,Disability Support (Divyang Schemes),Indira Gandhi Disability Pension,No,No,Low,18-25,2025-12-24 16:58:52
USR001494,Tripura,Khowai,Senior Citizen Welfare,Atal Pension Yojana,Yes,Yes,High,26-40,2026-02-18 13:31:20
USR001495,Gujarat,Rajkot,Disability Support (Divyang Schemes),ADIP Scheme,Yes,Yes,High,60+,2026-02-25 02:19:54
USR001496,West Bengal,Murshidabad,Women Empowerment & Child Welfare,Mahila Samman Savings Certificate,No,No,Low,60+,2025-08-29 03:29:42
USR001497,Andhra Pradesh,Krishna,Agriculture & Allied Activities,Pradhan Mantri Fasal Bima Yojana,Yes,Yes,Middle,41-60,2025-03-09 05:58:21
USR001498,Tamil Nadu,Kancheepuram,Senior Citizen Welfare,Rashtriya Vayoshri Yojana,No,No,High,60+,2025-06-09 19:17:31
USR001499,Meghalaya,Cima,Senior Citizen Welfare,Elderline Helpline,Yes,Yes,Low,60+,2025-04-04 22:02:01
USR001500,Telangana,Medchal,Agriculture & Allied Activities,National Horticulture Mission,Yes,No,Middle,26-40,2025-11-03 12:14:01
USR001501,Nagaland,Peren,Senior Citizen Welfare,Annapurna Scheme,Yes,Yes,Low,41-60,2025-09-10 09:01:33
USR001502,Madhya Pradesh,Indore,SC/ST/OBC Welfare,Pre Matric Scholarship SC,Yes,No,High,60+,2025-09-20 11:07:33
USR001503,Tripura,Dhalai,SC/ST/OBC Welfare,PM DAKSH Scheme,Yes,No,Low,18-25,2026-02-21 05:34:03
USR001504,Tamil Nadu,Salem,Education & Scholarships,Top Class Education Scheme,Yes,Yes,High,41-60,2025-04-10 18:56:29
USR001505,Manipur,Imphal West,Education & Scholarships,PM Research Fellowship,Yes,Yes,Low,41-60,2025-12-13 11:28:43
USR001506,Andhra Pradesh,Chittoor,Senior Citizen Welfare,Elderline Helpline,Yes,Yes,Low,60+,2025-03-20 01:49:27
USR001507,Andhra Pradesh,Krishna,Agriculture & Allied Activities,National Horticulture Mission,No,No,Middle,18-25,2025-04-24 05:16:33
USR001508,Nagaland,Peren,Agriculture & Allied Activities,Pradhan Mantri Fasal Bima Yojana,Yes,No,Middle,18-25,2025-10-16 19:58:15
USR001509,Rajasthan,Jaipur,Senior Citizen Welfare,National Social Assistance Programme,No,No,Middle,18-25,2025-04-21 22:23:51
USR001510,Bihar,Araria,Health & Public Health,National Digital Health Mission,Yes,No,Low,26-40,2025-07-28 03:20:37
USR001511,Andhra Pradesh,Guntur,Senior Citizen Welfare,National Social Assistance Programme,Yes,Yes,High,18-25,2025-05-30 01:44:06
USR001512,Mizoram,Champhai,Health & Public Health,Pradhan Mantri Surakshit Matritva Abhiyan,Yes,Yes,Middle,41-60,2025-04-21 08:55:51
USR001513,Bihar,Patna,Health & Public Health,Janani Suraksha Yojana,No,No,Low,26-40,2025-06-14 22:22:56
USR001514,Mizoram,Aizawl,SC/ST/OBC Welfare,Pre Matric Scholarship SC,Yes,No,High,41-60,2025-07-17 04:55:59
USR001515,Uttarakhand,Nainital,Education & Scholarships,Mid Day Meal Scheme,Yes,Yes,High,60+,2025-08-15 02:43:32
USR001516,Jharkhand,Godda,Health & Public Health,Mission Indradhanush,No,No,Low,41-60,2025-09-08 10:24:07
USR001517,Andhra Pradesh,Guntur,Agriculture & Allied Activities,Soil Health Card Scheme,No,No,Middle,18-25,2025-05-15 04:16:07
USR001518,Maharashtra,Nashik,Women Empowerment & Child Welfare,Mahila Samman Savings Certificate,Yes,Yes,Low,41-60,2025-11-17 17:49:15
USR001519,Odisha,Bargarh,Agriculture & Allied Activities,PM Krishi Sinchai Yojana,No,No,High,41-60,2026-02-12 09:54:41
USR001520,Uttar Pradesh,Lucknow,Disability Support (Divyang Schemes),Indira Gandhi Disability Pension,No,No,High,26-40,2026-01-30 06:10:46
USR001521,Uttar Pradesh,Varanasi,Agriculture & Allied Activities,Soil Health Card Scheme,Yes,No,Middle,18-25,2025-10-18 11:48:35
USR001522,Haryana,Ambala,Agriculture & Allied Activities,PM-KISAN,Yes,Yes,Low,41-60,2025-11-18 14:08:45
USR001523,Bihar,Muzaffarpur,Health & Public Health,eSanjeevani Telemedicine,Yes,No,Middle,60+,2025-09-17 04:05:27
USR001524,Karnataka,Tumkur,Disability Support (Divyang Schemes),National Trust Niramaya,No,No,Low,60+,2025-12-19 02:38:58
USR001525,Tamil Nadu,Kancheepuram,Agriculture & Allied Activities,National Horticulture Mission,Yes,No,Low,18-25,2025-05-25 10:37:37
USR001526,Gujarat,Rajkot,SC/ST/OBC Welfare,National Fellowship OBC,Yes,Yes,Low,60+,2025-08-02 22:28:53
USR001527,Sikkim,South Sikkim,Health & Public Health,eSanjeevani Telemedicine,No,No,Low,26-40,2025-08-16 16:12:55
USR001528,Punjab,Ludhiana,Health & Public Health,Mission Indradhanush,Yes,No,High,60+,2025-05-07 13:21:52
USR001529,Manipur,Ukhrul,Agriculture & Allied Activities,Agriculture Infrastructure Fund,No,No,High,26-40,2025-03-17 07:47:16
USR001530,Sikkim,West Sikkim,Disability Support (Divyang Schemes),Samarth Scheme,Yes,Yes,High,26-40,2025-06-08 08:48:44
USR001531,Jharkhand,Dumka,Agriculture & Allied Activities,PM Krishi Sinchai Yojana,No,No,Middle,26-40,2026-02-07 18:33:08
USR001532,Karnataka,Mysore,SC/ST/OBC Welfare,Venture Capital Fund SC,Yes,No,Middle,26-40,2025-07-13 16:56:05
USR001533,Kerala,Thiruvananthapuram,Disability Support (Divyang Schemes),National Trust Niramaya,No,No,Middle,60+,2025-07-28 20:01:51
USR001534,Bihar,East Champaran,Women Empowerment & Child Welfare,Beti Bachao Beti Padhao,Yes,No,Low,18-25,2026-01-31 22:02:45
USR001535,Odisha,Bhubaneswar,Women Empowerment & Child Welfare,One Stop Centre Scheme,Yes,Yes,Middle,18-25,2026-02-09 22:54:28
USR001536,Maharashtra,Nashik,SC/ST/OBC Welfare,Venture Capital Fund SC,Yes,Yes,Low,60+,2025-08-15 16:27:17
USR001537,Mizoram,Champhai,SC/ST/OBC Welfare,NSFDC Loan Schemes,Yes,Yes,Low,60+,2025-12-01 16:47:21
USR001538,West Bengal,Howrah,Health & Public Health,TB Elimination Programme,Yes,Yes,Low,41-60,2025-11-17 00:34:44
USR001539,Maharashtra,Nagpur,Education & Scholarships,Top Class Education Scheme,Yes,No,Middle,18-25,2026-01-15 03:16:32
USR001540,Mizoram,Mamit,Disability Support (Divyang Schemes),Unique Disability ID UDID,Yes,No,Low,26-40,2025-06-23 00:14:59
USR001541,Kerala,Kottayam,SC/ST/OBC Welfare,Pre Matric Scholarship SC,Yes,No,Low,60+,2025-04-21 04:09:18
USR001542,Uttar Pradesh,Varanasi,Disability Support (Divyang Schemes),Unique Disability ID UDID,No,No,Middle,60+,2025-04-26 22:40:41
USR001543,Gujarat,Ahmedabad,Agriculture & Allied Activities,PM Krishi Sinchai Yojana,No,No,High,26-40,2025-11-22 10:40:58
USR001544,Maharashtra,Nagpur,Women Empowerment & Child Welfare,Beti Bachao Beti Padhao,Yes,Yes,Low,26-40,2025-03-07 02:50:27
USR001545,Uttarakhand,Pithoragarh,Women Empowerment & Child Welfare,Working Women Hostel Scheme,No,No,High,60+,2025-03-20 13:06:44
USR001546,Uttarakhand,Nainital,Disability Support (Divyang Schemes),Samarth Scheme,Yes,Yes,High,18-25,2025-04-24 06:18:04
USR001547,Uttarakhand,Bageshwar,Education & Scholarships,National Means Cum Merit Scholarship,Yes,No,Low,26-40,2025-07-02 03:57:14
USR001548,Himachal Pradesh,Kangra,SC/ST/OBC Welfare,NSFDC Loan Schemes,Yes,No,High,60+,2025-08-02 22:38:00
USR001549,Sikkim,East Sikkim,Health & Public Health,Pradhan Mantri Jan Aushadhi Yojana,Yes,Yes,High,18-25,2026-01-25 10:27:00
USR001550,Meghalaya,East Khasi Hills,Disability Support (Divyang Schemes),ADIP Scheme,Yes,No,Middle,60+,2025-12-16 21:42:50
USR001551,Meghalaya,Cima,Senior Citizen Welfare,Annapurna Scheme,Yes,Yes,High,26-40,2025-06-06 19:04:25
USR001552,Punjab,Ferozepur,Women Empowerment & Child Welfare,Anganwadi Services ICDS,No,No,Middle,41-60,2025-03-13 13:20:41
USR001553,Odisha,Balasore,Women Empowerment & Child Welfare,Mahila Samman Savings Certificate,No,No,Middle,41-60,2026-01-17 09:23:46
USR001554,Madhya Pradesh,Indore,Senior Citizen Welfare,Atal Pension Yojana,No,No,High,41-60,2025-12-11 20:32:54
USR001555,Himachal Pradesh,Kinnaur,Education & Scholarships,SHREYAS Scheme,No,No,High,18-25,2026-01-02 20:39:20
USR001556,Andhra Pradesh,Krishna,Disability Support (Divyang Schemes),Unique Disability ID UDID,No,No,High,18-25,2026-01-04 07:11:40
USR001557,Haryana,Karnal,SC/ST/OBC Welfare,NSFDC Loan Schemes,No,No,Middle,60+,2025-08-18 18:37:19
USR001558,Punjab,Ludhiana,Senior Citizen Welfare,Senior Citizen Savings Scheme,No,No,Middle,18-25,2025-09-05 10:14:03
USR001559,Meghalaya,West Garo Hills,SC/ST/OBC Welfare,Venture Capital Fund SC,No,No,High,26-40,2025-06-20 23:19:58
USR001560,Andhra Pradesh,Visakhapatnam,SC/ST/OBC Welfare,Free Coaching Scheme SC OBC,Yes,Yes,High,26-40,2025-07-09 19:52:00
USR001561,Karnataka,Mysore,Education & Scholarships,Central Sector Scholarship Scheme,Yes,Yes,Middle,18-25,2025-11-20 03:32:56
USR001562,Maharashtra,Kolhapur,Disability Support (Divyang Schemes),Accessible India Campaign,Yes,No,High,18-25,2025-07-04 19:37:22
USR001563,Haryana,Gurgaon,Disability Support (Divyang Schemes),Gharaunda Scheme,Yes,Yes,High,60+,2026-01-30 19:54:43
USR001564,Haryana,Hisar,Disability Support (Divyang Schemes),Indira Gandhi Disability Pension,Yes,Yes,Middle,41-60,2025-10-28 13:33:10
USR001565,Mizoram,Kolasib,Women Empowerment & Child Welfare,Beti Bachao Beti Padhao,Yes,Yes,Middle,60+,2025-12-17 19:42:06
USR001566,Nagaland,Tuensang,SC/ST/OBC Welfare,Free Coaching Scheme SC OBC,Yes,Yes,Low,60+,2025-10-30 10:30:17
USR001567,Meghalaya,West Garo Hills,Health & Public Health,Mission Indradhanush,No,No,Middle,60+,2025-08-23 16:24:50
USR001568,Kerala,Kozhikode,SC/ST/OBC Welfare,NSFDC Loan Schemes,Yes,Yes,Middle,60+,2025-07-03 22:34:20
USR001569,Odisha,Bargarh,SC/ST/OBC Welfare,Venture Capital Fund SC,Yes,Yes,High,26-40,2025-04-23 01:06:20
USR001570,Manipur,Bishnupur,Agriculture & Allied Activities,Paramparagat Krishi Vikas Yojana,No,No,Low,41-60,2025-12-21 01:35:33
USR001571,Himachal Pradesh,Mandi,Disability Support (Divyang Schemes),National Trust Niramaya,Yes,No,High,41-60,2025-06-22 13:58:52
USR001572,Maharashtra,Nashik,Disability Support (Divyang Schemes),Sahyogi Scheme,No,No,High,18-25,2025-08-04 16:58:36
USR001573,West Bengal,Kolkata,Senior Citizen Welfare,Atal Pension Yojana,No,No,High,60+,2025-06-18 14:37:00
USR001574,Rajasthan,Jaipur,SC/ST/OBC Welfare,National Fellowship SC,Yes,Yes,Middle,41-60,2025-07-27 07:34:08
USR001575,Assam,Sonitpur,Women Empowerment & Child Welfare,Pradhan Mantri Matru Vandana Yojana,Yes,No,Low,18-25,2026-02-09 04:13:35
USR001576,Andhra Pradesh,Visakhapatnam,Agriculture & Allied Activities,PM Krishi Sinchai Yojana,No,No,High,26-40,2025-09-10 13:15:47
USR001577,Manipur,Imphal West,SC/ST/OBC Welfare,Top Class Education SC,No,No,Middle,26-40,2025-03-26 09:56:16
USR001578,Odisha,Jajpur,Women Empowerment & Child Welfare,Working Women Hostel Scheme,No,No,Middle,26-40,2025-05-31 12:16:07
USR001579,Assam,Cachar,Women Empowerment & Child Welfare,POSHAN Abhiyaan,Yes,No,Middle,26-40,2025-08-12 03:04:53
USR001580,Mizoram,Lunglei,Health & Public Health,Pradhan Mantri Surakshit Matritva Abhiyan,Yes,No,Middle,41-60,2025-08-19 08:18:58
USR001581,Manipur,Imphal West,Health & Public Health,TB Elimination Programme,Yes,No,Low,60+,2026-01-02 12:27:42
USR001582,Haryana,Hisar,Education & Scholarships,SHREYAS Scheme,Yes,No,Middle,26-40,2025-03-06 15:55:01
USR001583,Telangana,Nalgonda,Agriculture & Allied Activities,PM-KISAN,Yes,Yes,Low,60+,2025-08-14 21:21:31
USR001584,Tamil Nadu,Coimbatore,Agriculture & Allied Activities,National Horticulture Mission,Yes,Yes,Low,18-25,2026-02-03 09:27:47
USR001585,Karnataka,Bangalore,Education & Scholarships,Vidya Lakshmi Scheme,Yes,No,Middle,41-60,2025-07-19 09:48:45
USR001586,Jharkhand,Ranchi,Education & Scholarships,Vidya Lakshmi Scheme,Yes,No,Middle,60+,2025-08-24 06:58:05
USR001587,Sikkim,West Sikkim,Women Empowerment & Child Welfare,Mahila Shakti Kendra,No,No,Low,60+,2025-09-18 05:29:58
USR001588,Nagaland,Zunheboto,Women Empowerment & Child Welfare,Anganwadi Services ICDS,No,No,High,41-60,2026-01-12 19:39:57
USR001589,Gujarat,Bharuch,SC/ST/OBC Welfare,PM DAKSH Scheme,Yes,Yes,High,60+,2025-04-30 04:48:40
USR001590,Punjab,Jalandhar,Education & Scholarships,Pre Matric Scholarship OBC,Yes,No,Middle,60+,2025-07-13 18:15:11
USR001591,Chhattisgarh,Rajnandgaon,Disability Support (Divyang Schemes),Vidyasagar Scheme,Yes,No,Low,18-25,2025-05-26 19:37:00
USR001592,Assam,Cachar,Agriculture & Allied Activities,Soil Health Card Scheme,No,No,Low,60+,2026-01-24 21:52:18
USR001593,Haryana,Karnal,Disability Support (Divyang Schemes),Vidyasagar Scheme,No,No,Low,41-60,2025-11-01 16:02:31
USR001594,Chhattisgarh,Raipur,Women Empowerment & Child Welfare,Pradhan Mantri Matru Vandana Yojana,Yes,No,Middle,60+,2025-07-31 23:28:05
USR001595,Andhra Pradesh,Nellore,Women Empowerment & Child Welfare,Anganwadi Services ICDS,Yes,Yes,Middle,60+,2025-12-13 22:45:59
USR001596,Jharkhand,Ranchi,Education & Scholarships,Top Class Education Scheme,No,No,High,26-40,2026-01-08 05:12:45
USR001597,Assam,Sonitpur,Education & Scholarships,Vidya Lakshmi Scheme,No,No,Low,41-60,2025-03-25 04:15:31
USR001598,Odisha,Balasore,Disability Support (Divyang Schemes),Deendayal Disabled Rehabilitation Scheme,Yes,No,High,26-40,2025-05-13 03:49:11
USR001599,Assam,Barpeta,Health & Public Health,eSanjeevani Telemedicine,No,No,Low,41-60,2026-02-02 08:19:50
USR001600,Chhattisgarh,Bilaspur,Education & Scholarships,Vidya Lakshmi Scheme,No,No,Low,26-40,2025-10-21 15:14:22
USR001601,Odisha,Bargarh,Agriculture & Allied Activities,Paramparagat Krishi Vikas Yojana,Yes,No,Low,26-40,2025-05-31 09:46:40
USR001602,Kerala,Thrissur,Disability Support (Divyang Schemes),Sahyogi Scheme,Yes,Yes,Low,18-25,2025-05-03 11:56:12
USR001603,Andhra Pradesh,Kadapa,Education & Scholarships,SHREYAS Scheme,Yes,Yes,High,18-25,2026-02-25 23:53:45
USR001604,Manipur,Bishnupur,Education & Scholarships,National Overseas Scholarship,Yes,Yes,Low,18-25,2026-01-20 11:00:09
USR001605,Karnataka,Mangalore,SC/ST/OBC Welfare,NSFDC Loan Schemes,Yes,No,Middle,60+,2025-07-09 07:09:12
USR001606,Chhattisgarh,Janjgir-Champa,Health & Public Health,TB Elimination Programme,Yes,Yes,High,60+,2025-11-03 01:29:26
USR001607,Jharkhand,Giridih,Senior Citizen Welfare,Varishtha Pension Bima Yojana,Yes,No,High,26-40,2025-04-26 22:04:45
USR001608,Punjab,Amritsar,Disability Support (Divyang Schemes),Accessible India Campaign,Yes,No,Low,60+,2025-04-10 15:03:35
USR001609,Haryana,Rohtak,Senior Citizen Welfare,National Social Assistance Programme,Yes,Yes,Middle,41-60,2025-05-11 10:06:51
USR001610,Uttarakhand,Haridwar,Senior Citizen Welfare,Rashtriya Vayoshri Yojana,Yes,No,Middle,26-40,2025-09-19 17:08:16
USR001611,Manipur,Imphal East,SC/ST/OBC Welfare,Free Coaching Scheme SC OBC,Yes,No,Middle,18-25,2025-07-20 03:22:17
USR001612,Gujarat,Surat,Education & Scholarships,Central Sector Scholarship Scheme,Yes,No,Middle,18-25,2025-06-15 19:33:38
USR001613,Madhya Pradesh,Sagar,Senior Citizen Welfare,Senior Citizen Savings Scheme,Yes,Yes,Middle,18-25,2025-07-23 08:30:37
USR001614,Karnataka,Belgaum,Senior Citizen Welfare,Integrated Programme for Older Persons,Yes,No,Middle,18-25,2025-03-09 05:28:49
USR001615,Tripura,West Tripura,SC/ST/OBC Welfare,Venture Capital Fund SC,Yes,No,Low,60+,2025-03-04 21:49:09
USR001616,Bihar,East Champaran,Women Empowerment & Child Welfare,Ujjawala Scheme,No,No,Low,60+,2025-12-25 08:46:46
USR001617,Jharkhand,Deoghar,Senior Citizen Welfare,PM Vaya Vandana Yojana,No,No,High,26-40,2025-05-22 03:22:35
USR001618,Maharashtra,Nagpur,Education & Scholarships,SHREYAS Scheme,Yes,No,Low,60+,2026-01-03 05:33:18
USR001619,Haryana,Hisar,Senior Citizen Welfare,Atal Pension Yojana,Yes,No,Low,18-25,2025-08-20 08:07:41
USR001620,Bihar,Madhubani,Disability Support (Divyang Schemes),Unique Disability ID UDID,Yes,Yes,High,26-40,2025-11-28 04:01:41
USR001621,Tripura,South Tripura,Health & Public Health,National Health Mission,Yes,Yes,Middle,18-25,2025-09-09 09:14:24
USR001622,Meghalaya,East Garo Hills,Women Empowerment & Child Welfare,Mahila Shakti Kendra,Yes,No,High,26-40,2025-12-26 13:02:28
USR001623,Gujarat,Bharuch,Women Empowerment & Child Welfare,Ujjawala Scheme,No,No,High,41-60,2025-08-24 21:13:41
USR001624,Kerala,Kozhikode,SC/ST/OBC Welfare,National Fellowship SC,Yes,No,Middle,60+,2025-09-05 16:34:25
USR001625,Kerala,Thrissur,SC/ST/OBC Welfare,National Fellowship OBC,Yes,Yes,Low,60+,2025-10-18 06:40:01
USR001626,Assam,Barpeta,Disability Support (Divyang Schemes),Sahyogi Scheme,Yes,No,Middle,41-60,2025-04-21 18:37:27
USR001627,Chhattisgarh,Raipur,Health & Public Health,eSanjeevani Telemedicine,No,No,Low,18-25,2026-02-15 05:31:09
USR001628,Manipur,Bishnupur,Health & Public Health,Ayushman Bharat PM-JAY,No,No,Low,41-60,2025-03-05 07:07:58
USR001629,Madhya Pradesh,Gwalior,Disability Support (Divyang Schemes),Unique Disability ID UDID,Yes,Yes,Low,18-25,2025-11-14 16:11:03
USR001630,Bihar,Muzaffarpur,Women Empowerment & Child Welfare,Pradhan Mantri Matru Vandana Yojana,Yes,Yes,High,26-40,2025-04-06 03:44:26
USR001631,Manipur,Senapati,Women Empowerment & Child Welfare,STEP Scheme,Yes,Yes,High,18-25,2025-05-25 15:38:37
USR001632,Jharkhand,Godda,Disability Support (Divyang Schemes),Vidyasagar Scheme,Yes,Yes,Low,60+,2025-08-21 20:18:49
USR001633,Gujarat,Ahmedabad,Agriculture & Allied Activities,PM Krishi Sinchai Yojana,No,No,High,18-25,2025-08-03 12:58:20
USR001634,Mizoram,Kolasib,Disability Support (Divyang Schemes),Samarth Scheme,Yes,No,High,18-25,2025-09-09 06:51:48
USR001635,Karnataka,Bangalore,Senior Citizen Welfare,Indira Gandhi National Old Age Pension,Yes,Yes,Middle,26-40,2025-04-06 07:00:27
USR001636,Tripura,Khowai,Health & Public Health,eSanjeevani Telemedicine,Yes,Yes,Middle,41-60,2025-10-23 20:52:24
USR001637,Sikkim,North Sikkim,Agriculture & Allied Activities,National Horticulture Mission,No,No,Middle,26-40,2025-10-03 08:14:10
USR001638,Assam,Kamrup,Education & Scholarships,Post Matric Scholarship SC,No,No,Middle,60+,2025-05-02 15:23:58
USR001639,Andhra Pradesh,Krishna,Agriculture & Allied Activities,Paramparagat Krishi Vikas Yojana,No,No,High,60+,2026-01-16 14:17:59
USR001640,West Bengal,Birbhum,Senior Citizen Welfare,PM Vaya Vandana Yojana,Yes,Yes,Middle,41-60,2026-02-12 08:22:08
USR001641,Assam,Sonitpur,Education & Scholarships,National Means Cum Merit Scholarship,Yes,Yes,Low,60+,2026-02-03 05:06:04
USR001642,Kerala,Thiruvananthapuram,Agriculture & Allied Activities,PM-KISAN,Yes,Yes,Low,18-25,2025-07-17 08:37:29
USR001643,Uttarakhand,Haridwar,Health & Public Health,Pradhan Mantri Jan Aushadhi Yojana,No,No,Low,41-60,2026-02-08 16:52:33
USR001644,Uttar Pradesh,Meerut,Disability Support (Divyang Schemes),Indira Gandhi Disability Pension,Yes,No,High,60+,2026-01-06 20:07:46
USR001645,West Bengal,Howrah,Education & Scholarships,Post Matric Scholarship SC,Yes,No,Low,18-25,2026-02-08 10:24:42
USR001646,Punjab,Ferozepur,Education & Scholarships,National Overseas Scholarship,Yes,Yes,Low,18-25,2025-06-28 12:16:12
USR001647,Manipur,Imphal West,Education & Scholarships,Top Class Education Scheme,Yes,Yes,High,41-60,2026-01-16 23:08:14
USR001648,Kerala,Thrissur,Disability Support (Divyang Schemes),Gharaunda Scheme,No,No,Low,60+,2025-10-04 02:49:46
USR001649,Madhya Pradesh,Indore,Education & Scholarships,SHREYAS Scheme,No,No,High,26-40,2025-12-04 00:09:11
USR001650,Assam,Sonitpur,SC/ST/OBC Welfare,Venture Capital Fund SC,Yes,Yes,Low,41-60,2025-11-09 20:57:01
USR001651,Sikkim,West Sikkim,Senior Citizen Welfare,Senior Citizen Savings Scheme,No,No,Low,26-40,2025-05-24 05:47:55
USR001652,Punjab,Patiala,Senior Citizen Welfare,Rashtriya Vayoshri Yojana,Yes,No,Low,18-25,2025-11-28 19:01:31
USR001653,Sikkim,South Sikkim,Senior Citizen Welfare,Varishtha Pension Bima Yojana,No,No,Middle,18-25,2025-07-28 23:39:54
USR001654,Jharkhand,Deoghar,Disability Support (Divyang Schemes),Unique Disability ID UDID,Yes,Yes,Middle,18-25,2025-06-21 16:38:19
USR001655,Andhra Pradesh,Nellore,Education & Scholarships,Top Class Education Scheme,No,No,Middle,18-25,2025-06-11 21:59:22
USR001656,Karnataka,Mysore,SC/ST/OBC Welfare,Free Coaching Scheme SC OBC,Yes,No,Low,60+,2026-02-19 09:51:37
USR001657,Nagaland,Kohima,Health & Public Health,eSanjeevani Telemedicine,Yes,Yes,Low,41-60,2025-08-30 10:44:10
USR001658,Kerala,Kozhikode,Women Empowerment & Child Welfare,Pradhan Mantri Matru Vandana Yojana,Yes,Yes,Middle,60+,2025-10-20 21:17:26
USR001659,Meghalaya,East Khasi Hills,Education & Scholarships,Pre Matric Scholarship OBC,Yes,No,Middle,18-25,2025-07-08 12:54:49
USR001660,Karnataka,Tumkur,Agriculture & Allied Activities,Pradhan Mantri Fasal Bima Yojana,Yes,Yes,Middle,26-40,2025-08-05 20:49:02
USR001661,Haryana,Ambala,SC/ST/OBC Welfare,National Fellowship OBC,No,No,Low,26-40,2025-09-10 14:43:56
USR001662,Tripura,Dhalai,Disability Support (Divyang Schemes),Deendayal Disabled Rehabilitation Scheme,Yes,Yes,Middle,26-40,2025-09-13 15:57:23
USR001663,Maharashtra,Kolhapur,SC/ST/OBC Welfare,Pre Matric Scholarship SC,Yes,Yes,Middle,41-60,2025-06-05 08:48:17
USR001664,Kerala,Kozhikode,Senior Citizen Welfare,Rashtriya Vayoshri Yojana,Yes,Yes,Low,60+,2025-05-14 19:56:11
USR001665,West Bengal,Jalpaiguri,Women Empowerment & Child Welfare,Anganwadi Services ICDS,Yes,Yes,Middle,18-25,2025-11-19 00:01:14
USR001666,Mizoram,Champhai,Disability Support (Divyang Schemes),National Trust Niramaya,No,No,Middle,60+,2025-04-04 21:46:00
USR001667,Mizoram,Saiha,Women Empowerment & Child Welfare,STEP Scheme,Yes,Yes,Low,18-25,2025-04-28 07:49:34
USR001668,Andhra Pradesh,Chittoor,Education & Scholarships,PM Research Fellowship,Yes,No,Low,26-40,2025-04-05 06:21:40
USR001669,Manipur,Bishnupur,Agriculture & Allied Activities,PM Kisan Maan Dhan Yojana,Yes,No,Low,60+,2025-05-27 09:55:13
USR001670,Gujarat,Vadodara,Senior Citizen Welfare,Varishtha Pension Bima Yojana,No,No,High,60+,2026-01-02 11:22:09
USR001671,Maharashtra,Aurangabad,Education & Scholarships,SHREYAS Scheme,Yes,Yes,High,26-40,2025-07-19 17:19:18
USR001672,Uttar Pradesh,Varanasi,Senior Citizen Welfare,PM Vaya Vandana Yojana,No,No,Middle,60+,2025-07-14 09:17:00
USR001673,Haryana,Hisar,Health & Public Health,Mission Indradhanush,Yes,No,Middle,18-25,2025-03-22 20:43:48
USR001674,Punjab,Jalandhar,Disability Support (Divyang Schemes),Deendayal Disabled Rehabilitation Scheme,No,No,High,41-60,2025-07-02 03:37:07
USR001675,Haryana,Gurgaon,SC/ST/OBC Welfare,National Fellowship OBC,No,No,High,60+,2025-08-25 18:39:06
USR001676,Uttar Pradesh,Kanpur,Disability Support (Divyang Schemes),Gharaunda Scheme,No,No,High,18-25,2025-09-29 00:08:47
USR001677,Uttarakhand,Haridwar,Women Empowerment & Child Welfare,Anganwadi Services ICDS,Yes,No,Low,26-40,2026-01-14 18:13:29
USR001678,Rajasthan,Jaipur,Women Empowerment & Child Welfare,Beti Bachao Beti Padhao,Yes,Yes,Middle,18-25,2025-06-29 21:52:11
USR001679,Uttar Pradesh,Meerut,Disability Support (Divyang Schemes),Gharaunda Scheme,Yes,No,Middle,60+,2025-10-07 11:01:22
USR001680,Odisha,Cuttack,Agriculture & Allied Activities,National Horticulture Mission,Yes,Yes,Low,26-40,2025-12-31 01:45:47
USR001681,Bihar,East Champaran,Women Empowerment & Child Welfare,Anganwadi Services ICDS,Yes,No,High,60+,2025-12-23 13:31:34
USR001682,Uttarakhand,Almora,Women Empowerment & Child Welfare,One Stop Centre Scheme,Yes,No,Low,60+,2025-09-12 13:03:13
USR001683,Kerala,Thrissur,Agriculture & Allied Activities,PM-KISAN,Yes,Yes,Low,41-60,2025-10-09 19:30:06
USR001684,Rajasthan,Bikaner,Senior Citizen Welfare,National Social Assistance Programme,Yes,Yes,High,26-40,2025-04-30 03:12:10
USR001685,Mizoram,Mamit,Health & Public Health,Rashtriya Swasthya Bima Yojana,No,No,Middle,41-60,2025-10-25 07:23:50
USR001686,Bihar,Muzaffarpur,Education & Scholarships,Central Sector Scholarship Scheme,Yes,No,High,60+,2026-02-24 06:02:44
USR001687,West Bengal,Murshidabad,Women Empowerment & Child Welfare,POSHAN Abhiyaan,Yes,Yes,Low,26-40,2025-06-24 02:32:48
USR001688,Kerala,Thrissur,SC/ST/OBC Welfare,Post Matric Scholarship OBC,No,No,Middle,26-40,2025-06-11 15:47:44
USR001689,Mizoram,Aizawl,Health & Public Health,National Digital Health Mission,No,No,Low,41-60,2025-03-14 08:57:19
USR001690,Tripura,West Tripura,Health & Public Health,National Digital Health Mission,Yes,Yes,Low,41-60,2025-09-14 13:45:48
USR001691,Gujarat,Junagadh,Health & Public Health,Ayushman Bharat PM-JAY,Yes,Yes,High,18-25,2025-09-08 13:41:31
USR001692,Kerala,Kannur,Agriculture & Allied Activities,PM Kisan Maan Dhan Yojana,Yes,Yes,Middle,41-60,2025-09-05 10:45:47
USR001693,Nagaland,Zunheboto,Agriculture & Allied Activities,Soil Health Card Scheme,Yes,Yes,Middle,60+,2025-07-04 03:05:08
USR001694,Rajasthan,Jodhpur,Disability Support (Divyang Schemes),National Trust Niramaya,No,No,Low,41-60,2025-09-27 10:11:24
USR001695,Maharashtra,Aurangabad,SC/ST/OBC Welfare,National Fellowship OBC,Yes,Yes,High,26-40,2025-05-12 11:08:55
USR001696,Himachal Pradesh,Lahul,Education & Scholarships,SHREYAS Scheme,No,No,Middle,18-25,2026-02-08 04:23:43
USR001697,Nagaland,Peren,Agriculture & Allied Activities,Agriculture Infrastructure Fund,No,No,Low,60+,2025-10-29 04:15:52
USR001698,Maharashtra,Nagpur,SC/ST/OBC Welfare,Free Coaching Scheme SC OBC,Yes,Yes,High,60+,2026-01-02 15:49:53
USR001699,Sikkim,East Sikkim,Women Empowerment & Child Welfare,Mahila Samman Savings Certificate,Yes,No,Low,41-60,2025-09-25 23:41:20
USR001700,Karnataka,Mangalore,SC/ST/OBC Welfare,Free Coaching Scheme SC OBC,No,No,High,41-60,2025-10-08 17:58:16
USR001701,Madhya Pradesh,Bhopal,Agriculture & Allied Activities,PM Kisan Maan Dhan Yojana,No,No,High,41-60,2025-11-07 15:57:27
USR001702,Andhra Pradesh,Chittoor,Women Empowerment & Child Welfare,Working Women Hostel Scheme,No,No,High,41-60,2025-05-07 10:07:19
USR001703,Haryana,Hisar,Senior Citizen Welfare,Elderline Helpline,No,No,Middle,18-25,2026-02-11 12:49:43
USR001704,Andhra Pradesh,Nellore,Education & Scholarships,National Means Cum Merit Scholarship,No,No,Low,41-60,2025-07-12 07:42:09
USR001705,Kerala,Kozhikode,Women Empowerment & Child Welfare,Anganwadi Services ICDS,No,No,Middle,26-40,2025-07-14 14:41:34
USR001706,West Bengal,Kolkata,Disability Support (Divyang Schemes),Sahyogi Scheme,No,No,Low,41-60,2025-05-13 16:36:26
USR001707,Kerala,Ernakulathappan,SC/ST/OBC Welfare,National Fellowship OBC,No,No,High,60+,2025-05-15 01:09:47
USR001708,Punjab,Amritsar,Disability Support (Divyang Schemes),National Trust Niramaya,Yes,Yes,Middle,26-40,2026-02-24 21:08:32
USR001709,Uttar Pradesh,Meerut,Education & Scholarships,SHREYAS Scheme,Yes,No,Middle,26-40,2025-09-23 19:56:57
USR001710,Manipur,Senapati,Disability Support (Divyang Schemes),Samarth Scheme,Yes,Yes,Middle,18-25,2025-11-10 12:52:39
USR001711,Jharkhand,Deoghar,Women Empowerment & Child Welfare,Ujjawala Scheme,Yes,No,Middle,41-60,2025-05-25 11:40:03
USR001712,Himachal Pradesh,Kangra,SC/ST/OBC Welfare,Venture Capital Fund SC,No,No,High,26-40,2025-10-06 12:27:04
USR001713,Kerala,Kozhikode,Senior Citizen Welfare,Indira Gandhi National Old Age Pension,Yes,Yes,High,60+,2025-06-12 00:26:47
USR001714,Maharashtra,Kolhapur,Health & Public Health,National Health Mission,No,No,Low,60+,2025-03-07 13:38:16
USR001715,Odisha,Cuttack,Women Empowerment & Child Welfare,One Stop Centre Scheme,Yes,No,High,60+,2025-06-18 22:51:13
USR001716,Madhya Pradesh,Indore,Women Empowerment & Child Welfare,Beti Bachao Beti Padhao,No,No,Middle,18-25,2025-11-13 14:28:48
USR001717,Rajasthan,Ajmer,Women Empowerment & Child Welfare,Beti Bachao Beti Padhao,No,No,Low,41-60,2026-02-22 20:43:24
USR001718,Nagaland,Tuensang,Disability Support (Divyang Schemes),Vidyasagar Scheme,No,No,High,18-25,2026-02-26 04:51:06
USR001719,Himachal Pradesh,Mandi,Disability Support (Divyang Schemes),Samarth Scheme,Yes,No,High,41-60,2025-04-30 01:37:02
USR001720,Tripura,Khowai,Disability Support (Divyang Schemes),Indira Gandhi Disability Pension,Yes,Yes,Low,26-40,2025-03-25 23:26:16
USR001721,Haryana,Gurgaon,Health & Public Health,Mission Indradhanush,No,No,Low,26-40,2026-01-13 03:11:30
USR001722,Himachal Pradesh,Lahul,Women Empowerment & Child Welfare,Anganwadi Services ICDS,Yes,Yes,High,60+,2025-06-06 08:11:04
USR001723,West Bengal,Darjeeling,Senior Citizen Welfare,Annapurna Scheme,No,No,High,18-25,2025-10-09 00:19:37
USR001724,Karnataka,Mangalore,Agriculture & Allied Activities,e-NAM,No,No,Low,18-25,2025-11-08 01:33:37
USR001725,Meghalaya,Cima,Education & Scholarships,Post Matric Scholarship SC,No,No,Low,26-40,2025-05-12 22:51:55
USR001726,Uttar Pradesh,Banaras,Health & Public Health,Ayushman Bharat PM-JAY,Yes,Yes,Middle,41-60,2025-04-07 00:57:53
USR001727,Haryana,Karnal,Health & Public Health,eSanjeevani Telemedicine,Yes,Yes,Low,18-25,2025-10-05 18:57:57
USR001728,Meghalaya,Cima,Senior Citizen Welfare,Varishtha Pension Bima Yojana,Yes,No,Middle,60+,2026-01-24 08:44:47
USR001729,Tripura,West Tripura,Disability Support (Divyang Schemes),Samarth Scheme,No,No,High,18-25,2025-06-13 16:53:31
USR001730,Jharkhand,Ranchi,SC/ST/OBC Welfare,Post Matric Scholarship OBC,Yes,No,Low,26-40,2025-04-14 00:29:42
USR001731,Karnataka,Bangalore,Women Empowerment & Child Welfare,Anganwadi Services ICDS,No,No,High,60+,2025-11-15 14:56:56
USR001732,Odisha,Jajpur,Agriculture & Allied Activities,PM Kisan Maan Dhan Yojana,No,No,Middle,41-60,2025-08-07 13:50:54
USR001733,Chhattisgarh,Rajnandgaon,Senior Citizen Welfare,National Social Assistance Programme,No,No,High,18-25,2025-03-06 15:45:57
USR001734,Uttarakhand,Pithoragarh,Education & Scholarships,National Means Cum Merit Scholarship,Yes,Yes,Low,18-25,2026-02-04 23:59:16
USR001735,Manipur,Imphal East,Women Empowerment & Child Welfare,Pradhan Mantri Matru Vandana Yojana,Yes,Yes,High,41-60,2026-01-08 20:25:47
USR001736,Maharashtra,Mumbai,Health & Public Health,Pradhan Mantri Surakshit Matritva Abhiyan,No,No,Middle,60+,2025-06-20 17:38:32
USR001737,Gujarat,Vadodara,Disability Support (Divyang Schemes),Samarth Scheme,Yes,Yes,Middle,18-25,2025-03-30 17:02:42
USR001738,Karnataka,Belgaum,Agriculture & Allied Activities,e-NAM,Yes,No,Low,60+,2025-03-22 12:35:11
USR001739,Telangana,Karimnagar,SC/ST/OBC Welfare,Free Coaching Scheme SC OBC,Yes,No,High,18-25,2025-07-02 11:25:52
USR001740,Gujarat,Bharuch,Disability Support (Divyang Schemes),Gharaunda Scheme,Yes,Yes,High,18-25,2025-03-06 05:11:56
USR001741,West Bengal,Darjeeling,Agriculture & Allied Activities,Pradhan Mantri Fasal Bima Yojana,No,No,High,41-60,2025-05-20 21:09:07
USR001742,Chhattisgarh,Rajnandgaon,Health & Public Health,Pradhan Mantri Surakshit Matritva Abhiyan,Yes,Yes,Low,41-60,2026-02-19 03:12:45
USR001743,Tamil Nadu,Chennai,SC/ST/OBC Welfare,National Fellowship OBC,No,No,Middle,26-40,2025-11-15 17:38:59
USR001744,Mizoram,Kolasib,Agriculture & Allied Activities,Soil Health Card Scheme,Yes,Yes,High,18-25,2026-01-11 12:33:03
USR001745,Manipur,Senapati,Senior Citizen Welfare,Rashtriya Vayoshri Yojana,Yes,No,Middle,41-60,2025-07-27 21:26:01
USR001746,Manipur,Bishnupur,Senior Citizen Welfare,Annapurna Scheme,Yes,No,High,18-25,2025-11-20 15:32:34
USR001747,Chhattisgarh,Durg,Health & Public Health,National Health Mission,Yes,Yes,Low,18-25,2025-11-09 00:45:10
USR001748,Kerala,Ernakulathappan,Disability Support (Divyang Schemes),Deendayal Disabled Rehabilitation Scheme,Yes,Yes,Middle,26-40,2025-10-02 04:30:06
USR001749,Tamil Nadu,Chennai,Women Empowerment & Child Welfare,STEP Scheme,No,No,High,26-40,2025-09-11 22:07:03
USR001750,Madhya Pradesh,Ujjain,Health & Public Health,Janani Suraksha Yojana,Yes,No,High,18-25,2025-10-19 07:04:57
USR001751,Kerala,Ernakulathappan,Agriculture & Allied Activities,e-NAM,Yes,Yes,Low,41-60,2026-02-03 03:36:58
USR001752,Karnataka,Tumkur,Health & Public Health,Ayushman Bharat PM-JAY,No,No,Low,41-60,2025-07-26 20:57:33
USR001753,Tripura,South Tripura,Education & Scholarships,National Means Cum Merit Scholarship,Yes,No,Middle,18-25,2025-08-20 17:58:16
USR001754,Gujarat,Junagadh,Education & Scholarships,National Overseas Scholarship,Yes,No,Low,60+,2025-10-20 05:16:45
USR001755,Chhattisgarh,Bastar,SC/ST/OBC Welfare,Credit Enhancement Scheme SC,No,No,Middle,26-40,2025-11-27 04:20:18
USR001756,Uttarakhand,Haridwar,Women Empowerment & Child Welfare,Mahila Samman Savings Certificate,Yes,No,Low,18-25,2025-05-22 02:02:35
USR001757,Rajasthan,Bikaner,SC/ST/OBC Welfare,Pre Matric Scholarship SC,No,No,Low,26-40,2025-08-01 01:02:15
USR001758,West Bengal,Darjeeling,Health & Public Health,Rashtriya Swasthya Bima Yojana,Yes,No,Middle,18-25,2025-04-10 08:26:32
USR001759,Manipur,Ukhrul,Disability Support (Divyang Schemes),National Trust Niramaya,No,No,Middle,60+,2025-07-15 12:49:05
USR001760,Chhattisgarh,Bilaspur,Education & Scholarships,SHREYAS Scheme,No,No,Middle,60+,2025-09-20 20:37:58
USR001761,Gujarat,Ahmedabad,Senior Citizen Welfare,Varishtha Pension Bima Yojana,Yes,Yes,Middle,60+,2025-09-07 12:39:29
USR001762,Uttar Pradesh,Meerut,Disability Support (Divyang Schemes),Deendayal Disabled Rehabilitation Scheme,Yes,No,Low,60+,2025-08-28 12:25:25
USR001763,Uttar Pradesh,Varanasi,Senior Citizen Welfare,Senior Citizen Savings Scheme,Yes,Yes,Middle,41-60,2026-01-18 23:57:59
USR001764,Sikkim,East Sikkim,Senior Citizen Welfare,Elderline Helpline,Yes,Yes,Middle,18-25,2025-11-19 15:33:05
USR001765,Karnataka,Belgaum,Disability Support (Divyang Schemes),Samarth Scheme,Yes,No,High,26-40,2026-02-18 10:39:55
USR001766,Jharkhand,Giridih,Health & Public Health,eSanjeevani Telemedicine,Yes,Yes,High,18-25,2025-11-12 08:52:56
USR001767,Manipur,Bishnupur,Health & Public Health,Rashtriya Swasthya Bima Yojana,No,No,Low,41-60,2025-09-05 09:28:45
USR001768,Madhya Pradesh,Ujjain,Health & Public Health,Ayushman Bharat PM-JAY,Yes,Yes,Low,60+,2025-04-22 21:55:47
USR001769,Uttar Pradesh,Varanasi,SC/ST/OBC Welfare,Free Coaching Scheme SC OBC,No,No,Low,60+,2025-04-05 00:18:22
USR001770,Manipur,Imphal East,Senior Citizen Welfare,National Social Assistance Programme,Yes,No,Middle,60+,2025-04-09 19:29:02
USR001771,Uttar Pradesh,Agra,Education & Scholarships,PM Research Fellowship,Yes,Yes,Middle,41-60,2026-01-10 00:59:32
USR001772,Uttar Pradesh,Banaras,Senior Citizen Welfare,Indira Gandhi National Old Age Pension,Yes,Yes,Middle,26-40,2025-08-01 19:09:26
USR001773,Gujarat,Ahmedabad,SC/ST/OBC Welfare,National Fellowship OBC,No,No,Low,26-40,2025-10-27 23:57:39
USR001774,Meghalaya,East Khasi Hills,SC/ST/OBC Welfare,Pre Matric Scholarship SC,No,No,High,18-25,2025-03-18 04:59:27
USR001775,Tripura,Dhalai,Disability Support (Divyang Schemes),Gharaunda Scheme,Yes,Yes,Middle,41-60,2025-11-21 14:02:55
USR001776,Kerala,Thrissur,Disability Support (Divyang Schemes),Sahyogi Scheme,Yes,No,Low,26-40,2025-07-31 21:51:56
USR001777,Maharashtra,Nashik,Senior Citizen Welfare,Senior Citizen Savings Scheme,No,No,High,41-60,2026-01-28 13:23:08
USR001778,Gujarat,Vadodara,Health & Public Health,Rashtriya Swasthya Bima Yojana,No,No,High,26-40,2025-09-01 19:03:59
USR001779,Andhra Pradesh,Nellore,Women Empowerment & Child Welfare,Mahila Shakti Kendra,Yes,Yes,High,26-40,2025-05-23 21:42:56
USR001780,Gujarat,Vadodara,Education & Scholarships,PM Research Fellowship,Yes,No,High,60+,2025-04-03 17:01:12
USR001781,Madhya Pradesh,Ujjain,Education & Scholarships,National Means Cum Merit Scholarship,No,No,Low,18-25,2025-03-24 04:37:25
USR001782,Andhra Pradesh,Kadapa,Women Empowerment & Child Welfare,Ujjawala Scheme,Yes,Yes,Low,41-60,2025-10-07 18:16:01
USR001783,Mizoram,Mamit,Health & Public Health,TB Elimination Programme,No,No,Middle,60+,2025-12-24 04:36:02
USR001784,Tamil Nadu,Chennai,Agriculture & Allied Activities,Kisan Credit Card,Yes,Yes,High,18-25,2025-09-05 16:19:38
USR001785,Kerala,Thiruvananthapuram,Agriculture & Allied Activities,Kisan Credit Card,Yes,Yes,Middle,41-60,2025-05-27 12:38:56
USR001786,Punjab,Amritsar,Disability Support (Divyang Schemes),Indira Gandhi Disability Pension,No,No,High,26-40,2025-12-29 00:40:38
USR001787,Karnataka,Mangalore,Agriculture & Allied Activities,Paramparagat Krishi Vikas Yojana,Yes,Yes,High,60+,2025-05-03 11:54:52
USR001788,Meghalaya,East Khasi Hills,Disability Support (Divyang Schemes),Sahyogi Scheme,Yes,Yes,Low,60+,2025-11-13 02:21:28
USR001789,Bihar,Madhubani,Education & Scholarships,Vidya Lakshmi Scheme,No,No,Low,41-60,2025-04-23 04:26:58
USR001790,Andhra Pradesh,Krishna,Senior Citizen Welfare,Senior Citizen Savings Scheme,No,No,Low,41-60,2025-12-15 05:18:59
USR001791,Maharashtra,Kolhapur,Agriculture & Allied Activities,Soil Health Card Scheme,No,No,Low,26-40,2025-09-21 23:19:57
USR001792,Bihar,East Champaran,Health & Public Health,National Health Mission,Yes,No,High,41-60,2025-11-19 09:11:53
USR001793,Telangana,Nalgonda,SC/ST/OBC Welfare,Venture Capital Fund SC,Yes,No,High,18-25,2026-01-08 16:06:30
USR001794,Meghalaya,West Garo Hills,Senior Citizen Welfare,Senior Citizen Savings Scheme,Yes,No,High,18-25,2025-03-02 21:43:07
USR001795,Meghalaya,West Garo Hills,Disability Support (Divyang Schemes),Unique Disability ID UDID,Yes,No,Middle,26-40,2025-11-18 20:12:59
USR001796,Kerala,Kannur,Education & Scholarships,SHREYAS Scheme,Yes,No,Middle,26-40,2026-02-21 12:48:25
USR001797,Meghalaya,West Garo Hills,SC/ST/OBC Welfare,Top Class Education SC,Yes,Yes,Low,60+,2026-01-05 15:22:23
USR001798,Tamil Nadu,Salem,Health & Public Health,National Health Mission,No,No,High,60+,2025-07-22 16:21:02
USR001799,Assam,Sonitpur,SC/ST/OBC Welfare,Pre Matric Scholarship SC,No,No,Middle,18-25,2025-03-27 12:50:33
USR001800,Assam,Nagaon,Women Empowerment & Child Welfare,STEP Scheme,No,No,Middle,18-25,2025-12-23 19:47:58
USR001801,Haryana,Hisar,Disability Support (Divyang Schemes),Unique Disability ID UDID,Yes,Yes,Middle,18-25,2025-08-05 07:02:49
USR001802,Chhattisgarh,Bilaspur,Disability Support (Divyang Schemes),ADIP Scheme,No,No,Middle,26-40,2025-10-04 09:26:17
USR001803,Odisha,Sambalpur,Senior Citizen Welfare,Senior Citizen Savings Scheme,No,No,Low,26-40,2025-10-25 22:35:32
USR001804,Rajasthan,Barmer,Senior Citizen Welfare,National Social Assistance Programme,Yes,No,Low,41-60,2025-05-11 23:52:39
USR001805,Meghalaya,Jaintia Hills,Education & Scholarships,National Means Cum Merit Scholarship,Yes,No,Middle,41-60,2026-02-01 06:22:45
USR001806,Telangana,Nalgonda,Disability Support (Divyang Schemes),Indira Gandhi Disability Pension,No,No,Middle,18-25,2025-12-20 16:55:50
USR001807,Uttar Pradesh,Varanasi,Senior Citizen Welfare,National Social Assistance Programme,No,No,High,41-60,2025-06-20 08:53:29
USR001808,Rajasthan,Barmer,Disability Support (Divyang Schemes),Sahyogi Scheme,Yes,No,Low,26-40,2025-11-12 13:00:26
USR001809,Manipur,Senapati,Education & Scholarships,SHREYAS Scheme,No,No,Low,60+,2025-07-28 08:10:16
USR001810,Jharkhand,Godda,Health & Public Health,National Health Mission,No,No,Middle,18-25,2025-09-12 14:27:32
USR001811,Tamil Nadu,Madurai,Disability Support (Divyang Schemes),Sahyogi Scheme,Yes,Yes,Low,41-60,2026-02-23 03:57:07
USR001812,Rajasthan,Udaipur,Women Empowerment & Child Welfare,Anganwadi Services ICDS,No,No,Low,60+,2026-01-31 05:44:20
USR001813,Tripura,West Tripura,Women Empowerment & Child Welfare,Beti Bachao Beti Padhao,No,No,Middle,60+,2025-09-28 11:29:46
USR001814,Uttarakhand,Pithoragarh,Health & Public Health,Pradhan Mantri Jan Aushadhi Yojana,Yes,Yes,Low,41-60,2025-12-20 06:17:49
USR001815,Mizoram,Aizawl,Health & Public Health,eSanjeevani Telemedicine,No,No,High,41-60,2025-10-10 22:16:31
USR001816,Assam,Cachar,Women Empowerment & Child Welfare,Mahila Shakti Kendra,Yes,No,Low,18-25,2026-01-28 08:21:38
USR001817,Assam,Barpeta,Disability Support (Divyang Schemes),Unique Disability ID UDID,Yes,Yes,Low,41-60,2025-08-23 15:11:13
USR001818,Kerala,Kannur,Senior Citizen Welfare,National Social Assistance Programme,Yes,Yes,Low,41-60,2025-03-30 13:04:13
USR001819,Chhattisgarh,Durg,Health & Public Health,Pradhan Mantri Surakshit Matritva Abhiyan,Yes,Yes,Low,18-25,2025-03-14 09:01:48
USR001820,Maharashtra,Kolhapur,Health & Public Health,Rashtriya Swasthya Bima Yojana,No,No,Low,26-40,2025-10-23 22:05:42
USR001821,Punjab,Patiala,Disability Support (Divyang Schemes),Samarth Scheme,No,No,Low,26-40,2026-01-01 23:26:33
USR001822,Manipur,Imphal West,Women Empowerment & Child Welfare,Mahila Samman Savings Certificate,No,No,Low,41-60,2025-12-14 08:18:20
USR001823,Bihar,Madhubani,Senior Citizen Welfare,Integrated Programme for Older Persons,Yes,Yes,Low,41-60,2025-11-11 01:27:06
USR001824,Tamil Nadu,Coimbatore,Senior Citizen Welfare,Rashtriya Vayoshri Yojana,Yes,Yes,Middle,41-60,2025-12-30 22:49:11
USR001825,Andhra Pradesh,Chittoor,SC/ST/OBC Welfare,Credit Enhancement Scheme SC,No,No,High,41-60,2025-06-30 02:15:20
USR001826,Telangana,Hyderabad,Senior Citizen Welfare,Rashtriya Vayoshri Yojana,No,No,Middle,60+,2026-02-08 00:48:35
USR001827,Manipur,Thoubal,Senior Citizen Welfare,PM Vaya Vandana Yojana,No,No,Low,18-25,2025-03-13 04:09:08
USR001828,Chhattisgarh,Durg,Senior Citizen Welfare,Indira Gandhi National Old Age Pension,No,No,High,60+,2026-02-14 19:36:07
USR001829,Uttarakhand,Pithoragarh,Women Empowerment & Child Welfare,Working Women Hostel Scheme,Yes,Yes,Low,60+,2025-07-19 14:06:03
USR001830,Haryana,Karnal,Agriculture & Allied Activities,PM Krishi Sinchai Yojana,No,No,Middle,60+,2025-11-20 11:58:11
USR001831,Haryana,Faridabad,Agriculture & Allied Activities,Paramparagat Krishi Vikas Yojana,Yes,Yes,High,41-60,2025-05-10 05:27:23
USR001832,Manipur,Thoubal,Senior Citizen Welfare,Varishtha Pension Bima Yojana,Yes,Yes,Middle,26-40,2025-08-31 01:21:38
USR001833,Karnataka,Mysore,Health & Public Health,eSanjeevani Telemedicine,Yes,No,Low,26-40,2025-10-06 06:22:35
USR001834,Maharashtra,Mumbai,Disability Support (Divyang Schemes),National Trust Niramaya,No,No,Low,41-60,2025-11-04 22:44:20
USR001835,Sikkim,North Sikkim,Women Empowerment & Child Welfare,Beti Bachao Beti Padhao,Yes,Yes,Middle,26-40,2025-04-08 13:55:26
USR001836,Uttar Pradesh,Kanpur,SC/ST/OBC Welfare,Top Class Education SC,Yes,Yes,High,60+,2025-08-23 23:21:55
USR001837,Maharashtra,Aurangabad,Education & Scholarships,Vidya Lakshmi Scheme,Yes,Yes,Middle,18-25,2025-11-30 09:44:17
USR001838,Rajasthan,Jaipur,Education & Scholarships,National Overseas Scholarship,Yes,No,Low,26-40,2026-01-01 00:02:11
USR001839,Telangana,Warangal,SC/ST/OBC Welfare,National Fellowship SC,Yes,Yes,Middle,60+,2025-04-29 05:22:41
USR001840,Odisha,Balasore,Disability Support (Divyang Schemes),Deendayal Disabled Rehabilitation Scheme,Yes,Yes,High,60+,2025-09-19 11:07:14
USR001841,Manipur,Ukhrul,Women Empowerment & Child Welfare,Anganwadi Services ICDS,No,No,High,26-40,2026-02-24 09:32:25
USR001842,Andhra Pradesh,Chittoor,Health & Public Health,National Digital Health Mission,No,No,High,18-25,2025-05-15 04:58:27
USR001843,Bihar,Araria,Health & Public Health,Ayushman Bharat PM-JAY,Yes,Yes,Low,26-40,2025-10-24 20:32:36
USR001844,Tamil Nadu,Madurai,SC/ST/OBC Welfare,Post Matric Scholarship OBC,Yes,Yes,Low,60+,2025-09-25 06:50:06
USR001845,Meghalaya,Jaintia Hills,Women Empowerment & Child Welfare,Working Women Hostel Scheme,No,No,Middle,26-40,2025-06-04 02:13:03
USR001846,Assam,Morigaon,Senior Citizen Welfare,Rashtriya Vayoshri Yojana,Yes,Yes,Low,18-25,2025-04-20 05:55:23
USR001847,Chhattisgarh,Bilaspur,Health & Public Health,Mission Indradhanush,Yes,Yes,Middle,18-25,2026-02-03 09:51:37
USR001848,Karnataka,Belgaum,Agriculture & Allied Activities,PM Krishi Sinchai Yojana,Yes,Yes,Middle,60+,2025-12-28 23:39:44
USR001849,Jharkhand,Giridih,Agriculture & Allied Activities,PM-KISAN,Yes,Yes,Middle,26-40,2025-07-18 03:16:44
USR001850,West Bengal,Birbhum,Senior Citizen Welfare,Senior Citizen Savings Scheme,Yes,Yes,Middle,60+,2025-11-13 22:17:49
USR001851,Sikkim,South Sikkim,SC/ST/OBC Welfare,National Fellowship OBC,Yes,No,High,26-40,2025-04-27 19:09:40
USR001852,Telangana,Warangal,Women Empowerment & Child Welfare,POSHAN Abhiyaan,No,No,High,41-60,2025-06-10 03:55:14
USR001853,Uttar Pradesh,Meerut,Disability Support (Divyang Schemes),Sahyogi Scheme,No,No,High,18-25,2025-11-19 13:34:18
USR001854,Mizoram,Saiha,Senior Citizen Welfare,Elderline Helpline,No,No,Low,18-25,2025-09-12 18:09:54
USR001855,Gujarat,Rajkot,Education & Scholarships,National Overseas Scholarship,No,No,High,41-60,2025-04-19 05:37:33
USR001856,Tripura,Dhalai,Health & Public Health,Pradhan Mantri Jan Aushadhi Yojana,Yes,Yes,Middle,18-25,2025-07-07 20:30:40
USR001857,Karnataka,Hubli,Education & Scholarships,PM Research Fellowship,Yes,No,High,26-40,2025-09-10 11:50:49
USR001858,Rajasthan,Jodhpur,Agriculture & Allied Activities,e-NAM,No,No,High,26-40,2025-07-06 21:31:50
USR001859,Madhya Pradesh,Ujjain,Health & Public Health,TB Elimination Programme,No,No,High,41-60,2025-12-24 17:36:44
USR001860,Bihar,Araria,Disability Support (Divyang Schemes),Samarth Scheme,Yes,No,Middle,60+,2026-01-11 17:08:50
USR001861,Jharkhand,Dumka,Disability Support (Divyang Schemes),Sahyogi Scheme,Yes,Yes,Low,60+,2026-02-17 06:08:45
USR001862,Himachal Pradesh,Shimla,Disability Support (Divyang Schemes),Vidyasagar Scheme,Yes,No,High,41-60,2025-08-10 18:28:56
USR001863,Gujarat,Rajkot,Agriculture & Allied Activities,PM Kisan Maan Dhan Yojana,No,No,Middle,18-25,2025-10-05 12:44:29
USR001864,Bihar,Patna,Agriculture & Allied Activities,e-NAM,Yes,No,Low,26-40,2026-01-12 14:35:52
USR001865,Meghalaya,Cima,Disability Support (Divyang Schemes),Unique Disability ID UDID,Yes,Yes,Low,18-25,2026-02-07 18:24:59
USR001866,Himachal Pradesh,Mandi,Women Empowerment & Child Welfare,STEP Scheme,No,No,Middle,41-60,2025-04-25 05:28:31
USR001867,Assam,Kamrup,Health & Public Health,Pradhan Mantri Jan Aushadhi Yojana,Yes,Yes,Low,60+,2025-04-22 00:23:21
USR001868,Punjab,Amritsar,SC/ST/OBC Welfare,Free Coaching Scheme SC OBC,No,No,High,41-60,2025-08-31 13:56:47
USR001869,Haryana,Karnal,Disability Support (Divyang Schemes),Vidyasagar Scheme,Yes,No,Low,18-25,2025-06-10 22:17:28
USR001870,Madhya Pradesh,Indore,Education & Scholarships,Pre Matric Scholarship OBC,Yes,No,Low,41-60,2026-02-02 09:42:07
USR001871,Uttar Pradesh,Lucknow,Disability Support (Divyang Schemes),Samarth Scheme,Yes,Yes,High,18-25,2025-04-24 16:23:53
USR001872,Karnataka,Belgaum,Agriculture & Allied Activities,e-NAM,Yes,No,Middle,41-60,2025-05-01 04:56:45
USR001873,Sikkim,North Sikkim,Agriculture & Allied Activities,e-NAM,Yes,No,High,60+,2025-09-09 03:51:09
USR001874,Telangana,Karimnagar,SC/ST/OBC Welfare,National Fellowship SC,Yes,No,Middle,18-25,2025-12-10 11:07:53
USR001875,Nagaland,Dimapur,Health & Public Health,National Digital Health Mission,No,No,Middle,60+,2025-03-17 04:56:53
USR001876,Meghalaya,West Khasi Hills,Agriculture & Allied Activities,Agriculture Infrastructure Fund,Yes,Yes,Middle,18-25,2026-01-14 22:06:43
USR001877,West Bengal,Darjeeling,Senior Citizen Welfare,Atal Pension Yojana,Yes,Yes,Low,26-40,2025-10-14 03:48:24
USR001878,Assam,Sonitpur,Disability Support (Divyang Schemes),ADIP Scheme,No,No,Low,41-60,2025-04-19 02:10:26
USR001879,Madhya Pradesh,Bhopal,Senior Citizen Welfare,PM Vaya Vandana Yojana,No,No,High,26-40,2025-04-22 12:18:35
USR001880,Odisha,Sambalpur,Health & Public Health,Mission Indradhanush,Yes,Yes,Low,60+,2025-11-14 12:55:43
USR001881,Assam,Cachar,Women Empowerment & Child Welfare,One Stop Centre Scheme,No,No,Low,18-25,2025-09-03 22:53:42
USR001882,Jharkhand,Dumka,Education & Scholarships,Pre Matric Scholarship OBC,Yes,Yes,Middle,60+,2025-09-04 19:33:04
USR001883,Bihar,Araria,Education & Scholarships,Pre Matric Scholarship OBC,No,No,High,60+,2025-11-13 17:13:55
USR001884,Uttar Pradesh,Kanpur,Women Empowerment & Child Welfare,Anganwadi Services ICDS,No,No,High,60+,2025-09-06 01:41:16
USR001885,Himachal Pradesh,Solan,Education & Scholarships,Mid Day Meal Scheme,Yes,Yes,Middle,18-25,2025-10-20 20:13:58
USR001886,Manipur,Imphal West,Women Empowerment & Child Welfare,Mahila Shakti Kendra,Yes,Yes,High,41-60,2025-08-09 12:30:06
USR001887,Punjab,Amritsar,Agriculture & Allied Activities,PM Krishi Sinchai Yojana,Yes,Yes,Low,18-25,2025-07-06 15:34:59
USR001888,Telangana,Karimnagar,Disability Support (Divyang Schemes),Unique Disability ID UDID,No,No,Middle,41-60,2025-10-19 06:58:38
USR001889,Jharkhand,Godda,Senior Citizen Welfare,Rashtriya Vayoshri Yojana,Yes,Yes,Middle,26-40,2025-06-28 14:12:51
USR001890,Uttar Pradesh,Lucknow,Education & Scholarships,PM Research Fellowship,Yes,No,High,26-40,2025-06-23 03:08:59
USR001891,Andhra Pradesh,Kadapa,SC/ST/OBC Welfare,Venture Capital Fund SC,Yes,No,Low,60+,2026-01-28 06:11:27
USR001892,Maharashtra,Pune,Health & Public Health,Pradhan Mantri Surakshit Matritva Abhiyan,Yes,Yes,High,26-40,2026-01-25 15:12:46
USR001893,Uttarakhand,Bageshwar,Women Empowerment & Child Welfare,Ujjawala Scheme,Yes,No,High,18-25,2025-04-10 13:24:03
USR001894,Kerala,Kozhikode,Senior Citizen Welfare,Senior Citizen Savings Scheme,No,No,Low,18-25,2026-02-21 19:21:28
USR001895,Assam,Morigaon,SC/ST/OBC Welfare,PM DAKSH Scheme,Yes,Yes,Low,60+,2025-03-07 07:17:39
USR001896,Himachal Pradesh,Solan,Senior Citizen Welfare,National Social Assistance Programme,No,No,Low,41-60,2025-11-30 23:53:51
USR001897,Madhya Pradesh,Indore,Agriculture & Allied Activities,National Horticulture Mission,Yes,Yes,Low,18-25,2025-05-18 12:39:10
USR001898,Andhra Pradesh,Guntur,SC/ST/OBC Welfare,NSFDC Loan Schemes,Yes,Yes,High,41-60,2025-11-09 16:08:01
USR001899,Karnataka,Belgaum,Education & Scholarships,Mid Day Meal Scheme,Yes,Yes,Middle,60+,2026-02-27 14:29:47
USR001900,Uttarakhand,Haridwar,Women Empowerment & Child Welfare,STEP Scheme,No,No,High,60+,2025-05-12 15:56:16
USR001901,Tripura,Dhalai,Education & Scholarships,Vidya Lakshmi Scheme,Yes,No,Low,60+,2025-04-14 23:55:05
USR001902,Gujarat,Surat,Women Empowerment & Child Welfare,Mahila Samman Savings Certificate,No,No,High,18-25,2025-11-16 13:05:41
USR001903,Chhattisgarh,Durg,SC/ST/OBC Welfare,Free Coaching Scheme SC OBC,No,No,Low,26-40,2025-07-21 08:39:10
USR001904,Punjab,Jalandhar,Disability Support (Divyang Schemes),Accessible India Campaign,No,No,Middle,26-40,2025-12-02 22:59:11
USR001905,Mizoram,Saiha,Education & Scholarships,Mid Day Meal Scheme,Yes,Yes,High,18-25,2025-08-08 18:02:00
USR001906,Mizoram,Kolasib,Women Empowerment & Child Welfare,Mahila Samman Savings Certificate,No,No,Low,18-25,2025-04-30 19:11:02
USR001907,Haryana,Gurgaon,SC/ST/OBC Welfare,Credit Enhancement Scheme SC,No,No,High,26-40,2025-08-15 01:34:32
USR001908,Bihar,Madhubani,Health & Public Health,TB Elimination Programme,No,No,High,18-25,2025-09-08 15:34:20
USR001909,Karnataka,Mangalore,SC/ST/OBC Welfare,PM DAKSH Scheme,No,No,Middle,26-40,2025-08-09 13:12:12
USR001910,Andhra Pradesh,Chittoor,Education & Scholarships,National Overseas Scholarship,Yes,Yes,Low,60+,2025-11-04 14:18:22
USR001911,Rajasthan,Jodhpur,Senior Citizen Welfare,Integrated Programme for Older Persons,Yes,No,High,60+,2025-09-07 05:58:05
USR001912,Rajasthan,Jodhpur,SC/ST/OBC Welfare,Top Class Education SC,No,No,Low,18-25,2025-12-10 06:16:06
USR001913,Tamil Nadu,Kancheepuram,Women Empowerment & Child Welfare,Working Women Hostel Scheme,No,No,Low,60+,2025-04-08 05:15:28
USR001914,Himachal Pradesh,Lahul,Education & Scholarships,Pre Matric Scholarship OBC,Yes,Yes,High,26-40,2026-01-09 03:13:26
USR001915,Mizoram,Saiha,Education & Scholarships,Mid Day Meal Scheme,Yes,Yes,Middle,26-40,2026-02-22 20:42:57
USR001916,Andhra Pradesh,Visakhapatnam,Women Empowerment & Child Welfare,POSHAN Abhiyaan,Yes,Yes,Middle,60+,2025-08-23 07:17:16
USR001917,Haryana,Gurgaon,Education & Scholarships,National Means Cum Merit Scholarship,Yes,No,Low,26-40,2025-08-23 21:03:25
USR001918,Odisha,Cuttack,Women Empowerment & Child Welfare,Beti Bachao Beti Padhao,Yes,Yes,Low,60+,2025-11-08 11:57:31
USR001919,Odisha,Cuttack,Health & Public Health,National Health Mission,Yes,Yes,High,26-40,2025-10-19 13:39:00
USR001920,Assam,Kamrup,Health & Public Health,Pradhan Mantri Jan Aushadhi Yojana,No,No,High,41-60,2025-11-06 12:23:00
USR001921,Maharashtra,Aurangabad,Education & Scholarships,Vidya Lakshmi Scheme,No,No,Low,26-40,2025-06-13 12:22:16
USR001922,Rajasthan,Barmer,Disability Support (Divyang Schemes),Indira Gandhi Disability Pension,No,No,Low,60+,2025-12-12 20:50:18
USR001923,Rajasthan,Bikaner,Education & Scholarships,National Means Cum Merit Scholarship,Yes,No,Middle,18-25,2026-01-08 02:10:39
USR001924,Telangana,Rangareddy,Education & Scholarships,Pre Matric Scholarship OBC,No,No,Middle,41-60,2025-05-23 00:00:09
USR001925,Madhya Pradesh,Indore,SC/ST/OBC Welfare,Venture Capital Fund SC,Yes,Yes,High,41-60,2025-03-12 06:55:11
USR001926,Gujarat,Rajkot,SC/ST/OBC Welfare,National Fellowship OBC,Yes,No,Middle,41-60,2025-10-24 03:57:54
USR001927,Gujarat,Ahmedabad,SC/ST/OBC Welfare,Free Coaching Scheme SC OBC,No,No,Low,41-60,2026-01-01 13:50:34
USR001928,Bihar,Madhubani,SC/ST/OBC Welfare,NSFDC Loan Schemes,No,No,Low,18-25,2025-10-18 21:20:15
USR001929,Uttar Pradesh,Meerut,Agriculture & Allied Activities,Soil Health Card Scheme,Yes,Yes,Middle,41-60,2026-02-05 02:05:50
USR001930,Haryana,Ambala,SC/ST/OBC Welfare,Pre Matric Scholarship SC,Yes,No,Low,18-25,2025-05-28 04:50:23
USR001931,Tamil Nadu,Coimbatore,Senior Citizen Welfare,Varishtha Pension Bima Yojana,Yes,Yes,High,26-40,2025-09-29 03:45:20
USR001932,Nagaland,Kohima,Agriculture & Allied Activities,e-NAM,Yes,No,High,60+,2025-12-16 19:46:41
USR001933,Manipur,Imphal East,Women Empowerment & Child Welfare,One Stop Centre Scheme,No,No,Low,60+,2025-11-15 04:12:31
USR001934,Tripura,South Tripura,Agriculture & Allied Activities,Paramparagat Krishi Vikas Yojana,Yes,Yes,High,26-40,2026-01-27 09:48:18
USR001935,Andhra Pradesh,Krishna,Senior Citizen Welfare,Elderline Helpline,Yes,Yes,Middle,18-25,2025-10-02 10:03:29
USR001936,Tamil Nadu,Chennai,Senior Citizen Welfare,Senior Citizen Savings Scheme,No,No,Low,41-60,2026-02-02 08:43:09
USR001937,Jharkhand,Godda,Agriculture & Allied Activities,Kisan Credit Card,Yes,Yes,High,18-25,2025-06-07 23:01:31
USR001938,Meghalaya,West Garo Hills,Agriculture & Allied Activities,Soil Health Card Scheme,Yes,No,Low,26-40,2025-04-29 15:23:35
USR001939,Mizoram,Aizawl,Disability Support (Divyang Schemes),National Trust Niramaya,No,No,Low,18-25,2025-11-24 00:57:18
USR001940,Kerala,Thiruvananthapuram,Disability Support (Divyang Schemes),National Trust Niramaya,Yes,No,Middle,60+,2025-03-14 23:59:30
USR001941,Karnataka,Tumkur,Education & Scholarships,Mid Day Meal Scheme,Yes,No,High,60+,2026-02-24 21:40:20
USR001942,Meghalaya,East Khasi Hills,Senior Citizen Welfare,Indira Gandhi National Old Age Pension,Yes,No,Middle,60+,2025-12-17 15:03:41
USR001943,Sikkim,West Sikkim,Health & Public Health,Pradhan Mantri Surakshit Matritva Abhiyan,Yes,Yes,Middle,26-40,2025-12-10 00:28:36
USR001944,Haryana,Rohtak,Disability Support (Divyang Schemes),Accessible India Campaign,No,No,Low,60+,2025-06-20 05:23:48
USR001945,West Bengal,Jalpaiguri,Agriculture & Allied Activities,Kisan Credit Card,No,No,High,60+,2026-01-24 05:52:51
USR001946,Bihar,West Champaran,SC/ST/OBC Welfare,NSFDC Loan Schemes,No,No,Low,60+,2025-03-31 05:26:59
USR001947,Jharkhand,Dumka,Education & Scholarships,National Overseas Scholarship,Yes,Yes,High,18-25,2025-05-20 06:42:52
USR001948,Tamil Nadu,Kancheepuram,Agriculture & Allied Activities,Paramparagat Krishi Vikas Yojana,No,No,High,26-40,2025-05-17 19:03:11
USR001949,Jharkhand,Dumka,Disability Support (Divyang Schemes),Unique Disability ID UDID,Yes,Yes,High,60+,2025-06-26 10:22:51
USR001950,Maharashtra,Pune,Education & Scholarships,SHREYAS Scheme,Yes,Yes,High,41-60,2026-01-16 02:05:34
USR001951,Andhra Pradesh,Chittoor,SC/ST/OBC Welfare,Credit Enhancement Scheme SC,No,No,High,60+,2025-06-11 18:24:09
USR001952,Tripura,West Tripura,Education & Scholarships,Pre Matric Scholarship OBC,Yes,Yes,Low,18-25,2025-03-16 12:33:25
USR001953,Telangana,Rangareddy,Senior Citizen Welfare,PM Vaya Vandana Yojana,Yes,No,Middle,26-40,2025-12-07 21:00:10
USR001954,Nagaland,Peren,Agriculture & Allied Activities,e-NAM,Yes,Yes,High,18-25,2025-03-29 03:58:16
USR001955,Rajasthan,Jaipur,Education & Scholarships,National Means Cum Merit Scholarship,Yes,Yes,High,18-25,2026-01-14 20:16:02
USR001956,Himachal Pradesh,Kinnaur,Women Empowerment & Child Welfare,Mahila Shakti Kendra,No,No,Middle,26-40,2025-04-24 00:18:55
USR001957,Gujarat,Bharuch,Senior Citizen Welfare,Indira Gandhi National Old Age Pension,Yes,Yes,High,41-60,2025-06-11 00:06:51
USR001958,Karnataka,Hubli,Education & Scholarships,SHREYAS Scheme,Yes,Yes,Low,18-25,2025-06-09 00:45:27
USR001959,West Bengal,Murshidabad,Health & Public Health,Janani Suraksha Yojana,No,No,High,41-60,2025-06-28 20:02:51
USR001960,Sikkim,East Sikkim,Agriculture & Allied Activities,Kisan Credit Card,Yes,Yes,Middle,60+,2025-09-12 01:04:52
USR001961,Uttarakhand,Dehradun,Disability Support (Divyang Schemes),Sahyogi Scheme,No,No,Low,60+,2026-01-22 22:31:01
USR001962,Uttar Pradesh,Meerut,Senior Citizen Welfare,Atal Pension Yojana,Yes,Yes,Low,18-25,2025-03-01 04:22:49
USR001963,Maharashtra,Aurangabad,Senior Citizen Welfare,Senior Citizen Savings Scheme,No,No,High,60+,2025-08-08 15:52:41
USR001964,Himachal Pradesh,Solan,Agriculture & Allied Activities,PM-KISAN,Yes,Yes,High,60+,2025-06-23 07:13:43
USR001965,West Bengal,Murshidabad,Health & Public Health,Pradhan Mantri Surakshit Matritva Abhiyan,Yes,Yes,Middle,18-25,2025-04-09 21:01:54
USR001966,Andhra Pradesh,Nellore,Education & Scholarships,PM Research Fellowship,Yes,No,Low,18-25,2025-07-06 01:21:55
USR001967,Jharkhand,Godda,Education & Scholarships,National Overseas Scholarship,No,No,Middle,60+,2025-12-15 10:49:03
USR001968,Meghalaya,West Garo Hills,SC/ST/OBC Welfare,National Fellowship SC,No,No,High,26-40,2025-09-15 17:24:50
USR001969,Mizoram,Saiha,Senior Citizen Welfare,Atal Pension Yojana,Yes,No,High,60+,2026-02-23 07:24:28
USR001970,Tamil Nadu,Salem,Agriculture & Allied Activities,Agriculture Infrastructure Fund,No,No,High,26-40,2025-04-08 04:49:17
USR001971,Tamil Nadu,Salem,Education & Scholarships,Vidya Lakshmi Scheme,Yes,Yes,Low,18-25,2026-01-22 15:59:57
USR001972,Haryana,Hisar,Health & Public Health,eSanjeevani Telemedicine,No,No,Low,60+,2026-01-13 00:09:44
USR001973,Manipur,Imphal West,Senior Citizen Welfare,Integrated Programme for Older Persons,No,No,High,18-25,2025-03-03 10:20:37
USR001974,Gujarat,Ahmedabad,Disability Support (Divyang Schemes),Gharaunda Scheme,Yes,Yes,Low,18-25,2025-09-25 05:10:12
USR001975,Uttarakhand,Bageshwar,SC/ST/OBC Welfare,National Fellowship OBC,No,No,Middle,18-25,2026-02-05 08:12:57
USR001976,Andhra Pradesh,Chittoor,Disability Support (Divyang Schemes),Sahyogi Scheme,No,No,Low,41-60,2025-08-12 04:04:27
USR001977,Jharkhand,Deoghar,Agriculture & Allied Activities,PM Krishi Sinchai Yojana,No,No,Low,41-60,2025-03-04 15:45:16
USR001978,Tamil Nadu,Coimbatore,Senior Citizen Welfare,Integrated Programme for Older Persons,No,No,Low,18-25,2025-10-06 10:03:59
USR001979,Himachal Pradesh,Mandi,Senior Citizen Welfare,Elderline Helpline,Yes,Yes,Middle,60+,2025-09-25 10:16:19
USR001980,Maharashtra,Pune,Education & Scholarships,National Means Cum Merit Scholarship,No,No,Low,41-60,2025-07-06 20:30:07
USR001981,Uttar Pradesh,Banaras,Disability Support (Divyang Schemes),Accessible India Campaign,Yes,No,Middle,41-60,2025-06-21 23:26:41
USR001982,Telangana,Medchal,Senior Citizen Welfare,Senior Citizen Savings Scheme,No,No,Middle,60+,2025-03-11 15:30:12
USR001983,Telangana,Medchal,Health & Public Health,Janani Suraksha Yojana,Yes,No,High,18-25,2025-10-21 22:44:31
USR001984,Odisha,Bhubaneswar,Agriculture & Allied Activities,National Horticulture Mission,Yes,No,Middle,60+,2025-12-03 04:17:20
USR001985,Chhattisgarh,Raipur,Agriculture & Allied Activities,Pradhan Mantri Fasal Bima Yojana,Yes,Yes,Middle,60+,2025-07-23 14:33:42
USR001986,Mizoram,Kolasib,Education & Scholarships,PM Research Fellowship,Yes,No,Low,18-25,2025-05-01 06:53:44
USR001987,Sikkim,West Sikkim,Senior Citizen Welfare,National Social Assistance Programme,Yes,No,Middle,41-60,2025-04-04 20:09:50
USR001988,Rajasthan,Udaipur,Agriculture & Allied Activities,PM Krishi Sinchai Yojana,No,No,Middle,60+,2025-03-01 01:46:51
USR001989,Mizoram,Saiha,Women Empowerment & Child Welfare,Beti Bachao Beti Padhao,No,No,High,26-40,2025-10-20 07:18:03
USR001990,Haryana,Gurgaon,Senior Citizen Welfare,Integrated Programme for Older Persons,Yes,Yes,High,26-40,2026-02-14 23:49:43
USR001991,Meghalaya,Jaintia Hills,Health & Public Health,National Digital Health Mission,Yes,No,Low,18-25,2025-05-22 17:44:39
USR001992,Gujarat,Bharuch,SC/ST/OBC Welfare,Credit Enhancement Scheme SC,Yes,Yes,High,60+,2025-10-27 05:56:49
USR001993,Gujarat,Vadodara,SC/ST/OBC Welfare,Venture Capital Fund SC,Yes,Yes,High,18-25,2025-11-29 17:36:33
USR001994,Bihar,Madhubani,Education & Scholarships,Post Matric Scholarship SC,No,No,Low,41-60,2025-04-13 10:42:39
USR001995,Punjab,Jalandhar,Women Empowerment & Child Welfare,Ujjawala Scheme,Yes,No,Low,60+,2025-12-24 21:48:42
USR001996,Chhattisgarh,Janjgir-Champa,Health & Public Health,eSanjeevani Telemedicine,No,No,Middle,60+,2025-08-21 11:48:23
USR001997,Uttar Pradesh,Varanasi,Women Empowerment & Child Welfare,Ujjawala Scheme,No,No,High,60+,2025-03-10 11:55:27
USR001998,Tamil Nadu,Kancheepuram,Senior Citizen Welfare,Atal Pension Yojana,Yes,Yes,Middle,18-25,2025-11-22 17:18:55
USR001999,Rajasthan,Jaipur,Agriculture & Allied Activities,PM-KISAN,No,No,Low,41-60,2025-06-10 16:58:26
USR002000,Nagaland,Tuensang,Health & Public Health,Pradhan Mantri Jan Aushadhi Yojana,No,No,Low,18-25,2025-05-08 21:38:47
USR002001,Tamil Nadu,Madurai,Agriculture & Allied Activities,Kisan Credit Card,Yes,Yes,High,60+,2026-01-12 23:14:29
USR002002,Andhra Pradesh,Kadapa,Health & Public Health,eSanjeevani Telemedicine,No,No,Middle,18-25,2025-12-20 09:39:42
USR002003,Bihar,Muzaffarpur,Disability Support (Divyang Schemes),Accessible India Campaign,Yes,Yes,High,18-25,2025-05-07 17:56:38
USR002004,Bihar,East Champaran,Agriculture & Allied Activities,National Horticulture Mission,Yes,No,Middle,41-60,2025-05-10 00:30:53
USR002005,Uttar Pradesh,Agra,Agriculture & Allied Activities,Agriculture Infrastructure Fund,Yes,No,Low,41-60,2025-09-15 03:16:40
USR002006,Mizoram,Kolasib,SC/ST/OBC Welfare,Venture Capital Fund SC,No,No,High,60+,2025-07-19 15:50:21
USR002007,Sikkim,West Sikkim,SC/ST/OBC Welfare,Credit Enhancement Scheme SC,Yes,No,High,60+,2026-02-07 06:37:45
USR002008,Tripura,South Tripura,SC/ST/OBC Welfare,Venture Capital Fund SC,No,No,Middle,60+,2025-07-08 06:46:40
USR002009,Manipur,Bishnupur,Health & Public Health,Pradhan Mantri Jan Aushadhi Yojana,No,No,Middle,18-25,2025-11-05 23:56:24
USR002010,Bihar,Patna,Senior Citizen Welfare,Integrated Programme for Older Persons,Yes,No,Low,18-25,2025-09-17 12:44:45
USR002011,Nagaland,Peren,Education & Scholarships,Central Sector Scholarship Scheme,Yes,No,Middle,26-40,2025-07-18 18:15:08
USR002012,Gujarat,Ahmedabad,Senior Citizen Welfare,Indira Gandhi National Old Age Pension,No,No,High,26-40,2025-12-01 11:40:57
USR002013,Nagaland,Wokha,Disability Support (Divyang Schemes),ADIP Scheme,No,No,Low,41-60,2025-03-10 18:49:47
USR002014,Manipur,Imphal West,Women Empowerment & Child Welfare,Anganwadi Services ICDS,No,No,Low,26-40,2025-12-22 20:41:36
USR002015,Punjab,Amritsar,Disability Support (Divyang Schemes),National Trust Niramaya,Yes,Yes,Middle,41-60,2025-12-06 23:18:59
USR002016,Meghalaya,Cima,SC/ST/OBC Welfare,Pre Matric Scholarship SC,Yes,No,Middle,26-40,2025-12-23 05:05:55
USR002017,Karnataka,Belgaum,Senior Citizen Welfare,National Social Assistance Programme,No,No,Low,41-60,2025-05-01 22:55:31
USR002018,Madhya Pradesh,Gwalior,Women Empowerment & Child Welfare,Anganwadi Services ICDS,Yes,No,Middle,41-60,2025-08-16 05:13:41
USR002019,Tripura,West Tripura,Health & Public Health,Ayushman Bharat PM-JAY,Yes,No,Low,26-40,2025-06-08 04:23:37
USR002020,Himachal Pradesh,Mandi,Health & Public Health,Janani Suraksha Yojana,Yes,No,Middle,41-60,2025-10-01 08:00:10
USR002021,Karnataka,Mangalore,Senior Citizen Welfare,Indira Gandhi National Old Age Pension,Yes,No,Middle,60+,2025-03-09 20:55:47
USR002022,Madhya Pradesh,Indore,Agriculture & Allied Activities,PM Krishi Sinchai Yojana,Yes,Yes,High,60+,2025-12-02 21:15:58
USR002023,Punjab,Sangrur,Senior Citizen Welfare,Integrated Programme for Older Persons,Yes,No,High,41-60,2025-04-23 18:56:17
USR002024,Tamil Nadu,Kancheepuram,Senior Citizen Welfare,Integrated Programme for Older Persons,Yes,No,High,60+,2025-05-25 12:15:19
USR002025,Assam,Barpeta,Disability Support (Divyang Schemes),Indira Gandhi Disability Pension,Yes,Yes,Low,60+,2025-12-10 12:18:32
USR002026,Assam,Morigaon,Women Empowerment & Child Welfare,POSHAN Abhiyaan,Yes,Yes,Middle,60+,2026-02-13 10:38:51
USR002027,Manipur,Imphal West,Education & Scholarships,National Overseas Scholarship,No,No,Low,41-60,2025-04-08 07:27:08
USR002028,Bihar,East Champaran,Agriculture & Allied Activities,e-NAM,No,No,Low,26-40,2025-04-16 08:15:38
USR002029,West Bengal,Kolkata,Agriculture & Allied Activities,Paramparagat Krishi Vikas Yojana,Yes,No,Middle,41-60,2025-05-14 05:26:21
USR002030,Maharashtra,Nagpur,Senior Citizen Welfare,National Social Assistance Programme,Yes,Yes,High,18-25,2025-10-21 21:00:24
USR002031,Tamil Nadu,Kancheepuram,Women Empowerment & Child Welfare,POSHAN Abhiyaan,Yes,No,Middle,41-60,2025-12-25 07:48:02
USR002032,Telangana,Nalgonda,SC/ST/OBC Welfare,PM DAKSH Scheme,No,No,High,60+,2026-01-17 04:48:10
USR002033,Manipur,Bishnupur,Disability Support (Divyang Schemes),Deendayal Disabled Rehabilitation Scheme,Yes,Yes,Low,18-25,2025-03-21 03:03:51
USR002034,Telangana,Warangal,SC/ST/OBC Welfare,Venture Capital Fund SC,Yes,Yes,Low,18-25,2026-02-25 02:48:08
USR002035,West Bengal,Howrah,Agriculture & Allied Activities,National Horticulture Mission,Yes,No,Low,41-60,2025-04-14 08:46:45
USR002036,Tripura,West Tripura,Senior Citizen Welfare,Rashtriya Vayoshri Yojana,Yes,No,High,41-60,2025-11-26 03:44:48
USR002037,Telangana,Hyderabad,SC/ST/OBC Welfare,Top Class Education SC,No,No,Middle,60+,2025-03-12 16:26:53
USR002038,Maharashtra,Aurangabad,Disability Support (Divyang Schemes),Indira Gandhi Disability Pension,Yes,Yes,Low,26-40,2026-01-23 20:08:20
USR002039,Mizoram,Mamit,SC/ST/OBC Welfare,NSFDC Loan Schemes,No,No,High,18-25,2025-11-09 10:37:51
USR002040,Gujarat,Junagadh,Women Empowerment & Child Welfare,Pradhan Mantri Matru Vandana Yojana,Yes,Yes,High,41-60,2025-03-22 14:57:44
USR002041,Punjab,Ferozepur,SC/ST/OBC Welfare,National Fellowship SC,Yes,Yes,High,60+,2025-11-23 22:06:36
USR002042,Chhattisgarh,Durg,SC/ST/OBC Welfare,PM DAKSH Scheme,No,No,Middle,18-25,2025-11-16 15:34:20
USR002043,Rajasthan,Barmer,Disability Support (Divyang Schemes),Deendayal Disabled Rehabilitation Scheme,No,No,Middle,18-25,2025-08-14 01:48:49
USR002044,Madhya Pradesh,Sagar,Senior Citizen Welfare,Varishtha Pension Bima Yojana,Yes,Yes,Low,18-25,2025-03-22 17:38:37
USR002045,Uttar Pradesh,Lucknow,Disability Support (Divyang Schemes),Accessible India Campaign,Yes,Yes,High,60+,2025-10-09 19:39:43
USR002046,West Bengal,Kolkata,Women Empowerment & Child Welfare,POSHAN Abhiyaan,No,No,Middle,18-25,2026-02-09 04:06:31
USR002047,Telangana,Hyderabad,Education & Scholarships,National Means Cum Merit Scholarship,Yes,Yes,High,60+,2026-01-10 16:00:17
USR002048,West Bengal,Murshidabad,SC/ST/OBC Welfare,Post Matric Scholarship OBC,Yes,Yes,Middle,18-25,2026-01-06 04:51:43
USR002049,West Bengal,Jalpaiguri,Education & Scholarships,Post Matric Scholarship SC,Yes,Yes,High,18-25,2025-06-15 06:38:57
USR002050,Karnataka,Hubli,Health & Public Health,Pradhan Mantri Surakshit Matritva Abhiyan,Yes,Yes,Low,26-40,2026-01-17 08:16:11
USR002051,Andhra Pradesh,Chittoor,Disability Support (Divyang Schemes),Indira Gandhi Disability Pension,Yes,No,High,26-40,2025-11-30 12:52:23
USR002052,Nagaland,Tuensang,Health & Public Health,National Digital Health Mission,Yes,No,High,60+,2025-11-08 18:42:44
USR002053,Odisha,Sambalpur,Senior Citizen Welfare,Annapurna Scheme,Yes,Yes,Middle,41-60,2025-05-09 01:42:57
USR002054,Himachal Pradesh,Solan,Education & Scholarships,PM Research Fellowship,No,No,Low,41-60,2025-12-17 18:40:27
USR002055,Uttarakhand,Bageshwar,SC/ST/OBC Welfare,National Fellowship OBC,No,No,High,18-25,2025-07-16 21:13:21
USR002056,Kerala,Thrissur,Agriculture & Allied Activities,Paramparagat Krishi Vikas Yojana,No,No,High,26-40,2025-09-02 13:51:50
USR002057,Bihar,Patna,SC/ST/OBC Welfare,Post Matric Scholarship OBC,Yes,Yes,High,18-25,2026-02-13 08:46:14
USR002058,Meghalaya,Cima,Education & Scholarships,Mid Day Meal Scheme,No,No,Middle,60+,2026-01-13 20:47:11
USR002059,Telangana,Karimnagar,SC/ST/OBC Welfare,Free Coaching Scheme SC OBC,Yes,Yes,Low,60+,2026-02-22 20:37:48
USR002060,Karnataka,Belgaum,Agriculture & Allied Activities,PM-KISAN,Yes,No,High,41-60,2026-02-22 00:03:53
USR002061,Jharkhand,Dhanbad,Women Empowerment & Child Welfare,Mahila Shakti Kendra,Yes,No,High,26-40,2025-03-22 19:09:17
USR002062,Bihar,Muzaffarpur,Health & Public Health,TB Elimination Programme,No,No,Middle,18-25,2025-08-14 20:07:33
USR002063,West Bengal,Jalpaiguri,Disability Support (Divyang Schemes),Indira Gandhi Disability Pension,Yes,Yes,Middle,60+,2025-10-23 09:24:54
USR002064,Tripura,Dhalai,SC/ST/OBC Welfare,Pre Matric Scholarship SC,Yes,Yes,Low,60+,2025-05-19 01:53:48
USR002065,Manipur,Imphal West,Agriculture & Allied Activities,PM Krishi Sinchai Yojana,Yes,No,Low,18-25,2025-08-07 07:13:20
USR002066,Uttarakhand,Haridwar,Health & Public Health,Pradhan Mantri Surakshit Matritva Abhiyan,No,No,Low,26-40,2025-07-18 06:44:03
USR002067,Mizoram,Aizawl,Senior Citizen Welfare,Rashtriya Vayoshri Yojana,Yes,Yes,High,26-40,2025-04-04 18:54:21
USR002068,Haryana,Ambala,Women Empowerment & Child Welfare,POSHAN Abhiyaan,Yes,Yes,High,41-60,2026-02-08 02:24:31
USR002069,Rajasthan,Barmer,Disability Support (Divyang Schemes),Gharaunda Scheme,No,No,Low,18-25,2025-03-02 02:11:23
USR002070,Nagaland,Peren,Agriculture & Allied Activities,PM Kisan Maan Dhan Yojana,Yes,Yes,High,26-40,2025-09-05 20:54:02
USR002071,Mizoram,Saiha,Disability Support (Divyang Schemes),Deendayal Disabled Rehabilitation Scheme,Yes,Yes,Middle,60+,2025-10-22 09:53:34
USR002072,Uttarakhand,Nainital,Education & Scholarships,Central Sector Scholarship Scheme,Yes,Yes,Middle,18-25,2025-12-24 18:37:02
USR002073,Karnataka,Belgaum,Health & Public Health,TB Elimination Programme,Yes,Yes,Low,18-25,2025-10-05 10:16:02
USR002074,Nagaland,Wokha,Women Empowerment & Child Welfare,Anganwadi Services ICDS,Yes,Yes,High,60+,2025-03-06 15:01:16
USR002075,Bihar,West Champaran,Senior Citizen Welfare,Senior Citizen Savings Scheme,Yes,Yes,Low,26-40,2025-10-16 19:42:20
USR002076,Uttarakhand,Haridwar,Education & Scholarships,Central Sector Scholarship Scheme,Yes,Yes,Middle,18-25,2025-11-04 08:28:13
USR002077,Chhattisgarh,Bilaspur,Senior Citizen Welfare,Indira Gandhi National Old Age Pension,No,No,Low,41-60,2025-07-08 23:50:56
USR002078,Nagaland,Tuensang,Health & Public Health,eSanjeevani Telemedicine,Yes,Yes,Middle,60+,2025-07-02 16:48:22
USR002079,Tripura,Khowai,SC/ST/OBC Welfare,National Fellowship OBC,Yes,Yes,Low,41-60,2025-11-05 21:55:40
USR002080,Bihar,West Champaran,Women Empowerment & Child Welfare,Pradhan Mantri Matru Vandana Yojana,Yes,Yes,Low,26-40,2025-08-25 08:16:47
USR002081,Jharkhand,Dumka,Senior Citizen Welfare,Atal Pension Yojana,Yes,No,High,26-40,2025-05-24 15:10:15
USR002082,Uttarakhand,Almora,Education & Scholarships,National Overseas Scholarship,No,No,High,18-25,2025-09-03 20:17:43
USR002083,Madhya Pradesh,Indore,Women Empowerment & Child Welfare,Mahila Samman Savings Certificate,Yes,Yes,Low,60+,2026-01-05 05:42:37
USR002084,Odisha,Sambalpur,Education & Scholarships,National Overseas Scholarship,Yes,Yes,Middle,18-25,2025-07-25 22:54:46
USR002085,Haryana,Karnal,Women Empowerment & Child Welfare,Working Women Hostel Scheme,No,No,Middle,26-40,2026-02-11 13:08:11
USR002086,Karnataka,Belgaum,Women Empowerment & Child Welfare,Working Women Hostel Scheme,Yes,Yes,Low,26-40,2026-02-15 18:31:07
USR002087,Madhya Pradesh,Ujjain,Senior Citizen Welfare,Atal Pension Yojana,No,No,High,41-60,2025-09-26 11:12:50
USR002088,Rajasthan,Ajmer,Health & Public Health,Pradhan Mantri Jan Aushadhi Yojana,Yes,Yes,Middle,41-60,2025-06-12 16:49:25
USR002089,Meghalaya,East Garo Hills,Senior Citizen Welfare,PM Vaya Vandana Yojana,No,No,High,26-40,2026-02-12 20:45:06
USR002090,Tamil Nadu,Tiruppur,Health & Public Health,Rashtriya Swasthya Bima Yojana,No,No,Low,41-60,2025-04-27 07:54:17
USR002091,Gujarat,Ahmedabad,Education & Scholarships,Pre Matric Scholarship OBC,Yes,No,High,26-40,2025-10-21 17:34:11
USR002092,Sikkim,West Sikkim,Senior Citizen Welfare,Integrated Programme for Older Persons,Yes,Yes,Low,18-25,2025-05-23 21:41:11
USR002093,Mizoram,Mamit,SC/ST/OBC Welfare,Credit Enhancement Scheme SC,No,No,Middle,18-25,2025-09-27 04:41:04
USR002094,Tamil Nadu,Madurai,Agriculture & Allied Activities,PM Kisan Maan Dhan Yojana,No,No,High,18-25,2025-05-15 14:09:33
USR002095,Madhya Pradesh,Jabalpur,Agriculture & Allied Activities,PM Krishi Sinchai Yojana,No,No,Middle,26-40,2025-05-14 16:18:51
USR002096,West Bengal,Birbhum,Health & Public Health,National Digital Health Mission,Yes,No,Middle,26-40,2025-06-20 20:50:04
USR002097,Meghalaya,Jaintia Hills,Agriculture & Allied Activities,Paramparagat Krishi Vikas Yojana,Yes,No,Middle,60+,2025-12-30 17:38:13
USR002098,Maharashtra,Nagpur,Education & Scholarships,National Overseas Scholarship,Yes,No,High,60+,2025-11-01 11:41:34
USR002099,Jharkhand,Giridih,Women Empowerment & Child Welfare,Pradhan Mantri Matru Vandana Yojana,Yes,No,Low,60+,2026-01-11 05:55:16
USR002100,West Bengal,Kolkata,Agriculture & Allied Activities,Pradhan Mantri Fasal Bima Yojana,Yes,Yes,Low,18-25,2025-11-06 15:49:03
USR002101,Uttar Pradesh,Kanpur,SC/ST/OBC Welfare,Top Class Education SC,Yes,Yes,Low,18-25,2025-12-31 22:18:43
USR002102,West Bengal,Murshidabad,Women Empowerment & Child Welfare,Anganwadi Services ICDS,Yes,Yes,Low,18-25,2025-10-07 18:40:54
USR002103,Manipur,Thoubal,Health & Public Health,Janani Suraksha Yojana,No,No,Middle,18-25,2025-11-29 20:25:23
USR002104,Chhattisgarh,Rajnandgaon,Health & Public Health,Mission Indradhanush,No,No,High,60+,2025-04-24 23:09:15
USR002105,Tamil Nadu,Madurai,Agriculture & Allied Activities,Soil Health Card Scheme,Yes,Yes,Low,18-25,2025-12-13 05:39:15
USR002106,Chhattisgarh,Durg,Senior Citizen Welfare,Elderline Helpline,Yes,Yes,Low,26-40,2025-07-16 03:20:28
USR002107,Rajasthan,Ajmer,Education & Scholarships,PM Research Fellowship,No,No,Low,60+,2025-08-23 20:35:03
USR002108,Sikkim,East Sikkim,Women Empowerment & Child Welfare,Mahila Shakti Kendra,Yes,Yes,Middle,18-25,2025-10-30 22:54:43
USR002109,Tamil Nadu,Madurai,Disability Support (Divyang Schemes),Indira Gandhi Disability Pension,Yes,No,Low,26-40,2025-10-05 00:35:23
USR002110,Punjab,Sangrur,Senior Citizen Welfare,National Social Assistance Programme,No,No,Low,60+,2026-01-27 21:30:58
USR002111,Telangana,Hyderabad,Health & Public Health,Ayushman Bharat PM-JAY,Yes,Yes,High,26-40,2026-02-27 09:15:16
USR002112,Haryana,Faridabad,Senior Citizen Welfare,National Social Assistance Programme,Yes,Yes,Low,41-60,2025-12-02 09:04:32
USR002113,Gujarat,Ahmedabad,Health & Public Health,National Health Mission,Yes,No,High,26-40,2025-07-12 07:57:13
USR002114,Maharashtra,Nashik,Disability Support (Divyang Schemes),Samarth Scheme,No,No,Middle,26-40,2025-03-07 12:10:05
USR002115,Telangana,Medchal,Health & Public Health,National Digital Health Mission,Yes,No,High,18-25,2025-05-31 21:45:36
USR002116,Madhya Pradesh,Indore,Agriculture & Allied Activities,Kisan Credit Card,Yes,Yes,High,60+,2025-12-27 05:32:24
USR002117,Odisha,Balasore,Disability Support (Divyang Schemes),Unique Disability ID UDID,No,No,High,41-60,2026-02-11 17:47:04
USR002118,Gujarat,Vadodara,Agriculture & Allied Activities,Paramparagat Krishi Vikas Yojana,Yes,No,Low,60+,2025-04-25 11:55:49
USR002119,Uttarakhand,Haridwar,SC/ST/OBC Welfare,Top Class Education SC,Yes,Yes,Low,60+,2025-07-27 11:04:21
USR002120,Uttarakhand,Bageshwar,Disability Support (Divyang Schemes),Sahyogi Scheme,No,No,Low,41-60,2025-07-15 05:41:33
USR002121,Assam,Cachar,Education & Scholarships,National Means Cum Merit Scholarship,No,No,High,41-60,2025-03-26 05:48:29
USR002122,Telangana,Warangal,Education & Scholarships,SHREYAS Scheme,No,No,Middle,18-25,2025-08-17 00:45:01
USR002123,Himachal Pradesh,Kinnaur,SC/ST/OBC Welfare,Top Class Education SC,No,No,Middle,18-25,2026-01-14 08:40:49
USR002124,Assam,Nagaon,Women Empowerment & Child Welfare,Ujjawala Scheme,Yes,Yes,Low,26-40,2025-12-08 05:53:11
USR002125,Haryana,Gurgaon,Agriculture & Allied Activities,Kisan Credit Card,Yes,Yes,Low,26-40,2025-03-15 20:09:34
USR002126,Gujarat,Ahmedabad,Education & Scholarships,Top Class Education Scheme,Yes,No,High,26-40,2025-08-13 13:03:14
USR002127,Punjab,Ferozepur,Senior Citizen Welfare,Senior Citizen Savings Scheme,No,No,High,41-60,2025-09-12 12:07:46
USR002128,Manipur,Thoubal,Agriculture & Allied Activities,Pradhan Mantri Fasal Bima Yojana,Yes,Yes,High,18-25,2025-07-25 05:54:29
USR002129,Manipur,Imphal West,Agriculture & Allied Activities,PM-KISAN,Yes,Yes,Middle,60+,2025-10-29 04:31:22
USR002130,Jharkhand,Dumka,Senior Citizen Welfare,Senior Citizen Savings Scheme,Yes,No,High,60+,2025-07-05 04:52:46
USR002131,Uttarakhand,Almora,Disability Support (Divyang Schemes),ADIP Scheme,No,No,Low,41-60,2025-12-30 05:21:42
USR002132,Mizoram,Saiha,Agriculture & Allied Activities,PM Kisan Maan Dhan Yojana,Yes,No,Low,18-25,2026-02-10 04:23:58
USR002133,Chhattisgarh,Bilaspur,Women Empowerment & Child Welfare,Mahila Shakti Kendra,Yes,No,Middle,26-40,2025-06-12 13:20:29
USR002134,Kerala,Thiruvananthapuram,Senior Citizen Welfare,Rashtriya Vayoshri Yojana,Yes,No,Low,41-60,2025-05-14 15:24:59
USR002135,Maharashtra,Nashik,Education & Scholarships,National Overseas Scholarship,No,No,High,41-60,2025-06-03 06:02:23
USR002136,Nagaland,Zunheboto,Disability Support (Divyang Schemes),Deendayal Disabled Rehabilitation Scheme,Yes,Yes,High,41-60,2025-12-29 07:57:03
USR002137,Haryana,Karnal,Women Empowerment & Child Welfare,Mahila Samman Savings Certificate,Yes,Yes,High,26-40,2026-01-04 06:01:18
USR002138,Mizoram,Lunglei,Education & Scholarships,Central Sector Scholarship Scheme,No,No,High,60+,2025-03-16 16:19:38
USR002139,Nagaland,Tuensang,Women Empowerment & Child Welfare,One Stop Centre Scheme,No,No,Low,60+,2025-09-18 20:43:07
USR002140,Uttar Pradesh,Banaras,Disability Support (Divyang Schemes),Gharaunda Scheme,Yes,No,High,41-60,2025-04-03 22:53:46
USR002141,Rajasthan,Udaipur,Senior Citizen Welfare,Elderline Helpline,Yes,Yes,Middle,60+,2025-08-22 08:01:01
USR002142,Chhattisgarh,Durg,Women Empowerment & Child Welfare,Ujjawala Scheme,No,No,Low,60+,2025-09-27 23:03:53
USR002143,Tripura,West Tripura,Disability Support (Divyang Schemes),Unique Disability ID UDID,Yes,Yes,Low,60+,2025-07-25 09:26:39
USR002144,Odisha,Sambalpur,Senior Citizen Welfare,Elderline Helpline,Yes,Yes,High,26-40,2025-11-12 10:16:38
USR002145,Bihar,East Champaran,Women Empowerment & Child Welfare,Working Women Hostel Scheme,Yes,Yes,High,18-25,2026-02-26 03:59:17
USR002146,Nagaland,Wokha,Health & Public Health,Pradhan Mantri Jan Aushadhi Yojana,Yes,No,Middle,41-60,2025-09-27 13:39:18
USR002147,Punjab,Ferozepur,Women Empowerment & Child Welfare,Anganwadi Services ICDS,No,No,Middle,60+,2025-11-17 22:46:58
USR002148,Andhra Pradesh,Visakhapatnam,Education & Scholarships,National Overseas Scholarship,Yes,No,High,60+,2025-07-05 04:30:55
USR002149,Manipur,Ukhrul,Disability Support (Divyang Schemes),Unique Disability ID UDID,Yes,Yes,Low,26-40,2025-05-13 12:36:23
USR002150,Assam,Barpeta,Health & Public Health,Pradhan Mantri Surakshit Matritva Abhiyan,No,No,High,41-60,2025-12-22 07:33:14
USR002151,Uttarakhand,Bageshwar,Women Empowerment & Child Welfare,Beti Bachao Beti Padhao,Yes,Yes,Middle,18-25,2025-04-07 20:19:58
USR002152,Gujarat,Junagadh,Senior Citizen Welfare,Senior Citizen Savings Scheme,Yes,No,Low,60+,2025-05-27 12:27:07
USR002153,Assam,Barpeta,Women Empowerment & Child Welfare,Pradhan Mantri Matru Vandana Yojana,Yes,No,Middle,60+,2026-02-03 20:59:57
USR002154,Manipur,Imphal East,Disability Support (Divyang Schemes),Indira Gandhi Disability Pension,No,No,High,60+,2025-08-03 19:41:55
USR002155,Chhattisgarh,Bastar,SC/ST/OBC Welfare,National Fellowship OBC,No,No,Low,60+,2025-04-19 08:31:15
USR002156,Uttar Pradesh,Meerut,Women Empowerment & Child Welfare,Anganwadi Services ICDS,Yes,Yes,Middle,60+,2025-12-11 08:01:06
USR002157,Uttarakhand,Dehradun,Agriculture & Allied Activities,Kisan Credit Card,Yes,No,Low,41-60,2025-09-10 14:19:41
USR002158,West Bengal,Howrah,Women Empowerment & Child Welfare,POSHAN Abhiyaan,Yes,Yes,High,41-60,2026-01-18 02:59:35
USR002159,Manipur,Ukhrul,SC/ST/OBC Welfare,Free Coaching Scheme SC OBC,No,No,Low,60+,2025-05-13 18:31:11
USR002160,Andhra Pradesh,Guntur,Agriculture & Allied Activities,PM-KISAN,Yes,Yes,High,60+,2025-09-03 06:55:13
USR002161,Manipur,Thoubal,Education & Scholarships,Central Sector Scholarship Scheme,Yes,No,Middle,18-25,2025-08-15 15:52:28
USR002162,Maharashtra,Pune,Women Empowerment & Child Welfare,Working Women Hostel Scheme,No,No,Low,26-40,2025-08-19 07:40:37
USR002163,Andhra Pradesh,Krishna,Agriculture & Allied Activities,e-NAM,No,No,Low,41-60,2026-01-28 06:43:38
USR002164,Tripura,West Tripura,Health & Public Health,TB Elimination Programme,No,No,High,41-60,2025-08-01 15:11:13
USR002165,Bihar,Araria,Disability Support (Divyang Schemes),Deendayal Disabled Rehabilitation Scheme,No,No,Middle,18-25,2025-07-11 04:18:11
USR002166,Andhra Pradesh,Kadapa,Health & Public Health,Ayushman Bharat PM-JAY,Yes,Yes,Low,18-25,2025-04-25 01:21:07
USR002167,Uttar Pradesh,Kanpur,Education & Scholarships,SHREYAS Scheme,Yes,No,Low,60+,2026-02-20 03:18:25
USR002168,Uttar Pradesh,Banaras,Health & Public Health,Ayushman Bharat PM-JAY,Yes,Yes,Low,41-60,2025-09-08 02:30:57
USR002169,Tamil Nadu,Kancheepuram,Agriculture & Allied Activities,Soil Health Card Scheme,No,No,Low,18-25,2026-01-09 23:02:53
USR002170,Mizoram,Mamit,Disability Support (Divyang Schemes),Vidyasagar Scheme,Yes,Yes,Middle,60+,2025-12-26 08:51:16
USR002171,Maharashtra,Aurangabad,Health & Public Health,Pradhan Mantri Jan Aushadhi Yojana,Yes,Yes,Middle,18-25,2025-06-25 13:56:29
USR002172,Assam,Cachar,Agriculture & Allied Activities,National Horticulture Mission,No,No,Middle,18-25,2025-10-01 10:40:53
USR002173,West Bengal,Howrah,Senior Citizen Welfare,Elderline Helpline,Yes,No,Middle,18-25,2025-04-03 19:49:01
USR002174,Haryana,Rohtak,Education & Scholarships,Top Class Education Scheme,Yes,Yes,High,41-60,2026-01-22 02:00:06
USR002175,West Bengal,Murshidabad,Senior Citizen Welfare,Senior Citizen Savings Scheme,No,No,High,41-60,2025-11-06 03:55:59
USR002176,Mizoram,Lunglei,Health & Public Health,Pradhan Mantri Surakshit Matritva Abhiyan,Yes,Yes,Low,26-40,2025-10-01 23:08:53
USR002177,Telangana,Hyderabad,Senior Citizen Welfare,Rashtriya Vayoshri Yojana,Yes,No,High,60+,2025-12-21 12:31:55
USR002178,Jharkhand,Giridih,Health & Public Health,Janani Suraksha Yojana,Yes,Yes,High,60+,2025-10-12 13:54:58
USR002179,Gujarat,Ahmedabad,SC/ST/OBC Welfare,Free Coaching Scheme SC OBC,Yes,Yes,Low,18-25,2025-11-24 13:04:17
USR002180,Rajasthan,Jodhpur,SC/ST/OBC Welfare,Post Matric Scholarship OBC,Yes,Yes,High,41-60,2025-03-23 21:06:00
USR002181,Karnataka,Tumkur,Health & Public Health,Pradhan Mantri Jan Aushadhi Yojana,Yes,No,Middle,18-25,2026-01-21 21:33:27
USR002182,Haryana,Rohtak,Education & Scholarships,Mid Day Meal Scheme,Yes,Yes,High,18-25,2025-12-18 19:35:51
USR002183,Mizoram,Mamit,Disability Support (Divyang Schemes),Indira Gandhi Disability Pension,No,No,Middle,18-25,2025-12-09 04:26:08
USR002184,Andhra Pradesh,Guntur,Disability Support (Divyang Schemes),National Trust Niramaya,No,No,Middle,18-25,2025-05-19 21:23:35
USR002185,Bihar,Araria,Women Empowerment & Child Welfare,Beti Bachao Beti Padhao,Yes,No,High,18-25,2025-03-13 21:46:19
USR002186,Telangana,Medchal,SC/ST/OBC Welfare,Top Class Education SC,Yes,Yes,Middle,18-25,2025-04-18 04:40:50
USR002187,Tamil Nadu,Tiruppur,Education & Scholarships,Pre Matric Scholarship OBC,Yes,Yes,High,26-40,2025-06-12 15:52:16
USR002188,West Bengal,Howrah,Women Empowerment & Child Welfare,Beti Bachao Beti Padhao,Yes,No,Low,60+,2025-09-29 08:06:51
USR002189,Bihar,Muzaffarpur,Agriculture & Allied Activities,Paramparagat Krishi Vikas Yojana,No,No,Low,60+,2025-07-18 16:16:08
USR002190,Uttar Pradesh,Kanpur,Health & Public Health,National Health Mission,No,No,Low,18-25,2025-11-10 14:38:36
USR002191,Haryana,Faridabad,Education & Scholarships,PM Research Fellowship,No,No,High,18-25,2025-04-20 07:50:04
USR002192,Rajasthan,Bikaner,Agriculture & Allied Activities,Soil Health Card Scheme,Yes,Yes,High,60+,2025-07-04 00:35:54
USR002193,Jharkhand,Giridih,SC/ST/OBC Welfare,NSFDC Loan Schemes,No,No,High,26-40,2025-12-24 10:02:53
USR002194,Uttarakhand,Dehradun,Women Empowerment & Child Welfare,Mahila Samman Savings Certificate,Yes,No,High,41-60,2025-10-25 08:38:56
USR002195,Tamil Nadu,Tiruppur,Agriculture & Allied Activities,PM-KISAN,Yes,Yes,Low,18-25,2025-06-07 06:40:03
USR002196,Tamil Nadu,Tiruppur,SC/ST/OBC Welfare,Free Coaching Scheme SC OBC,Yes,Yes,Low,41-60,2025-03-02 20:50:08
USR002197,Assam,Barpeta,Agriculture & Allied Activities,PM Kisan Maan Dhan Yojana,No,No,High,60+,2025-05-16 11:12:28
USR002198,Uttarakhand,Almora,Disability Support (Divyang Schemes),Samarth Scheme,Yes,Yes,Low,26-40,2025-08-24 02:50:45
USR002199,Bihar,Patna,Disability Support (Divyang Schemes),Vidyasagar Scheme,Yes,No,High,60+,2025-11-09 06:16:35
USR002200,Haryana,Faridabad,Health & Public Health,Pradhan Mantri Surakshit Matritva Abhiyan,No,No,Low,41-60,2025-09-24 01:39:37
USR002201,Jharkhand,Dhanbad,Education & Scholarships,Central Sector Scholarship Scheme,Yes,Yes,High,26-40,2025-04-19 06:21:39
USR002202,Madhya Pradesh,Gwalior,Health & Public Health,Mission Indradhanush,Yes,No,Middle,41-60,2025-03-18 13:37:38
USR002203,Mizoram,Saiha,Disability Support (Divyang Schemes),Indira Gandhi Disability Pension,No,No,Middle,26-40,2025-12-09 02:43:46
USR002204,Haryana,Gurgaon,SC/ST/OBC Welfare,Credit Enhancement Scheme SC,Yes,Yes,Low,60+,2025-05-28 02:18:15
USR002205,Tripura,Dhalai,Education & Scholarships,Top Class Education Scheme,No,No,High,18-25,2026-01-02 13:11:14
USR002206,Nagaland,Zunheboto,Agriculture & Allied Activities,Pradhan Mantri Fasal Bima Yojana,Yes,No,High,60+,2025-03-05 14:32:48
USR002207,Madhya Pradesh,Indore,Education & Scholarships,Pre Matric Scholarship OBC,No,No,High,18-25,2026-01-25 16:43:44
USR002208,Himachal Pradesh,Kangra,Women Empowerment & Child Welfare,STEP Scheme,No,No,Middle,18-25,2025-11-05 08:51:26
USR002209,Tripura,West Tripura,Agriculture & Allied Activities,Kisan Credit Card,Yes,Yes,High,60+,2025-08-31 15:34:31
USR002210,Chhattisgarh,Bilaspur,Disability Support (Divyang Schemes),Sahyogi Scheme,No,No,Middle,26-40,2026-02-13 15:25:30
USR002211,Punjab,Patiala,Health & Public Health,Mission Indradhanush,Yes,Yes,Middle,18-25,2025-10-28 02:10:51
USR002212,Odisha,Cuttack,Senior Citizen Welfare,Rashtriya Vayoshri Yojana,No,No,High,18-25,2025-07-04 05:54:32
USR002213,Himachal Pradesh,Lahul,Disability Support (Divyang Schemes),Sahyogi Scheme,No,No,Low,60+,2025-09-22 00:39:05
USR002214,Tripura,Khowai,Agriculture & Allied Activities,Agriculture Infrastructure Fund,No,No,Middle,41-60,2026-02-06 03:41:42
USR002215,Telangana,Warangal,Disability Support (Divyang Schemes),Gharaunda Scheme,Yes,No,Middle,26-40,2026-02-26 11:43:37
USR002216,Sikkim,North Sikkim,Senior Citizen Welfare,Rashtriya Vayoshri Yojana,Yes,No,Low,26-40,2025-07-27 17:37:06
USR002217,Nagaland,Tuensang,Women Empowerment & Child Welfare,Pradhan Mantri Matru Vandana Yojana,Yes,No,Low,41-60,2025-11-28 22:01:43
USR002218,Nagaland,Peren,Women Empowerment & Child Welfare,Working Women Hostel Scheme,Yes,Yes,Low,18-25,2025-06-20 15:21:08
USR002219,Tamil Nadu,Madurai,Health & Public Health,Pradhan Mantri Surakshit Matritva Abhiyan,Yes,Yes,Low,18-25,2025-11-13 20:52:49
USR002220,Uttar Pradesh,Meerut,Agriculture & Allied Activities,Agriculture Infrastructure Fund,Yes,Yes,Low,41-60,2025-09-27 06:07:48
USR002221,Gujarat,Junagadh,Education & Scholarships,National Overseas Scholarship,No,No,Low,41-60,2025-05-08 19:37:18
USR002222,Haryana,Hisar,Health & Public Health,Mission Indradhanush,No,No,Low,26-40,2025-06-29 03:51:57
USR002223,Jharkhand,Giridih,Disability Support (Divyang Schemes),Unique Disability ID UDID,Yes,No,High,26-40,2025-05-04 05:30:54
USR002224,Mizoram,Mamit,Education & Scholarships,Vidya Lakshmi Scheme,No,No,Middle,18-25,2025-08-22 11:54:39
USR002225,Uttarakhand,Nainital,Senior Citizen Welfare,National Social Assistance Programme,Yes,Yes,High,18-25,2026-01-23 02:29:47
USR002226,Madhya Pradesh,Indore,Senior Citizen Welfare,Integrated Programme for Older Persons,No,No,High,41-60,2025-08-12 22:35:12
USR002227,Karnataka,Mangalore,Disability Support (Divyang Schemes),National Trust Niramaya,No,No,Low,26-40,2025-08-19 09:14:17
USR002228,Kerala,Ernakulathappan,Women Empowerment & Child Welfare,Ujjawala Scheme,Yes,No,High,60+,2025-09-10 04:02:40
USR002229,Nagaland,Zunheboto,Health & Public Health,National Health Mission,Yes,Yes,High,41-60,2025-05-15 10:01:45
USR002230,Rajasthan,Ajmer,Women Empowerment & Child Welfare,One Stop Centre Scheme,Yes,Yes,Low,18-25,2025-06-19 04:18:23
USR002231,West Bengal,Darjeeling,Women Empowerment & Child Welfare,Beti Bachao Beti Padhao,Yes,Yes,Low,60+,2025-11-09 04:26:19
USR002232,Punjab,Jalandhar,Senior Citizen Welfare,Indira Gandhi National Old Age Pension,Yes,No,Middle,60+,2025-04-21 23:46:26
USR002233,Nagaland,Wokha,Disability Support (Divyang Schemes),Deendayal Disabled Rehabilitation Scheme,No,No,High,41-60,2025-08-24 14:33:30
USR002234,Odisha,Balasore,Agriculture & Allied Activities,Kisan Credit Card,No,No,High,26-40,2025-09-16 13:09:23
USR002235,Nagaland,Kohima,Health & Public Health,TB Elimination Programme,Yes,No,High,60+,2025-06-02 18:08:15
USR002236,Tamil Nadu,Coimbatore,Agriculture & Allied Activities,Pradhan Mantri Fasal Bima Yojana,No,No,Middle,26-40,2026-02-13 03:31:17
USR002237,Mizoram,Lunglei,SC/ST/OBC Welfare,Free Coaching Scheme SC OBC,Yes,No,High,60+,2025-07-18 20:12:36
USR002238,Jharkhand,Godda,Women Empowerment & Child Welfare,STEP Scheme,Yes,Yes,Low,18-25,2025-08-17 22:14:00
USR002239,Nagaland,Zunheboto,Senior Citizen Welfare,Elderline Helpline,Yes,Yes,High,26-40,2025-09-20 22:36:10
USR002240,Tripura,Dhalai,Education & Scholarships,PM Research Fellowship,Yes,Yes,Low,18-25,2025-11-16 03:38:59
USR002241,Jharkhand,Deoghar,Women Empowerment & Child Welfare,Beti Bachao Beti Padhao,Yes,Yes,Middle,60+,2025-08-07 09:51:54
USR002242,Maharashtra,Nagpur,Agriculture & Allied Activities,Soil Health Card Scheme,No,No,Low,60+,2025-03-12 05:41:40
USR002243,Karnataka,Bangalore,Education & Scholarships,Post Matric Scholarship SC,Yes,No,High,18-25,2025-04-24 17:37:45
USR002244,Uttarakhand,Almora,Senior Citizen Welfare,Rashtriya Vayoshri Yojana,No,No,High,26-40,2025-12-09 22:50:39
USR002245,Assam,Morigaon,Women Empowerment & Child Welfare,POSHAN Abhiyaan,No,No,Low,41-60,2025-08-27 04:48:50
USR002246,Sikkim,North Sikkim,Education & Scholarships,Pre Matric Scholarship OBC,No,No,Middle,60+,2025-11-02 17:38:19
USR002247,Tamil Nadu,Madurai,Senior Citizen Welfare,Varishtha Pension Bima Yojana,Yes,No,High,41-60,2025-07-22 22:00:56
USR002248,Madhya Pradesh,Bhopal,Senior Citizen Welfare,PM Vaya Vandana Yojana,No,No,Middle,18-25,2025-08-18 00:51:11
USR002249,Manipur,Thoubal,Women Empowerment & Child Welfare,STEP Scheme,Yes,No,Middle,18-25,2025-03-20 15:43:13
USR002250,Manipur,Ukhrul,Health & Public Health,National Digital Health Mission,No,No,Low,60+,2025-03-15 10:27:18
USR002251,Meghalaya,East Khasi Hills,Education & Scholarships,Post Matric Scholarship SC,Yes,Yes,High,26-40,2025-09-07 06:49:35
USR002252,Maharashtra,Aurangabad,Senior Citizen Welfare,Senior Citizen Savings Scheme,Yes,Yes,High,26-40,2025-06-23 10:50:21
USR002253,Bihar,West Champaran,Senior Citizen Welfare,Varishtha Pension Bima Yojana,Yes,Yes,High,60+,2025-09-02 21:42:54
USR002254,Manipur,Ukhrul,Agriculture & Allied Activities,Kisan Credit Card,Yes,Yes,Low,26-40,2025-06-27 15:17:56
USR002255,Telangana,Nalgonda,Disability Support (Divyang Schemes),Vidyasagar Scheme,Yes,No,Low,26-40,2025-10-12 08:19:07
USR002256,West Bengal,Kolkata,Education & Scholarships,National Overseas Scholarship,No,No,Low,41-60,2026-02-16 04:06:50
USR002257,Tamil Nadu,Chennai,Women Empowerment & Child Welfare,Ujjawala Scheme,Yes,No,High,60+,2025-08-28 15:14:34
USR002258,Jharkhand,Deoghar,Women Empowerment & Child Welfare,POSHAN Abhiyaan,Yes,Yes,Middle,41-60,2025-11-15 15:48:54
USR002259,Andhra Pradesh,Krishna,Education & Scholarships,PM Research Fellowship,Yes,Yes,Low,18-25,2025-08-13 09:53:03
USR002260,Himachal Pradesh,Mandi,Health & Public Health,Pradhan Mantri Surakshit Matritva Abhiyan,No,No,High,60+,2026-02-27 22:22:57
USR002261,Himachal Pradesh,Mandi,SC/ST/OBC Welfare,Credit Enhancement Scheme SC,Yes,No,Low,60+,2025-06-23 09:52:24
USR002262,Tamil Nadu,Kancheepuram,Agriculture & Allied Activities,Agriculture Infrastructure Fund,Yes,No,High,41-60,2025-05-28 06:00:14
USR002263,Nagaland,Dimapur,Agriculture & Allied Activities,Soil Health Card Scheme,Yes,No,High,41-60,2025-09-29 05:36:25
USR002264,Maharashtra,Pune,Senior Citizen Welfare,Elderline Helpline,No,No,High,41-60,2025-11-15 10:42:30
USR002265,Haryana,Karnal,SC/ST/OBC Welfare,NSFDC Loan Schemes,Yes,Yes,Low,41-60,2025-04-15 03:26:55
USR002266,Jharkhand,Dumka,Disability Support (Divyang Schemes),Gharaunda Scheme,No,No,Middle,18-25,2025-12-03 23:08:28
USR002267,Jharkhand,Giridih,Disability Support (Divyang Schemes),Samarth Scheme,Yes,No,Middle,26-40,2025-08-30 20:17:02
USR002268,Sikkim,East Sikkim,Health & Public Health,TB Elimination Programme,No,No,High,60+,2025-09-16 00:57:19
USR002269,Andhra Pradesh,Guntur,SC/ST/OBC Welfare,Free Coaching Scheme SC OBC,Yes,Yes,Middle,26-40,2025-04-09 03:41:46
USR002270,Telangana,Karimnagar,Women Empowerment & Child Welfare,Mahila Samman Savings Certificate,No,No,High,18-25,2025-04-05 11:00:48
USR002271,Rajasthan,Bikaner,Disability Support (Divyang Schemes),Sahyogi Scheme,Yes,No,High,41-60,2025-08-11 12:36:48
USR002272,Himachal Pradesh,Kangra,SC/ST/OBC Welfare,Free Coaching Scheme SC OBC,Yes,Yes,High,60+,2025-08-08 01:57:35
USR002273,Andhra Pradesh,Guntur,Women Empowerment & Child Welfare,Pradhan Mantri Matru Vandana Yojana,Yes,Yes,Low,26-40,2025-06-26 11:32:02
USR002274,Punjab,Ludhiana,Agriculture & Allied Activities,Kisan Credit Card,No,No,Middle,26-40,2025-05-28 21:17:31
USR002275,Meghalaya,West Khasi Hills,Health & Public Health,Ayushman Bharat PM-JAY,No,No,Middle,41-60,2025-08-10 01:41:30
USR002276,Chhattisgarh,Bilaspur,Disability Support (Divyang Schemes),Deendayal Disabled Rehabilitation Scheme,No,No,Low,41-60,2025-03-10 09:09:00
USR002277,Punjab,Patiala,SC/ST/OBC Welfare,Credit Enhancement Scheme SC,No,No,Middle,60+,2025-07-24 03:28:26
USR002278,Andhra Pradesh,Chittoor,Agriculture & Allied Activities,Soil Health Card Scheme,Yes,No,Middle,18-25,2025-05-09 02:05:40
USR002279,Meghalaya,Jaintia Hills,SC/ST/OBC Welfare,Free Coaching Scheme SC OBC,Yes,Yes,High,18-25,2025-09-04 17:46:31
USR002280,Uttarakhand,Almora,Agriculture & Allied Activities,PM Kisan Maan Dhan Yojana,Yes,Yes,Middle,41-60,2025-06-16 18:54:04
USR002281,Nagaland,Kohima,Education & Scholarships,Top Class Education Scheme,No,No,High,26-40,2026-02-16 07:50:01
USR002282,Nagaland,Wokha,Disability Support (Divyang Schemes),Unique Disability ID UDID,No,No,Low,60+,2025-03-15 02:52:27
USR002283,Uttarakhand,Haridwar,Health & Public Health,National Health Mission,Yes,No,Low,18-25,2025-05-03 16:00:27
USR002284,Karnataka,Tumkur,Agriculture & Allied Activities,Agriculture Infrastructure Fund,No,No,Middle,18-25,2025-05-28 07:51:38
USR002285,Telangana,Rangareddy,Women Empowerment & Child Welfare,Mahila Shakti Kendra,No,No,Middle,18-25,2025-12-29 09:21:57
USR002286,Bihar,East Champaran,Agriculture & Allied Activities,Agriculture Infrastructure Fund,Yes,Yes,High,18-25,2025-11-02 01:19:33
USR002287,Himachal Pradesh,Lahul,Senior Citizen Welfare,National Social Assistance Programme,No,No,Middle,60+,2025-08-30 12:48:33
USR002288,Rajasthan,Bikaner,Disability Support (Divyang Schemes),Vidyasagar Scheme,No,No,Middle,60+,2025-11-02 10:21:03
USR002289,Haryana,Rohtak,Women Empowerment & Child Welfare,Ujjawala Scheme,No,No,High,60+,2025-03-28 09:44:08
USR002290,West Bengal,Jalpaiguri,Disability Support (Divyang Schemes),ADIP Scheme,Yes,No,Low,60+,2025-05-16 14:29:56
USR002291,Uttarakhand,Pithoragarh,SC/ST/OBC Welfare,National Fellowship SC,Yes,Yes,High,41-60,2026-02-21 01:53:50
USR002292,Bihar,Madhubani,Health & Public Health,TB Elimination Programme,Yes,Yes,Middle,26-40,2025-07-13 21:20:01
USR002293,West Bengal,Howrah,Disability Support (Divyang Schemes),Deendayal Disabled Rehabilitation Scheme,Yes,Yes,Low,60+,2025-12-16 17:39:04
USR002294,Sikkim,South Sikkim,Agriculture & Allied Activities,Kisan Credit Card,Yes,Yes,Low,18-25,2025-05-20 02:07:07
USR002295,Maharashtra,Kolhapur,Women Empowerment & Child Welfare,Anganwadi Services ICDS,No,No,Middle,60+,2025-10-28 13:32:00
USR002296,Mizoram,Lunglei,Health & Public Health,National Health Mission,No,No,High,26-40,2025-05-17 21:28:01
USR002297,West Bengal,Darjeeling,SC/ST/OBC Welfare,Pre Matric Scholarship SC,No,No,Middle,26-40,2026-01-05 16:48:18
USR002298,Uttarakhand,Dehradun,SC/ST/OBC Welfare,National Fellowship SC,No,No,Middle,18-25,2025-07-22 09:11:27
USR002299,Bihar,Patna,Senior Citizen Welfare,National Social Assistance Programme,Yes,Yes,Low,60+,2026-02-24 19:22:32
USR002300,Uttar Pradesh,Kanpur,Education & Scholarships,Vidya Lakshmi Scheme,No,No,Middle,26-40,2025-04-18 07:39:34
USR002301,Madhya Pradesh,Gwalior,Agriculture & Allied Activities,Pradhan Mantri Fasal Bima Yojana,Yes,Yes,Middle,60+,2025-08-07 18:21:10
USR002302,Tripura,Khowai,Agriculture & Allied Activities,Pradhan Mantri Fasal Bima Yojana,No,No,High,18-25,2025-12-26 12:58:06
USR002303,Jharkhand,Deoghar,Health & Public Health,Janani Suraksha Yojana,No,No,Low,60+,2025-06-26 04:52:24
USR002304,Nagaland,Peren,Education & Scholarships,Central Sector Scholarship Scheme,No,No,Low,26-40,2025-12-10 05:38:11
USR002305,Chhattisgarh,Rajnandgaon,Senior Citizen Welfare,Indira Gandhi National Old Age Pension,No,No,High,26-40,2026-01-11 00:13:54
USR002306,Haryana,Gurgaon,Women Empowerment & Child Welfare,Mahila Samman Savings Certificate,Yes,Yes,High,18-25,2025-12-09 15:01:12
USR002307,Madhya Pradesh,Sagar,Agriculture & Allied Activities,e-NAM,Yes,Yes,High,18-25,2025-09-14 07:29:22
USR002308,Mizoram,Kolasib,SC/ST/OBC Welfare,Top Class Education SC,Yes,Yes,High,18-25,2025-04-21 17:35:55
USR002309,West Bengal,Darjeeling,Education & Scholarships,Central Sector Scholarship Scheme,Yes,Yes,Low,41-60,2026-02-06 03:25:43
USR002310,Assam,Kamrup,Agriculture & Allied Activities,Pradhan Mantri Fasal Bima Yojana,Yes,No,High,18-25,2025-04-25 01:10:58
USR002311,Assam,Nagaon,Health & Public Health,Pradhan Mantri Surakshit Matritva Abhiyan,No,No,Low,26-40,2025-08-27 01:21:36
USR002312,Chhattisgarh,Raipur,Health & Public Health,National Health Mission,Yes,Yes,Middle,18-25,2025-03-09 08:32:18
USR002313,Sikkim,West Sikkim,Education & Scholarships,Central Sector Scholarship Scheme,Yes,Yes,Low,41-60,2025-06-08 01:05:14
USR002314,Bihar,Madhubani,Senior Citizen Welfare,PM Vaya Vandana Yojana,Yes,No,Low,26-40,2025-08-04 19:56:22
USR002315,Uttarakhand,Nainital,Agriculture & Allied Activities,e-NAM,No,No,High,18-25,2026-02-20 09:53:58
USR002316,Sikkim,North Sikkim,SC/ST/OBC Welfare,Credit Enhancement Scheme SC,No,No,Middle,18-25,2025-04-24 13:58:48
USR002317,Karnataka,Belgaum,Health & Public Health,TB Elimination Programme,No,No,High,41-60,2025-05-22 16:39:17
USR002318,Punjab,Ludhiana,Senior Citizen Welfare,Varishtha Pension Bima Yojana,Yes,Yes,High,18-25,2025-10-15 19:49:00
USR002319,Uttarakhand,Almora,Senior Citizen Welfare,Annapurna Scheme,Yes,No,Low,18-25,2025-03-16 18:43:36
USR002320,Bihar,Madhubani,Women Empowerment & Child Welfare,Ujjawala Scheme,Yes,No,Middle,18-25,2025-12-28 22:06:08
USR002321,Chhattisgarh,Janjgir-Champa,Women Empowerment & Child Welfare,Ujjawala Scheme,No,No,High,60+,2026-02-20 18:04:03
USR002322,West Bengal,Darjeeling,Senior Citizen Welfare,Atal Pension Yojana,Yes,No,High,26-40,2026-02-01 16:37:48
USR002323,Manipur,Ukhrul,Agriculture & Allied Activities,Paramparagat Krishi Vikas Yojana,Yes,Yes,Low,18-25,2026-02-18 23:26:01
USR002324,Bihar,Araria,Education & Scholarships,National Overseas Scholarship,Yes,Yes,Middle,18-25,2025-06-04 03:27:09
USR002325,Punjab,Ludhiana,Senior Citizen Welfare,Senior Citizen Savings Scheme,Yes,No,High,41-60,2025-10-28 00:55:41
USR002326,Odisha,Balasore,SC/ST/OBC Welfare,PM DAKSH Scheme,No,No,Low,60+,2025-09-18 20:20:36
USR002327,Maharashtra,Aurangabad,Agriculture & Allied Activities,Agriculture Infrastructure Fund,Yes,Yes,Middle,18-25,2026-01-20 00:39:33
USR002328,Punjab,Patiala,Agriculture & Allied Activities,PM-KISAN,Yes,Yes,Middle,41-60,2025-06-03 17:52:14
USR002329,Jharkhand,Giridih,Senior Citizen Welfare,Rashtriya Vayoshri Yojana,No,No,High,26-40,2025-10-17 23:55:10
USR002330,Odisha,Jajpur,Women Empowerment & Child Welfare,Ujjawala Scheme,Yes,Yes,Low,60+,2025-06-21 10:23:06
USR002331,Madhya Pradesh,Bhopal,SC/ST/OBC Welfare,Credit Enhancement Scheme SC,Yes,No,Middle,26-40,2025-10-30 05:41:11
USR002332,Karnataka,Mysore,Women Empowerment & Child Welfare,Beti Bachao Beti Padhao,Yes,No,Low,60+,2025-09-19 11:27:10
USR002333,Gujarat,Bharuch,Health & Public Health,National Digital Health Mission,No,No,Low,60+,2025-05-31 07:44:39
USR002334,Gujarat,Surat,Health & Public Health,National Digital Health Mission,Yes,Yes,Low,41-60,2026-01-17 03:59:53
USR002335,Odisha,Jajpur,Agriculture & Allied Activities,National Horticulture Mission,Yes,No,High,26-40,2025-05-14 01:02:45
USR002336,Andhra Pradesh,Guntur,Women Empowerment & Child Welfare,Mahila Shakti Kendra,Yes,Yes,Middle,18-25,2025-11-01 13:04:15
USR002337,Andhra Pradesh,Krishna,SC/ST/OBC Welfare,Credit Enhancement Scheme SC,Yes,No,Low,60+,2025-06-20 11:47:52
USR002338,Manipur,Bishnupur,Disability Support (Divyang Schemes),Deendayal Disabled Rehabilitation Scheme,No,No,High,18-25,2025-09-20 06:33:44
USR002339,Madhya Pradesh,Bhopal,Health & Public Health,eSanjeevani Telemedicine,Yes,Yes,High,18-25,2025-09-29 15:27:53
USR002340,Nagaland,Wokha,Women Empowerment & Child Welfare,Mahila Samman Savings Certificate,No,No,High,18-25,2025-10-01 02:17:07
USR002341,Telangana,Rangareddy,Women Empowerment & Child Welfare,Anganwadi Services ICDS,No,No,High,26-40,2025-10-27 17:20:29
USR002342,Odisha,Cuttack,Disability Support (Divyang Schemes),ADIP Scheme,Yes,No,Low,60+,2025-07-01 06:48:40
USR002343,Andhra Pradesh,Guntur,Senior Citizen Welfare,Varishtha Pension Bima Yojana,No,No,Middle,41-60,2025-12-01 13:10:17
USR002344,Odisha,Cuttack,Agriculture & Allied Activities,National Horticulture Mission,Yes,Yes,Low,60+,2025-11-03 09:23:24
USR002345,Gujarat,Ahmedabad,Health & Public Health,Ayushman Bharat PM-JAY,No,No,Middle,26-40,2025-06-17 19:30:39
USR002346,Uttar Pradesh,Kanpur,Senior Citizen Welfare,National Social Assistance Programme,Yes,Yes,Low,41-60,2025-09-19 10:40:14
USR002347,Haryana,Karnal,Health & Public Health,Pradhan Mantri Jan Aushadhi Yojana,Yes,Yes,Middle,41-60,2026-01-15 08:47:01
USR002348,Bihar,Muzaffarpur,Agriculture & Allied Activities,Soil Health Card Scheme,Yes,Yes,Middle,41-60,2025-04-16 16:34:04
USR002349,Karnataka,Mysore,Health & Public Health,TB Elimination Programme,Yes,No,Low,18-25,2026-02-27 20:29:43
USR002350,Kerala,Thiruvananthapuram,Disability Support (Divyang Schemes),Accessible India Campaign,No,No,Middle,41-60,2025-07-24 20:58:57
USR002351,Mizoram,Kolasib,Education & Scholarships,Pre Matric Scholarship OBC,Yes,No,Middle,26-40,2025-10-16 20:28:28
USR002352,Andhra Pradesh,Krishna,Health & Public Health,Pradhan Mantri Jan Aushadhi Yojana,Yes,Yes,Low,26-40,2025-11-01 18:11:57
USR002353,Tamil Nadu,Tiruppur,Agriculture & Allied Activities,PM Kisan Maan Dhan Yojana,Yes,No,High,26-40,2025-08-03 16:36:24
USR002354,Andhra Pradesh,Visakhapatnam,Senior Citizen Welfare,Senior Citizen Savings Scheme,Yes,No,Middle,26-40,2025-08-02 18:09:00
USR002355,Assam,Cachar,Disability Support (Divyang Schemes),Unique Disability ID UDID,Yes,Yes,Middle,26-40,2026-02-21 21:34:08
USR002356,Chhattisgarh,Rajnandgaon,SC/ST/OBC Welfare,Post Matric Scholarship OBC,No,No,Middle,26-40,2025-06-07 09:55:02
USR002357,Punjab,Sangrur,Disability Support (Divyang Schemes),Sahyogi Scheme,Yes,No,Low,26-40,2025-12-12 23:26:00
USR002358,West Bengal,Howrah,Agriculture & Allied Activities,Paramparagat Krishi Vikas Yojana,Yes,Yes,High,26-40,2026-01-19 11:39:37
USR002359,Rajasthan,Ajmer,Education & Scholarships,Central Sector Scholarship Scheme,No,No,Middle,41-60,2026-01-07 15:27:40
USR002360,Nagaland,Peren,Agriculture & Allied Activities,PM-KISAN,No,No,High,60+,2026-02-18 13:27:48
USR002361,Jharkhand,Dhanbad,Education & Scholarships,Central Sector Scholarship Scheme,Yes,Yes,Low,18-25,2025-08-01 23:00:02
USR002362,Sikkim,North Sikkim,Agriculture & Allied Activities,Pradhan Mantri Fasal Bima Yojana,Yes,No,Middle,18-25,2026-01-29 10:23:21
USR002363,Himachal Pradesh,Lahul,Women Empowerment & Child Welfare,Beti Bachao Beti Padhao,Yes,Yes,Low,18-25,2025-09-23 19:43:19
USR002364,Meghalaya,East Khasi Hills,Education & Scholarships,Post Matric Scholarship SC,Yes,Yes,Middle,60+,2025-07-28 06:30:13
USR002365,Haryana,Ambala,Agriculture & Allied Activities,Agriculture Infrastructure Fund,No,No,High,26-40,2026-01-02 00:19:06
USR002366,Gujarat,Vadodara,Agriculture & Allied Activities,Kisan Credit Card,Yes,No,Low,26-40,2025-12-24 13:09:30
USR002367,Kerala,Thrissur,Senior Citizen Welfare,Senior Citizen Savings Scheme,No,No,Middle,41-60,2026-01-03 17:02:41
USR002368,Haryana,Rohtak,Agriculture & Allied Activities,Paramparagat Krishi Vikas Yojana,No,No,Middle,41-60,2025-05-16 16:38:27
USR002369,Gujarat,Junagadh,Senior Citizen Welfare,PM Vaya Vandana Yojana,Yes,Yes,Low,18-25,2025-05-06 10:30:49
USR002370,Karnataka,Belgaum,Senior Citizen Welfare,Integrated Programme for Older Persons,Yes,No,Middle,41-60,2025-04-25 12:33:03
USR002371,Andhra Pradesh,Krishna,Health & Public Health,Pradhan Mantri Jan Aushadhi Yojana,No,No,High,26-40,2025-06-24 22:21:40
USR002372,Meghalaya,East Garo Hills,Education & Scholarships,National Means Cum Merit Scholarship,No,No,Low,26-40,2025-06-14 12:54:16
USR002373,Gujarat,Junagadh,SC/ST/OBC Welfare,Free Coaching Scheme SC OBC,No,No,High,26-40,2025-05-26 11:19:49
USR002374,Bihar,Patna,Health & Public Health,Rashtriya Swasthya Bima Yojana,Yes,Yes,Low,41-60,2025-07-01 04:18:09
USR002375,Rajasthan,Jaipur,Senior Citizen Welfare,Rashtriya Vayoshri Yojana,Yes,No,High,41-60,2026-01-14 11:23:24
USR002376,Gujarat,Ahmedabad,Agriculture & Allied Activities,Pradhan Mantri Fasal Bima Yojana,No,No,Middle,18-25,2025-06-29 09:52:16
USR002377,Maharashtra,Pune,Senior Citizen Welfare,National Social Assistance Programme,Yes,No,Middle,26-40,2025-06-12 16:36:54
USR002378,Telangana,Hyderabad,Health & Public Health,TB Elimination Programme,No,No,High,60+,2025-11-18 12:30:01
USR002379,Himachal Pradesh,Lahul,Women Empowerment & Child Welfare,Ujjawala Scheme,Yes,Yes,Middle,60+,2025-10-15 04:43:36
USR002380,Assam,Cachar,Education & Scholarships,Mid Day Meal Scheme,No,No,High,26-40,2025-06-08 20:23:15
USR002381,Kerala,Kannur,Senior Citizen Welfare,Integrated Programme for Older Persons,No,No,Low,18-25,2025-12-24 07:58:35
USR002382,Punjab,Ludhiana,Agriculture & Allied Activities,Kisan Credit Card,No,No,High,18-25,2026-01-14 08:24:30
USR002383,Odisha,Bhubaneswar,Senior Citizen Welfare,Rashtriya Vayoshri Yojana,No,No,High,60+,2025-08-02 23:11:52
USR002384,Kerala,Thrissur,Senior Citizen Welfare,Indira Gandhi National Old Age Pension,Yes,Yes,High,60+,2025-05-24 21:16:04
USR002385,Karnataka,Bangalore,Disability Support (Divyang Schemes),Vidyasagar Scheme,Yes,Yes,High,60+,2025-09-21 19:00:38
USR002386,Madhya Pradesh,Sagar,Senior Citizen Welfare,Annapurna Scheme,Yes,Yes,Low,18-25,2026-01-02 19:56:26
USR002387,Manipur,Ukhrul,SC/ST/OBC Welfare,NSFDC Loan Schemes,No,No,Middle,18-25,2025-05-31 03:55:15
USR002388,Punjab,Ludhiana,SC/ST/OBC Welfare,PM DAKSH Scheme,No,No,Middle,60+,2025-07-27 03:43:29
USR002389,Odisha,Jajpur,Health & Public Health,National Digital Health Mission,No,No,Low,41-60,2025-07-02 13:01:43
USR002390,Tripura,Khowai,Disability Support (Divyang Schemes),Unique Disability ID UDID,Yes,Yes,Low,26-40,2025-05-15 13:37:09
USR002391,Jharkhand,Godda,Health & Public Health,National Health Mission,No,No,High,41-60,2025-07-30 09:03:39
USR002392,Andhra Pradesh,Visakhapatnam,Disability Support (Divyang Schemes),Samarth Scheme,Yes,Yes,Middle,41-60,2025-12-29 05:02:30
USR002393,Madhya Pradesh,Ujjain,Health & Public Health,Mission Indradhanush,Yes,No,Middle,41-60,2025-09-02 08:24:20
USR002394,Andhra Pradesh,Visakhapatnam,Health & Public Health,National Digital Health Mission,Yes,No,Low,26-40,2025-03-06 19:48:05
USR002395,Jharkhand,Dhanbad,SC/ST/OBC Welfare,Credit Enhancement Scheme SC,Yes,No,High,60+,2025-07-04 18:35:06
USR002396,Madhya Pradesh,Ujjain,SC/ST/OBC Welfare,Credit Enhancement Scheme SC,No,No,Low,60+,2025-03-14 09:50:36
USR002397,Nagaland,Kohima,Women Empowerment & Child Welfare,Mahila Shakti Kendra,No,No,Low,18-25,2026-01-10 19:52:18
USR002398,Haryana,Karnal,Agriculture & Allied Activities,Kisan Credit Card,Yes,No,Low,41-60,2025-07-15 00:54:26
USR002399,Uttarakhand,Haridwar,Health & Public Health,eSanjeevani Telemedicine,Yes,Yes,High,41-60,2025-05-10 04:37:34
USR002400,Tripura,South Tripura,Women Empowerment & Child Welfare,POSHAN Abhiyaan,Yes,No,High,26-40,2026-02-09 05:26:21
USR002401,Maharashtra,Pune,Education & Scholarships,Top Class Education Scheme,No,No,High,18-25,2025-09-07 10:10:48
USR002402,Tamil Nadu,Salem,Agriculture & Allied Activities,e-NAM,Yes,Yes,Low,41-60,2025-10-17 12:00:53
USR002403,Punjab,Ludhiana,Senior Citizen Welfare,Atal Pension Yojana,Yes,No,High,26-40,2026-02-17 20:44:03
USR002404,Bihar,Patna,Agriculture & Allied Activities,Kisan Credit Card,No,No,High,26-40,2026-02-01 10:13:49
USR002405,Telangana,Karimnagar,Senior Citizen Welfare,Indira Gandhi National Old Age Pension,No,No,Middle,41-60,2025-10-13 20:14:35
USR002406,Tripura,Khowai,Health & Public Health,Ayushman Bharat PM-JAY,Yes,Yes,High,26-40,2026-02-03 05:47:31
USR002407,Uttar Pradesh,Meerut,Women Empowerment & Child Welfare,One Stop Centre Scheme,Yes,No,Low,60+,2025-12-06 12:52:52
USR002408,Himachal Pradesh,Solan,Education & Scholarships,Post Matric Scholarship SC,Yes,No,Middle,26-40,2025-09-02 07:20:55
USR002409,Karnataka,Tumkur,Senior Citizen Welfare,Varishtha Pension Bima Yojana,Yes,Yes,Middle,41-60,2025-11-08 05:12:16
USR002410,Maharashtra,Pune,Women Empowerment & Child Welfare,Anganwadi Services ICDS,Yes,Yes,High,18-25,2025-08-15 06:32:09
USR002411,Nagaland,Kohima,Senior Citizen Welfare,Elderline Helpline,Yes,Yes,High,26-40,2026-02-09 02:46:12
USR002412,Kerala,Kottayam,Disability Support (Divyang Schemes),Gharaunda Scheme,Yes,Yes,Low,18-25,2025-07-25 12:35:42
USR002413,Meghalaya,West Garo Hills,Health & Public Health,Ayushman Bharat PM-JAY,No,No,High,18-25,2025-08-19 23:50:25
USR002414,Maharashtra,Aurangabad,Education & Scholarships,Central Sector Scholarship Scheme,No,No,High,26-40,2025-03-18 02:49:19
USR002415,Mizoram,Saiha,SC/ST/OBC Welfare,Credit Enhancement Scheme SC,Yes,Yes,Low,41-60,2025-09-04 23:11:27
USR002416,Himachal Pradesh,Shimla,Agriculture & Allied Activities,Kisan Credit Card,No,No,High,41-60,2025-12-15 04:58:49
USR002417,Gujarat,Junagadh,Women Empowerment & Child Welfare,Mahila Samman Savings Certificate,No,No,Low,41-60,2025-11-27 02:56:31
USR002418,Sikkim,North Sikkim,Senior Citizen Welfare,Indira Gandhi National Old Age Pension,Yes,Yes,Middle,26-40,2025-04-12 14:22:49
USR002419,Uttarakhand,Dehradun,Women Empowerment & Child Welfare,Mahila Shakti Kendra,No,No,Middle,26-40,2025-12-13 21:26:50
USR002420,Odisha,Bargarh,Women Empowerment & Child Welfare,STEP Scheme,Yes,No,Middle,60+,2025-05-27 05:11:16
USR002421,Telangana,Rangareddy,Health & Public Health,Pradhan Mantri Surakshit Matritva Abhiyan,Yes,No,Low,41-60,2025-06-14 08:53:39
USR002422,Jharkhand,Dhanbad,Health & Public Health,Pradhan Mantri Jan Aushadhi Yojana,Yes,Yes,Middle,18-25,2025-07-21 01:23:58
USR002423,Tripura,West Tripura,Education & Scholarships,Vidya Lakshmi Scheme,Yes,Yes,Middle,60+,2026-01-01 09:20:20
USR002424,Maharashtra,Mumbai,Agriculture & Allied Activities,Paramparagat Krishi Vikas Yojana,No,No,Middle,18-25,2025-04-28 15:21:31
USR002425,Gujarat,Junagadh,Disability Support (Divyang Schemes),Samarth Scheme,No,No,Low,41-60,2025-09-11 13:28:46
USR002426,Madhya Pradesh,Gwalior,SC/ST/OBC Welfare,National Fellowship SC,Yes,No,Low,18-25,2025-08-22 03:23:30
USR002427,Nagaland,Zunheboto,Women Empowerment & Child Welfare,One Stop Centre Scheme,Yes,Yes,High,60+,2025-11-06 00:14:44
USR002428,Rajasthan,Ajmer,Senior Citizen Welfare,Integrated Programme for Older Persons,Yes,Yes,Middle,26-40,2026-01-28 18:00:34
USR002429,Tripura,Dhalai,Women Empowerment & Child Welfare,Pradhan Mantri Matru Vandana Yojana,No,No,Middle,41-60,2025-04-28 14:26:13
USR002430,Odisha,Bargarh,Disability Support (Divyang Schemes),Indira Gandhi Disability Pension,Yes,Yes,High,41-60,2025-10-28 19:47:28
USR002431,Jharkhand,Dhanbad,Education & Scholarships,Top Class Education Scheme,No,No,Low,60+,2025-10-14 17:37:03
USR002432,Kerala,Kannur,Disability Support (Divyang Schemes),Indira Gandhi Disability Pension,Yes,Yes,Middle,18-25,2025-09-12 18:32:55
USR002433,Assam,Nagaon,Senior Citizen Welfare,Integrated Programme for Older Persons,No,No,High,18-25,2025-06-16 00:46:05
USR002434,Punjab,Ferozepur,Agriculture & Allied Activities,PM Krishi Sinchai Yojana,No,No,High,41-60,2025-12-04 14:10:52
USR002435,Tamil Nadu,Chennai,SC/ST/OBC Welfare,Free Coaching Scheme SC OBC,No,No,Middle,60+,2025-08-10 16:36:28
USR002436,Kerala,Ernakulathappan,Women Empowerment & Child Welfare,STEP Scheme,No,No,Low,60+,2025-11-28 02:07:02
USR002437,Madhya Pradesh,Sagar,Agriculture & Allied Activities,PM Krishi Sinchai Yojana,Yes,Yes,Low,26-40,2025-11-25 12:54:27
USR002438,Punjab,Ludhiana,SC/ST/OBC Welfare,National Fellowship SC,No,No,Low,18-25,2025-10-13 10:06:05
USR002439,Madhya Pradesh,Sagar,SC/ST/OBC Welfare,Post Matric Scholarship OBC,Yes,No,Middle,41-60,2025-11-12 04:10:03
USR002440,Andhra Pradesh,Nellore,Health & Public Health,Rashtriya Swasthya Bima Yojana,Yes,Yes,Middle,60+,2025-04-13 21:58:06
USR002441,Manipur,Bishnupur,Agriculture & Allied Activities,e-NAM,No,No,Middle,41-60,2025-06-23 11:20:08
USR002442,Andhra Pradesh,Nellore,Women Empowerment & Child Welfare,Working Women Hostel Scheme,Yes,Yes,High,60+,2025-11-06 13:22:43
USR002443,Nagaland,Zunheboto,Women Empowerment & Child Welfare,Working Women Hostel Scheme,Yes,Yes,Middle,60+,2025-05-09 03:52:49
USR002444,Bihar,Madhubani,Education & Scholarships,Post Matric Scholarship SC,Yes,No,Low,60+,2025-08-26 13:12:30
USR002445,Manipur,Bishnupur,Education & Scholarships,Post Matric Scholarship SC,Yes,Yes,Low,60+,2025-07-13 09:03:36
USR002446,Karnataka,Hubli,Women Empowerment & Child Welfare,Mahila Shakti Kendra,Yes,Yes,High,18-25,2025-11-20 20:17:01
USR002447,Himachal Pradesh,Shimla,Health & Public Health,National Health Mission,No,No,High,18-25,2025-03-08 10:16:51
USR002448,Manipur,Imphal West,Education & Scholarships,SHREYAS Scheme,No,No,High,41-60,2025-08-18 07:31:36
USR002449,Odisha,Cuttack,Women Empowerment & Child Welfare,Ujjawala Scheme,Yes,Yes,Low,60+,2025-09-05 05:48:12
USR002450,Telangana,Karimnagar,Senior Citizen Welfare,National Social Assistance Programme,Yes,Yes,Middle,18-25,2025-11-18 18:06:03
USR002451,Kerala,Ernakulathappan,Senior Citizen Welfare,Varishtha Pension Bima Yojana,Yes,Yes,Middle,18-25,2025-06-06 23:04:02
USR002452,Nagaland,Dimapur,Women Empowerment & Child Welfare,Mahila Samman Savings Certificate,No,No,High,26-40,2025-05-24 00:22:48
USR002453,Sikkim,North Sikkim,Senior Citizen Welfare,Annapurna Scheme,No,No,Low,26-40,2025-04-23 17:51:14
USR002454,Mizoram,Champhai,Women Empowerment & Child Welfare,Working Women Hostel Scheme,No,No,Low,26-40,2026-01-12 13:11:07
USR002455,Punjab,Sangrur,Senior Citizen Welfare,Integrated Programme for Older Persons,Yes,Yes,Low,18-25,2026-01-17 18:39:21
USR002456,Bihar,West Champaran,Women Empowerment & Child Welfare,Mahila Samman Savings Certificate,Yes,No,Middle,41-60,2025-04-15 13:54:38
USR002457,Andhra Pradesh,Nellore,Education & Scholarships,PM Research Fellowship,Yes,Yes,Middle,41-60,2025-11-20 04:23:22
USR002458,Sikkim,East Sikkim,SC/ST/OBC Welfare,Credit Enhancement Scheme SC,Yes,No,Low,18-25,2025-08-21 00:31:49
USR002459,Jharkhand,Godda,Health & Public Health,eSanjeevani Telemedicine,Yes,No,Low,18-25,2026-01-10 11:11:44
USR002460,Telangana,Rangareddy,Women Empowerment & Child Welfare,STEP Scheme,Yes,No,Middle,26-40,2026-02-24 05:48:14
USR002461,Meghalaya,East Garo Hills,Women Empowerment & Child Welfare,STEP Scheme,Yes,Yes,Low,26-40,2025-06-17 18:55:28
USR002462,Haryana,Hisar,Education & Scholarships,Top Class Education Scheme,Yes,No,Middle,26-40,2025-06-01 11:59:29
USR002463,Haryana,Gurgaon,Education & Scholarships,Pre Matric Scholarship OBC,No,No,Low,60+,2025-06-03 23:01:59
USR002464,Haryana,Rohtak,Women Empowerment & Child Welfare,Anganwadi Services ICDS,No,No,High,18-25,2025-03-05 04:50:25
USR002465,Assam,Nagaon,Agriculture & Allied Activities,Pradhan Mantri Fasal Bima Yojana,Yes,Yes,High,60+,2025-10-31 09:16:23
USR002466,Tamil Nadu,Madurai,Health & Public Health,Mission Indradhanush,No,No,High,18-25,2025-06-13 06:27:33
USR002467,Kerala,Kottayam,Senior Citizen Welfare,Varishtha Pension Bima Yojana,No,No,High,60+,2026-02-19 23:12:38
USR002468,Andhra Pradesh,Krishna,Health & Public Health,Rashtriya Swasthya Bima Yojana,Yes,Yes,Middle,18-25,2026-01-11 19:13:24
USR002469,Andhra Pradesh,Krishna,Agriculture & Allied Activities,PM Kisan Maan Dhan Yojana,No,No,Middle,18-25,2025-06-18 00:09:56
USR002470,Assam,Nagaon,Senior Citizen Welfare,National Social Assistance Programme,Yes,Yes,High,41-60,2025-06-20 20:58:51
USR002471,Madhya Pradesh,Ujjain,SC/ST/OBC Welfare,National Fellowship SC,Yes,Yes,Middle,60+,2026-01-13 04:46:34
USR002472,Sikkim,East Sikkim,SC/ST/OBC Welfare,Venture Capital Fund SC,No,No,High,26-40,2025-09-25 21:42:56
USR002473,Tripura,Khowai,Agriculture & Allied Activities,Agriculture Infrastructure Fund,Yes,Yes,Middle,60+,2026-01-05 00:55:12
USR002474,Uttar Pradesh,Banaras,Health & Public Health,Rashtriya Swasthya Bima Yojana,No,No,High,18-25,2025-11-16 22:56:10
USR002475,Telangana,Medchal,Senior Citizen Welfare,Annapurna Scheme,No,No,High,18-25,2025-12-21 13:55:57
USR002476,Rajasthan,Jaipur,Senior Citizen Welfare,Senior Citizen Savings Scheme,No,No,Middle,18-25,2025-10-12 20:27:40
USR002477,Meghalaya,West Garo Hills,Education & Scholarships,Central Sector Scholarship Scheme,No,No,Middle,26-40,2026-02-23 10:50:54
USR002478,Bihar,Madhubani,Education & Scholarships,Mid Day Meal Scheme,Yes,Yes,Middle,18-25,2026-01-02 23:26:05
USR002479,Tamil Nadu,Coimbatore,Women Empowerment & Child Welfare,Mahila Samman Savings Certificate,No,No,Low,41-60,2025-04-24 11:50:45
USR002480,Madhya Pradesh,Bhopal,Education & Scholarships,SHREYAS Scheme,Yes,Yes,High,18-25,2025-08-01 07:21:57
USR002481,Nagaland,Tuensang,Health & Public Health,TB Elimination Programme,No,No,Middle,18-25,2025-09-17 20:42:33
USR002482,Maharashtra,Nagpur,Health & Public Health,National Digital Health Mission,Yes,Yes,High,18-25,2025-03-01 15:24:57
USR002483,Mizoram,Mamit,Education & Scholarships,Vidya Lakshmi Scheme,Yes,Yes,High,41-60,2025-03-13 05:14:11
USR002484,Bihar,Patna,Senior Citizen Welfare,Annapurna Scheme,Yes,No,Low,60+,2025-12-07 14:34:20
USR002485,Bihar,Muzaffarpur,Senior Citizen Welfare,Senior Citizen Savings Scheme,No,No,High,60+,2026-02-04 15:41:47
USR002486,Assam,Morigaon,SC/ST/OBC Welfare,Venture Capital Fund SC,Yes,No,High,18-25,2025-03-29 16:12:09
USR002487,Andhra Pradesh,Chittoor,Health & Public Health,Ayushman Bharat PM-JAY,Yes,Yes,Low,41-60,2026-01-24 05:31:58
USR002488,Nagaland,Peren,Disability Support (Divyang Schemes),Vidyasagar Scheme,Yes,Yes,Middle,18-25,2025-08-04 01:01:12
USR002489,Punjab,Ferozepur,Education & Scholarships,Top Class Education Scheme,Yes,Yes,Low,18-25,2026-01-03 00:36:40
USR002490,Uttar Pradesh,Banaras,Women Empowerment & Child Welfare,Ujjawala Scheme,Yes,Yes,Middle,18-25,2025-07-05 06:53:55
USR002491,Bihar,East Champaran,Disability Support (Divyang Schemes),ADIP Scheme,Yes,Yes,High,41-60,2025-07-28 06:16:27
USR002492,Manipur,Imphal East,Agriculture & Allied Activities,Agriculture Infrastructure Fund,Yes,Yes,High,26-40,2025-04-13 22:17:34
USR002493,Tripura,South Tripura,Health & Public Health,Pradhan Mantri Jan Aushadhi Yojana,Yes,No,Middle,60+,2025-08-18 02:07:30
USR002494,Chhattisgarh,Raipur,Women Empowerment & Child Welfare,Beti Bachao Beti Padhao,No,No,Middle,18-25,2025-05-28 04:49:46
USR002495,Tamil Nadu,Chennai,Disability Support (Divyang Schemes),Vidyasagar Scheme,No,No,Middle,60+,2025-03-18 13:13:52
USR002496,Karnataka,Mangalore,Women Empowerment & Child Welfare,POSHAN Abhiyaan,No,No,Low,60+,2025-11-24 07:01:15
USR002497,Nagaland,Kohima,Education & Scholarships,SHREYAS Scheme,Yes,No,Low,41-60,2025-09-12 11:04:28
USR002498,Kerala,Thrissur,Agriculture & Allied Activities,PM Kisan Maan Dhan Yojana,Yes,Yes,Low,26-40,2025-05-03 04:34:37
USR002499,Odisha,Bargarh,Disability Support (Divyang Schemes),Deendayal Disabled Rehabilitation Scheme,No,No,Low,26-40,2025-07-10 21:19:20
USR002500,Haryana,Faridabad,Health & Public Health,Pradhan Mantri Jan Aushadhi Yojana,Yes,No,Low,41-60,2025-09-02 13:39:47
USR002501,Gujarat,Ahmedabad,Women Empowerment & Child Welfare,Ujjawala Scheme,Yes,Yes,Low,60+,2025-09-27 18:18:49
USR002502,Assam,Nagaon,Agriculture & Allied Activities,National Horticulture Mission,Yes,Yes,Middle,60+,2026-02-24 06:36:32
USR002503,Himachal Pradesh,Kinnaur,Women Empowerment & Child Welfare,Working Women Hostel Scheme,Yes,No,Middle,41-60,2025-03-27 18:27:55
USR002504,Tamil Nadu,Tiruppur,Women Empowerment & Child Welfare,POSHAN Abhiyaan,No,No,High,26-40,2025-09-11 18:40:01
USR002505,Mizoram,Mamit,Health & Public Health,eSanjeevani Telemedicine,Yes,No,High,41-60,2025-11-05 23:57:45
USR002506,Uttarakhand,Bageshwar,Disability Support (Divyang Schemes),Accessible India Campaign,Yes,Yes,Low,41-60,2025-06-03 05:03:34
USR002507,Madhya Pradesh,Indore,Senior Citizen Welfare,Senior Citizen Savings Scheme,Yes,Yes,High,41-60,2025-04-11 23:08:03
USR002508,Tripura,South Tripura,Agriculture & Allied Activities,Soil Health Card Scheme,No,No,Low,41-60,2025-06-17 23:36:06
USR002509,Uttar Pradesh,Meerut,SC/ST/OBC Welfare,NSFDC Loan Schemes,Yes,No,Middle,18-25,2025-07-12 05:05:18
USR002510,Odisha,Sambalpur,Disability Support (Divyang Schemes),Unique Disability ID UDID,Yes,No,High,41-60,2025-09-29 13:10:54
USR002511,Kerala,Kozhikode,SC/ST/OBC Welfare,Credit Enhancement Scheme SC,No,No,Low,60+,2025-05-19 11:07:48
USR002512,Tripura,West Tripura,SC/ST/OBC Welfare,NSFDC Loan Schemes,Yes,Yes,Low,60+,2025-09-15 06:05:46
USR002513,Mizoram,Lunglei,Education & Scholarships,PM Research Fellowship,Yes,Yes,Middle,26-40,2026-02-16 22:01:28
USR002514,Assam,Barpeta,Health & Public Health,Ayushman Bharat PM-JAY,Yes,No,Middle,41-60,2026-01-08 20:18:00
USR002515,Maharashtra,Kolhapur,SC/ST/OBC Welfare,Credit Enhancement Scheme SC,Yes,Yes,Middle,60+,2025-08-24 11:22:46
USR002516,Chhattisgarh,Raipur,Agriculture & Allied Activities,PM Kisan Maan Dhan Yojana,Yes,Yes,Low,26-40,2026-02-25 14:46:19
USR002517,Bihar,Araria,Senior Citizen Welfare,Atal Pension Yojana,No,No,High,26-40,2025-05-28 12:01:00
USR002518,Kerala,Thiruvananthapuram,Disability Support (Divyang Schemes),ADIP Scheme,No,No,High,41-60,2025-10-01 07:21:15
USR002519,Andhra Pradesh,Visakhapatnam,Agriculture & Allied Activities,e-NAM,Yes,Yes,Middle,26-40,2025-12-15 05:55:59
USR002520,Uttar Pradesh,Varanasi,Education & Scholarships,Top Class Education Scheme,Yes,Yes,Middle,60+,2025-11-16 15:23:23
USR002521,Rajasthan,Ajmer,Education & Scholarships,National Overseas Scholarship,Yes,Yes,Middle,18-25,2025-12-11 15:03:27
USR002522,Himachal Pradesh,Kinnaur,SC/ST/OBC Welfare,Venture Capital Fund SC,Yes,Yes,Low,26-40,2026-01-24 17:36:02
USR002523,West Bengal,Murshidabad,Disability Support (Divyang Schemes),Indira Gandhi Disability Pension,No,No,High,18-25,2025-03-26 04:30:40
USR002524,Rajasthan,Udaipur,Women Empowerment & Child Welfare,Pradhan Mantri Matru Vandana Yojana,No,No,Low,60+,2025-07-01 10:55:02
USR002525,Tripura,Khowai,Agriculture & Allied Activities,National Horticulture Mission,No,No,High,26-40,2026-01-13 18:38:51
USR002526,Haryana,Karnal,SC/ST/OBC Welfare,National Fellowship SC,No,No,Middle,60+,2026-01-05 00:29:37
USR002527,Assam,Morigaon,Education & Scholarships,Central Sector Scholarship Scheme,Yes,No,Middle,60+,2025-09-14 01:08:51
USR002528,Mizoram,Champhai,Health & Public Health,National Health Mission,Yes,Yes,High,18-25,2025-08-01 11:37:36
USR002529,Odisha,Bargarh,Agriculture & Allied Activities,National Horticulture Mission,Yes,Yes,High,41-60,2025-05-29 13:27:31
USR002530,Uttarakhand,Bageshwar,Agriculture & Allied Activities,Kisan Credit Card,No,No,Low,18-25,2025-12-07 18:33:54
USR002531,Gujarat,Bharuch,Agriculture & Allied Activities,PM Krishi Sinchai Yojana,Yes,Yes,High,26-40,2026-02-27 04:21:21
USR002532,Andhra Pradesh,Chittoor,Health & Public Health,National Health Mission,No,No,Middle,18-25,2025-05-29 09:42:20
USR002533,West Bengal,Kolkata,Education & Scholarships,SHREYAS Scheme,No,No,High,18-25,2026-01-10 15:27:50
USR002534,Nagaland,Peren,Agriculture & Allied Activities,Kisan Credit Card,Yes,No,High,26-40,2025-04-21 13:05:58
USR002535,Rajasthan,Jodhpur,Women Empowerment & Child Welfare,STEP Scheme,Yes,No,High,60+,2025-03-22 17:46:44
USR002536,Madhya Pradesh,Ujjain,Health & Public Health,Mission Indradhanush,Yes,Yes,Low,18-25,2025-05-26 14:31:07
USR002537,Manipur,Ukhrul,Education & Scholarships,Top Class Education Scheme,Yes,Yes,Low,60+,2025-10-05 03:09:13
USR002538,Gujarat,Surat,Senior Citizen Welfare,Annapurna Scheme,No,No,High,60+,2025-04-01 21:35:43
USR002539,Chhattisgarh,Bastar,SC/ST/OBC Welfare,National Fellowship SC,Yes,Yes,High,41-60,2025-07-08 07:46:54
USR002540,Jharkhand,Dumka,Women Empowerment & Child Welfare,Ujjawala Scheme,Yes,Yes,Low,41-60,2025-10-26 16:02:48
USR002541,Odisha,Jajpur,Agriculture & Allied Activities,PM Krishi Sinchai Yojana,No,No,High,41-60,2025-12-13 12:24:22
USR002542,Himachal Pradesh,Shimla,Health & Public Health,Pradhan Mantri Surakshit Matritva Abhiyan,Yes,Yes,Middle,26-40,2025-12-23 05:46:13
USR002543,Kerala,Ernakulathappan,Agriculture & Allied Activities,Soil Health Card Scheme,Yes,Yes,Middle,26-40,2025-10-20 04:42:22
USR002544,Chhattisgarh,Janjgir-Champa,SC/ST/OBC Welfare,Post Matric Scholarship OBC,Yes,No,Middle,41-60,2025-04-26 08:15:28
USR002545,Telangana,Karimnagar,Women Empowerment & Child Welfare,Working Women Hostel Scheme,No,No,Low,60+,2025-06-11 06:56:37
USR002546,Jharkhand,Dhanbad,Agriculture & Allied Activities,PM Krishi Sinchai Yojana,Yes,No,Middle,60+,2025-11-11 12:06:25
USR002547,Maharashtra,Aurangabad,Agriculture & Allied Activities,PM-KISAN,Yes,Yes,Low,41-60,2025-06-25 01:23:19
USR002548,Maharashtra,Kolhapur,SC/ST/OBC Welfare,NSFDC Loan Schemes,Yes,Yes,High,18-25,2025-05-19 01:42:22
USR002549,Uttarakhand,Pithoragarh,Health & Public Health,National Digital Health Mission,No,No,Middle,60+,2025-04-27 03:13:26
USR002550,Karnataka,Belgaum,Health & Public Health,Pradhan Mantri Surakshit Matritva Abhiyan,Yes,No,High,60+,2025-06-12 06:35:48
USR002551,Kerala,Kozhikode,Senior Citizen Welfare,Senior Citizen Savings Scheme,Yes,Yes,Middle,18-25,2025-03-20 11:57:37
USR002552,Gujarat,Junagadh,Senior Citizen Welfare,Varishtha Pension Bima Yojana,No,No,Middle,26-40,2025-03-13 15:14:14
USR002553,Uttarakhand,Haridwar,Disability Support (Divyang Schemes),Sahyogi Scheme,Yes,Yes,Low,60+,2025-06-01 13:16:56
USR002554,Sikkim,North Sikkim,Disability Support (Divyang Schemes),Gharaunda Scheme,No,No,Low,60+,2025-04-03 19:11:33
USR002555,Himachal Pradesh,Shimla,Agriculture & Allied Activities,Paramparagat Krishi Vikas Yojana,No,No,Low,41-60,2025-07-12 12:54:07
USR002556,Assam,Sonitpur,Agriculture & Allied Activities,Soil Health Card Scheme,Yes,Yes,High,60+,2025-07-06 10:05:15
USR002557,Rajasthan,Udaipur,Agriculture & Allied Activities,e-NAM,Yes,Yes,Middle,18-25,2026-01-25 01:34:32
USR002558,Odisha,Sambalpur,Senior Citizen Welfare,Rashtriya Vayoshri Yojana,Yes,No,Low,41-60,2025-09-04 18:29:42
USR002559,Rajasthan,Udaipur,Education & Scholarships,Central Sector Scholarship Scheme,Yes,Yes,Middle,26-40,2025-07-22 16:53:50
USR002560,Kerala,Kottayam,Women Empowerment & Child Welfare,POSHAN Abhiyaan,No,No,Low,26-40,2026-02-15 20:34:38
USR002561,Uttar Pradesh,Meerut,SC/ST/OBC Welfare,Top Class Education SC,Yes,Yes,Low,41-60,2025-09-24 05:05:22
USR002562,Bihar,East Champaran,Disability Support (Divyang Schemes),Deendayal Disabled Rehabilitation Scheme,Yes,Yes,Low,26-40,2025-07-08 18:25:03
USR002563,Meghalaya,East Garo Hills,Disability Support (Divyang Schemes),Sahyogi Scheme,No,No,Middle,18-25,2025-09-19 17:24:53
USR002564,Uttar Pradesh,Kanpur,Disability Support (Divyang Schemes),Deendayal Disabled Rehabilitation Scheme,Yes,Yes,Low,26-40,2025-03-10 10:16:09
USR002565,Karnataka,Belgaum,Senior Citizen Welfare,Senior Citizen Savings Scheme,Yes,No,Middle,60+,2025-08-24 05:14:59
USR002566,Odisha,Balasore,Women Empowerment & Child Welfare,One Stop Centre Scheme,No,No,Middle,18-25,2025-05-15 11:25:07
USR002567,Gujarat,Rajkot,Disability Support (Divyang Schemes),Sahyogi Scheme,No,No,High,60+,2025-11-02 07:58:13
USR002568,Himachal Pradesh,Kinnaur,Health & Public Health,National Health Mission,Yes,Yes,Middle,18-25,2026-01-27 14:17:10
USR002569,Mizoram,Kolasib,Women Empowerment & Child Welfare,Anganwadi Services ICDS,No,No,Middle,60+,2025-12-08 01:15:23
USR002570,Chhattisgarh,Raipur,Senior Citizen Welfare,Elderline Helpline,Yes,Yes,Low,26-40,2025-09-01 18:34:56
USR002571,Punjab,Ludhiana,Disability Support (Divyang Schemes),Indira Gandhi Disability Pension,No,No,High,60+,2025-03-02 08:24:41
USR002572,Jharkhand,Ranchi,Disability Support (Divyang Schemes),Unique Disability ID UDID,No,No,Middle,41-60,2025-05-22 06:17:59
USR002573,Jharkhand,Deoghar,Women Empowerment & Child Welfare,Ujjawala Scheme,No,No,Middle,18-25,2025-06-05 19:32:42
USR002574,Nagaland,Peren,Health & Public Health,Pradhan Mantri Surakshit Matritva Abhiyan,No,No,Middle,60+,2026-02-20 05:48:30
USR002575,Kerala,Kannur,Health & Public Health,National Digital Health Mission,No,No,Low,41-60,2026-01-15 02:36:07
USR002576,Mizoram,Mamit,Women Empowerment & Child Welfare,Beti Bachao Beti Padhao,Yes,Yes,Middle,18-25,2025-04-09 03:31:27
USR002577,Andhra Pradesh,Guntur,Women Empowerment & Child Welfare,Mahila Shakti Kendra,No,No,Low,41-60,2025-06-03 05:19:44
USR002578,Odisha,Sambalpur,Disability Support (Divyang Schemes),Sahyogi Scheme,Yes,Yes,Middle,26-40,2025-06-18 07:31:11
USR002579,Tamil Nadu,Chennai,Senior Citizen Welfare,Atal Pension Yojana,No,No,High,41-60,2025-10-29 07:20:40
USR002580,Maharashtra,Kolhapur,SC/ST/OBC Welfare,Post Matric Scholarship OBC,Yes,Yes,Low,41-60,2025-07-07 09:03:53
USR002581,West Bengal,Howrah,Health & Public Health,Rashtriya Swasthya Bima Yojana,Yes,Yes,High,18-25,2025-05-05 15:20:05
USR002582,Gujarat,Surat,Health & Public Health,Ayushman Bharat PM-JAY,Yes,Yes,Low,18-25,2025-06-29 03:38:48
USR002583,Jharkhand,Dhanbad,Health & Public Health,Pradhan Mantri Jan Aushadhi Yojana,No,No,Low,26-40,2025-08-22 12:47:08
USR002584,Karnataka,Bangalore,Education & Scholarships,Top Class Education Scheme,No,No,Low,60+,2025-04-13 18:51:31
USR002585,Telangana,Rangareddy,Senior Citizen Welfare,Integrated Programme for Older Persons,Yes,Yes,Low,41-60,2025-04-20 02:14:49
USR002586,Gujarat,Vadodara,SC/ST/OBC Welfare,Free Coaching Scheme SC OBC,Yes,Yes,High,26-40,2025-06-30 15:55:15
USR002587,Chhattisgarh,Bastar,Disability Support (Divyang Schemes),Unique Disability ID UDID,Yes,No,High,18-25,2025-04-25 17:40:11
USR002588,Andhra Pradesh,Visakhapatnam,Disability Support (Divyang Schemes),Sahyogi Scheme,No,No,High,60+,2025-08-31 17:49:39
USR002589,Andhra Pradesh,Guntur,SC/ST/OBC Welfare,NSFDC Loan Schemes,Yes,Yes,High,60+,2025-09-29 07:39:37
USR002590,Assam,Sonitpur,Disability Support (Divyang Schemes),Vidyasagar Scheme,No,No,Middle,41-60,2026-02-19 17:18:22
USR002591,Jharkhand,Godda,Education & Scholarships,PM Research Fellowship,Yes,No,Middle,18-25,2025-03-09 04:56:43
USR002592,Sikkim,South Sikkim,Women Empowerment & Child Welfare,Anganwadi Services ICDS,Yes,Yes,High,18-25,2025-04-16 03:50:37
USR002593,Kerala,Thrissur,Health & Public Health,Rashtriya Swasthya Bima Yojana,No,No,Middle,26-40,2025-11-28 19:47:17
USR002594,Tamil Nadu,Chennai,SC/ST/OBC Welfare,NSFDC Loan Schemes,Yes,Yes,Low,60+,2025-04-22 17:51:36
USR002595,Jharkhand,Deoghar,Agriculture & Allied Activities,Kisan Credit Card,No,No,Low,18-25,2025-11-24 00:05:39
USR002596,Punjab,Ludhiana,Health & Public Health,eSanjeevani Telemedicine,Yes,No,Middle,26-40,2025-09-15 14:50:03
USR002597,Chhattisgarh,Rajnandgaon,Agriculture & Allied Activities,PM-KISAN,Yes,No,High,26-40,2025-06-27 16:56:10
USR002598,Andhra Pradesh,Kadapa,Women Empowerment & Child Welfare,POSHAN Abhiyaan,No,No,High,18-25,2025-12-08 13:21:35
USR002599,Odisha,Jajpur,Senior Citizen Welfare,National Social Assistance Programme,No,No,High,26-40,2026-01-14 08:08:59
USR002600,Uttarakhand,Bageshwar,Senior Citizen Welfare,Varishtha Pension Bima Yojana,No,No,Middle,41-60,2025-05-08 00:49:21
USR002601,Gujarat,Vadodara,Health & Public Health,Janani Suraksha Yojana,No,No,Low,41-60,2025-11-13 13:49:35
USR002602,Gujarat,Rajkot,Women Empowerment & Child Welfare,Anganwadi Services ICDS,Yes,Yes,Low,26-40,2026-01-13 05:47:42
USR002603,Bihar,Araria,Education & Scholarships,Central Sector Scholarship Scheme,Yes,No,High,60+,2025-08-21 09:08:25
USR002604,Punjab,Sangrur,Senior Citizen Welfare,Senior Citizen Savings Scheme,Yes,Yes,Low,18-25,2026-02-03 00:54:03
USR002605,Gujarat,Surat,Disability Support (Divyang Schemes),Samarth Scheme,No,No,Low,60+,2025-08-23 21:25:15
USR002606,Mizoram,Saiha,Agriculture & Allied Activities,Paramparagat Krishi Vikas Yojana,No,No,Low,26-40,2026-02-07 16:43:39
USR002607,Maharashtra,Nagpur,SC/ST/OBC Welfare,National Fellowship SC,No,No,High,26-40,2025-03-01 10:22:36
USR002608,Nagaland,Peren,Disability Support (Divyang Schemes),Deendayal Disabled Rehabilitation Scheme,No,No,Low,60+,2025-10-16 09:31:35
USR002609,Uttarakhand,Dehradun,Disability Support (Divyang Schemes),Unique Disability ID UDID,Yes,Yes,Middle,26-40,2025-12-29 04:15:33
USR002610,Punjab,Amritsar,SC/ST/OBC Welfare,National Fellowship SC,Yes,No,Low,26-40,2026-01-22 21:17:26
USR002611,Manipur,Imphal West,Health & Public Health,eSanjeevani Telemedicine,Yes,No,Low,60+,2025-12-02 05:04:12
USR002612,Uttarakhand,Nainital,Disability Support (Divyang Schemes),Vidyasagar Scheme,Yes,Yes,High,41-60,2025-07-29 01:51:06
USR002613,Manipur,Imphal West,Disability Support (Divyang Schemes),Samarth Scheme,Yes,Yes,Middle,60+,2025-11-30 21:37:59
USR002614,Gujarat,Rajkot,Women Empowerment & Child Welfare,Pradhan Mantri Matru Vandana Yojana,No,No,Middle,60+,2025-11-01 06:23:28
USR002615,Tamil Nadu,Chennai,Disability Support (Divyang Schemes),Sahyogi Scheme,Yes,Yes,High,60+,2025-05-12 19:42:33
USR002616,Manipur,Ukhrul,Health & Public Health,National Digital Health Mission,Yes,No,Middle,26-40,2025-12-24 19:07:44
USR002617,Uttar Pradesh,Agra,SC/ST/OBC Welfare,Pre Matric Scholarship SC,Yes,No,Middle,41-60,2025-09-03 01:31:32
USR002618,Sikkim,South Sikkim,Women Empowerment & Child Welfare,Working Women Hostel Scheme,No,No,Middle,18-25,2025-07-23 09:13:37
USR002619,Madhya Pradesh,Bhopal,Senior Citizen Welfare,Elderline Helpline,No,No,High,26-40,2025-04-29 20:19:54
USR002620,Kerala,Kannur,Health & Public Health,Ayushman Bharat PM-JAY,No,No,Low,41-60,2026-02-14 04:59:32
USR002621,Chhattisgarh,Durg,Education & Scholarships,SHREYAS Scheme,Yes,Yes,High,60+,2025-11-22 23:38:03
USR002622,Bihar,West Champaran,SC/ST/OBC Welfare,National Fellowship OBC,No,No,Middle,60+,2025-07-06 08:19:47
USR002623,Rajasthan,Udaipur,Disability Support (Divyang Schemes),National Trust Niramaya,Yes,Yes,High,26-40,2025-09-19 14:10:16
USR002624,Haryana,Faridabad,Education & Scholarships,Top Class Education Scheme,No,No,Middle,60+,2026-01-03 18:11:52
USR002625,Odisha,Bhubaneswar,Agriculture & Allied Activities,Paramparagat Krishi Vikas Yojana,No,No,High,26-40,2025-04-04 16:33:10
USR002626,Madhya Pradesh,Sagar,Agriculture & Allied Activities,Soil Health Card Scheme,Yes,No,Low,26-40,2025-03-26 22:04:09
USR002627,Jharkhand,Dhanbad,Health & Public Health,Pradhan Mantri Jan Aushadhi Yojana,Yes,No,Low,18-25,2025-08-21 23:36:20
USR002628,Haryana,Rohtak,SC/ST/OBC Welfare,Pre Matric Scholarship SC,Yes,No,Low,60+,2025-07-19 01:41:39
USR002629,Tripura,Dhalai,Women Empowerment & Child Welfare,Pradhan Mantri Matru Vandana Yojana,No,No,Middle,41-60,2025-11-23 04:28:56
USR002630,Telangana,Nalgonda,Health & Public Health,Mission Indradhanush,Yes,No,Low,18-25,2025-09-07 16:04:08
USR002631,Tamil Nadu,Tiruppur,Women Empowerment & Child Welfare,STEP Scheme,Yes,No,Middle,18-25,2025-07-30 07:41:06
USR002632,Tripura,West Tripura,Agriculture & Allied Activities,PM-KISAN,Yes,No,Middle,41-60,2025-03-08 17:52:03
USR002633,Haryana,Hisar,Health & Public Health,National Digital Health Mission,No,No,Middle,18-25,2025-03-03 22:18:52
USR002634,Punjab,Sangrur,Women Empowerment & Child Welfare,Anganwadi Services ICDS,Yes,Yes,Low,18-25,2025-10-22 03:32:10
USR002635,Tamil Nadu,Chennai,Senior Citizen Welfare,Senior Citizen Savings Scheme,Yes,Yes,Low,41-60,2025-07-07 17:05:50
USR002636,Jharkhand,Ranchi,Health & Public Health,Ayushman Bharat PM-JAY,No,No,Middle,18-25,2025-07-13 23:30:27
USR002637,Mizoram,Saiha,Senior Citizen Welfare,Rashtriya Vayoshri Yojana,No,No,High,60+,2025-05-30 01:13:07
USR002638,Telangana,Karimnagar,SC/ST/OBC Welfare,Venture Capital Fund SC,No,No,Low,60+,2025-07-01 18:13:23
USR002639,West Bengal,Howrah,Senior Citizen Welfare,Varishtha Pension Bima Yojana,No,No,High,18-25,2026-01-19 09:02:37
USR002640,Karnataka,Bangalore,Senior Citizen Welfare,Senior Citizen Savings Scheme,Yes,No,Low,60+,2025-10-26 18:08:40
USR002641,Nagaland,Tuensang,SC/ST/OBC Welfare,Credit Enhancement Scheme SC,Yes,Yes,Middle,60+,2026-02-22 21:41:58
USR002642,Gujarat,Vadodara,Senior Citizen Welfare,Annapurna Scheme,No,No,High,41-60,2025-06-08 02:55:48
USR002643,Odisha,Balasore,Health & Public Health,National Health Mission,No,No,Low,26-40,2025-03-18 08:53:15
USR002644,Odisha,Jajpur,Women Empowerment & Child Welfare,STEP Scheme,No,No,Middle,26-40,2025-07-13 22:29:16
USR002645,Uttarakhand,Almora,Health & Public Health,Pradhan Mantri Surakshit Matritva Abhiyan,Yes,No,High,41-60,2026-01-19 21:50:56
USR002646,Mizoram,Aizawl,Disability Support (Divyang Schemes),Samarth Scheme,Yes,Yes,High,18-25,2025-04-28 07:54:26
USR002647,Haryana,Karnal,SC/ST/OBC Welfare,Pre Matric Scholarship SC,Yes,Yes,Middle,60+,2025-06-21 16:45:48
USR002648,Kerala,Kannur,Health & Public Health,TB Elimination Programme,Yes,Yes,Low,18-25,2025-04-15 07:36:48
USR002649,Manipur,Bishnupur,Agriculture & Allied Activities,Paramparagat Krishi Vikas Yojana,No,No,Middle,26-40,2026-02-18 05:47:22
USR002650,Karnataka,Mangalore,Senior Citizen Welfare,Elderline Helpline,Yes,No,High,41-60,2026-02-16 00:24:07
USR002651,Punjab,Amritsar,Health & Public Health,Ayushman Bharat PM-JAY,No,No,Low,26-40,2025-03-06 01:00:25
USR002652,Bihar,Muzaffarpur,SC/ST/OBC Welfare,Post Matric Scholarship OBC,No,No,Middle,18-25,2025-05-29 05:42:21
USR002653,Sikkim,South Sikkim,Disability Support (Divyang Schemes),ADIP Scheme,No,No,Low,26-40,2025-03-08 12:42:24
USR002654,Madhya Pradesh,Ujjain,Disability Support (Divyang Schemes),National Trust Niramaya,Yes,Yes,High,18-25,2025-11-01 08:31:53
USR002655,Tamil Nadu,Chennai,Women Empowerment & Child Welfare,Working Women Hostel Scheme,Yes,Yes,High,18-25,2025-12-25 05:52:58
USR002656,Jharkhand,Dhanbad,SC/ST/OBC Welfare,Credit Enhancement Scheme SC,Yes,Yes,Low,26-40,2025-09-11 05:44:58
USR002657,Manipur,Senapati,Women Empowerment & Child Welfare,One Stop Centre Scheme,No,No,Middle,18-25,2025-12-22 10:49:16
USR002658,Andhra Pradesh,Visakhapatnam,Disability Support (Divyang Schemes),Unique Disability ID UDID,Yes,Yes,Middle,41-60,2025-03-08 21:40:26
USR002659,Tamil Nadu,Kancheepuram,Senior Citizen Welfare,National Social Assistance Programme,No,No,Middle,18-25,2026-01-19 04:21:18
USR002660,Odisha,Jajpur,SC/ST/OBC Welfare,Free Coaching Scheme SC OBC,Yes,Yes,Low,18-25,2025-11-09 23:43:05
USR002661,Odisha,Sambalpur,Senior Citizen Welfare,PM Vaya Vandana Yojana,Yes,Yes,High,60+,2025-09-25 15:33:53
USR002662,Andhra Pradesh,Nellore,SC/ST/OBC Welfare,Top Class Education SC,No,No,High,41-60,2025-08-17 08:27:55
USR002663,Odisha,Bhubaneswar,SC/ST/OBC Welfare,Top Class Education SC,No,No,High,41-60,2026-02-19 14:38:30
USR002664,Chhattisgarh,Bastar,Women Empowerment & Child Welfare,Mahila Shakti Kendra,No,No,Low,26-40,2025-04-03 07:13:07
USR002665,Meghalaya,Cima,Agriculture & Allied Activities,Pradhan Mantri Fasal Bima Yojana,Yes,Yes,High,18-25,2025-11-27 01:58:41
USR002666,Nagaland,Dimapur,Agriculture & Allied Activities,PM Kisan Maan Dhan Yojana,No,No,Low,26-40,2025-07-04 17:01:01
USR002667,Maharashtra,Pune,SC/ST/OBC Welfare,Venture Capital Fund SC,Yes,No,High,41-60,2025-08-20 19:43:56
USR002668,Odisha,Cuttack,Senior Citizen Welfare,Indira Gandhi National Old Age Pension,Yes,Yes,High,60+,2025-10-15 00:58:50
USR002669,Manipur,Senapati,Agriculture & Allied Activities,PM Kisan Maan Dhan Yojana,Yes,Yes,Low,41-60,2025-08-27 23:11:28
USR002670,Haryana,Hisar,Women Empowerment & Child Welfare,Beti Bachao Beti Padhao,No,No,Middle,41-60,2025-08-04 13:59:40
USR002671,Andhra Pradesh,Chittoor,Women Empowerment & Child Welfare,One Stop Centre Scheme,No,No,High,26-40,2025-12-15 10:50:46
USR002672,Tamil Nadu,Coimbatore,Senior Citizen Welfare,Senior Citizen Savings Scheme,Yes,No,Middle,41-60,2025-05-25 09:10:30
USR002673,Tripura,West Tripura,Senior Citizen Welfare,Varishtha Pension Bima Yojana,Yes,Yes,High,26-40,2025-12-31 13:15:32
USR002674,Uttarakhand,Pithoragarh,Health & Public Health,National Health Mission,No,No,Low,26-40,2025-12-06 04:15:13
USR002675,West Bengal,Kolkata,Senior Citizen Welfare,Elderline Helpline,No,No,High,41-60,2025-04-17 03:01:19
USR002676,Kerala,Thiruvananthapuram,Women Empowerment & Child Welfare,One Stop Centre Scheme,Yes,Yes,Low,26-40,2025-11-11 09:28:28
USR002677,Tamil Nadu,Tiruppur,Agriculture & Allied Activities,Soil Health Card Scheme,Yes,Yes,Middle,26-40,2025-05-01 00:24:47
USR002678,Uttarakhand,Nainital,SC/ST/OBC Welfare,Post Matric Scholarship OBC,No,No,High,41-60,2025-12-12 10:02:09
USR002679,Uttar Pradesh,Meerut,Agriculture & Allied Activities,National Horticulture Mission,No,No,Middle,60+,2025-11-19 11:47:50
USR002680,Gujarat,Vadodara,Women Empowerment & Child Welfare,Mahila Samman Savings Certificate,Yes,Yes,Low,41-60,2026-02-26 21:11:55
USR002681,Odisha,Sambalpur,Agriculture & Allied Activities,Soil Health Card Scheme,Yes,Yes,Middle,41-60,2026-01-24 15:52:11
USR002682,Mizoram,Aizawl,SC/ST/OBC Welfare,NSFDC Loan Schemes,Yes,Yes,Low,60+,2025-10-24 16:14:04
USR002683,Tamil Nadu,Kancheepuram,Disability Support (Divyang Schemes),Accessible India Campaign,No,No,High,18-25,2025-06-14 13:20:36
USR002684,Punjab,Amritsar,Women Empowerment & Child Welfare,Mahila Samman Savings Certificate,Yes,Yes,High,18-25,2025-06-27 18:19:58
USR002685,Andhra Pradesh,Guntur,Women Empowerment & Child Welfare,Pradhan Mantri Matru Vandana Yojana,No,No,Middle,18-25,2026-02-28 00:17:56
USR002686,Madhya Pradesh,Jabalpur,Agriculture & Allied Activities,Soil Health Card Scheme,Yes,Yes,Low,18-25,2025-08-03 11:38:56
USR002687,Karnataka,Hubli,Agriculture & Allied Activities,Paramparagat Krishi Vikas Yojana,No,No,Middle,26-40,2025-10-28 08:24:07
USR002688,Punjab,Jalandhar,Health & Public Health,eSanjeevani Telemedicine,No,No,High,18-25,2026-02-27 13:02:56
USR002689,Bihar,West Champaran,Education & Scholarships,Central Sector Scholarship Scheme,Yes,Yes,High,41-60,2025-05-08 20:27:39
USR002690,Manipur,Thoubal,Health & Public Health,Janani Suraksha Yojana,Yes,Yes,Low,60+,2025-09-24 15:26:53
USR002691,Maharashtra,Mumbai,Agriculture & Allied Activities,PM-KISAN,Yes,No,Middle,41-60,2025-11-12 03:59:27
USR002692,Tamil Nadu,Chennai,Health & Public Health,TB Elimination Programme,Yes,No,Middle,26-40,2025-05-18 08:12:27
USR002693,Maharashtra,Kolhapur,Education & Scholarships,Post Matric Scholarship SC,Yes,Yes,Middle,60+,2025-04-25 17:45:02
USR002694,Bihar,West Champaran,SC/ST/OBC Welfare,Venture Capital Fund SC,No,No,Low,18-25,2025-03-15 01:12:52
USR002695,Manipur,Imphal West,Senior Citizen Welfare,Elderline Helpline,No,No,High,60+,2025-05-03 15:50:45
USR002696,Jharkhand,Ranchi,Education & Scholarships,Post Matric Scholarship SC,Yes,No,Low,26-40,2025-08-25 14:51:44
USR002697,Tamil Nadu,Coimbatore,Health & Public Health,National Digital Health Mission,No,No,Low,18-25,2025-12-22 15:45:34
USR002698,Tamil Nadu,Kancheepuram,Agriculture & Allied Activities,National Horticulture Mission,No,No,High,18-25,2025-08-16 06:58:09
USR002699,Karnataka,Belgaum,SC/ST/OBC Welfare,Post Matric Scholarship OBC,Yes,No,Middle,18-25,2025-09-18 07:54:09
USR002700,Jharkhand,Deoghar,Women Empowerment & Child Welfare,POSHAN Abhiyaan,Yes,Yes,Low,18-25,2026-02-08 10:34:27
USR002701,West Bengal,Darjeeling,Agriculture & Allied Activities,Pradhan Mantri Fasal Bima Yojana,Yes,Yes,Low,18-25,2026-01-20 00:14:07
USR002702,Assam,Morigaon,Women Empowerment & Child Welfare,Mahila Samman Savings Certificate,No,No,Low,41-60,2025-08-23 13:26:48
USR002703,Tamil Nadu,Kancheepuram,Agriculture & Allied Activities,PM-KISAN,Yes,No,Middle,18-25,2025-07-12 10:12:11
USR002704,Rajasthan,Udaipur,Agriculture & Allied Activities,Agriculture Infrastructure Fund,No,No,Middle,18-25,2025-08-13 18:10:21
USR002705,Karnataka,Mangalore,Health & Public Health,National Health Mission,Yes,Yes,High,18-25,2025-09-03 21:27:33
USR002706,West Bengal,Birbhum,Education & Scholarships,Central Sector Scholarship Scheme,No,No,High,60+,2026-01-22 08:52:22
USR002707,Jharkhand,Dhanbad,Disability Support (Divyang Schemes),Sahyogi Scheme,No,No,Middle,18-25,2025-04-04 16:48:36
USR002708,Rajasthan,Jaipur,Disability Support (Divyang Schemes),Deendayal Disabled Rehabilitation Scheme,No,No,High,41-60,2025-05-10 20:47:36
USR002709,Telangana,Rangareddy,SC/ST/OBC Welfare,Pre Matric Scholarship SC,No,No,Middle,26-40,2025-06-07 02:10:56
USR002710,Manipur,Ukhrul,SC/ST/OBC Welfare,Credit Enhancement Scheme SC,Yes,No,High,26-40,2025-09-25 06:15:45
USR002711,Tripura,Dhalai,Agriculture & Allied Activities,PM Krishi Sinchai Yojana,Yes,Yes,Middle,41-60,2025-07-22 09:08:04
USR002712,Meghalaya,Jaintia Hills,Senior Citizen Welfare,Varishtha Pension Bima Yojana,Yes,Yes,High,26-40,2025-03-31 16:09:28
USR002713,Meghalaya,Jaintia Hills,Senior Citizen Welfare,Annapurna Scheme,Yes,No,High,18-25,2026-01-12 11:50:50
USR002714,Maharashtra,Nagpur,Senior Citizen Welfare,Indira Gandhi National Old Age Pension,Yes,Yes,Low,41-60,2025-10-20 03:28:55
USR002715,Sikkim,West Sikkim,Women Empowerment & Child Welfare,POSHAN Abhiyaan,No,No,High,26-40,2026-02-11 13:45:38
USR002716,Uttarakhand,Dehradun,Disability Support (Divyang Schemes),Unique Disability ID UDID,No,No,Low,18-25,2025-08-20 01:39:21
USR002717,Bihar,Madhubani,Senior Citizen Welfare,Indira Gandhi National Old Age Pension,Yes,Yes,Low,26-40,2026-01-10 00:18:37
USR002718,Manipur,Senapati,Agriculture & Allied Activities,Soil Health Card Scheme,Yes,No,High,60+,2025-06-11 06:27:47
USR002719,Tripura,West Tripura,Health & Public Health,National Digital Health Mission,No,No,High,26-40,2025-11-15 00:29:48
USR002720,Himachal Pradesh,Solan,Disability Support (Divyang Schemes),Accessible India Campaign,Yes,No,Middle,26-40,2026-01-02 16:47:01
USR002721,Chhattisgarh,Bilaspur,Health & Public Health,Pradhan Mantri Surakshit Matritva Abhiyan,Yes,Yes,Low,18-25,2025-09-06 08:32:58
USR002722,Maharashtra,Nashik,SC/ST/OBC Welfare,NSFDC Loan Schemes,Yes,Yes,Middle,18-25,2025-07-21 06:29:05
USR002723,Maharashtra,Nashik,Women Empowerment & Child Welfare,Anganwadi Services ICDS,Yes,No,Low,26-40,2025-05-27 09:43:26
USR002724,Madhya Pradesh,Jabalpur,Disability Support (Divyang Schemes),Vidyasagar Scheme,Yes,Yes,High,41-60,2025-12-24 19:51:06
USR002725,Uttar Pradesh,Kanpur,Education & Scholarships,Mid Day Meal Scheme,Yes,Yes,High,26-40,2025-12-20 13:57:10
USR002726,Tamil Nadu,Madurai,Disability Support (Divyang Schemes),ADIP Scheme,No,No,High,26-40,2025-03-22 12:08:59
USR002727,Manipur,Senapati,SC/ST/OBC Welfare,Post Matric Scholarship OBC,No,No,Low,60+,2025-11-14 06:41:36
USR002728,Haryana,Faridabad,Senior Citizen Welfare,Varishtha Pension Bima Yojana,Yes,Yes,Middle,60+,2025-07-20 19:54:32
USR002729,Chhattisgarh,Janjgir-Champa,Education & Scholarships,Post Matric Scholarship SC,Yes,Yes,Low,60+,2025-04-06 16:09:17
USR002730,Sikkim,East Sikkim,Health & Public Health,Pradhan Mantri Surakshit Matritva Abhiyan,Yes,Yes,Low,41-60,2025-10-06 00:45:04
USR002731,Tamil Nadu,Tiruppur,Agriculture & Allied Activities,Soil Health Card Scheme,Yes,Yes,Middle,60+,2025-03-07 11:24:26
USR002732,Gujarat,Rajkot,SC/ST/OBC Welfare,Venture Capital Fund SC,No,No,Low,41-60,2025-12-10 02:28:25
USR002733,Kerala,Ernakulathappan,Disability Support (Divyang Schemes),Indira Gandhi Disability Pension,Yes,Yes,High,41-60,2025-03-08 03:03:37
USR002734,Madhya Pradesh,Gwalior,Disability Support (Divyang Schemes),Accessible India Campaign,Yes,Yes,Low,60+,2025-07-06 03:27:59
USR002735,Jharkhand,Godda,Women Empowerment & Child Welfare,Mahila Shakti Kendra,Yes,Yes,Low,41-60,2025-08-31 08:46:34
USR002736,Chhattisgarh,Durg,Health & Public Health,eSanjeevani Telemedicine,No,No,High,60+,2025-09-22 04:31:59
USR002737,Bihar,Muzaffarpur,Education & Scholarships,Post Matric Scholarship SC,Yes,Yes,High,41-60,2025-12-02 08:13:30
USR002738,Nagaland,Zunheboto,Agriculture & Allied Activities,Pradhan Mantri Fasal Bima Yojana,Yes,Yes,Middle,18-25,2025-06-23 19:58:51
USR002739,Mizoram,Mamit,Women Empowerment & Child Welfare,Beti Bachao Beti Padhao,No,No,Middle,41-60,2025-09-02 23:50:51
USR002740,Karnataka,Mangalore,Education & Scholarships,Top Class Education Scheme,Yes,No,Low,41-60,2025-12-27 23:44:46
USR002741,Punjab,Patiala,Women Empowerment & Child Welfare,Mahila Shakti Kendra,No,No,Low,60+,2025-12-13 19:34:51
USR002742,Tamil Nadu,Kancheepuram,Education & Scholarships,Vidya Lakshmi Scheme,No,No,Low,60+,2025-09-17 11:30:19
USR002743,Jharkhand,Dhanbad,Education & Scholarships,Top Class Education Scheme,Yes,No,Low,60+,2025-08-05 01:19:58
USR002744,Uttar Pradesh,Agra,Senior Citizen Welfare,National Social Assistance Programme,Yes,No,Low,60+,2025-04-05 17:16:44
USR002745,Manipur,Imphal West,Education & Scholarships,PM Research Fellowship,Yes,Yes,Middle,60+,2025-07-28 15:40:40
USR002746,Himachal Pradesh,Kinnaur,Agriculture & Allied Activities,PM Kisan Maan Dhan Yojana,No,No,Low,18-25,2025-11-30 10:10:51
USR002747,Uttar Pradesh,Banaras,Women Empowerment & Child Welfare,Ujjawala Scheme,No,No,Low,18-25,2026-01-28 14:36:57
USR002748,Rajasthan,Ajmer,Disability Support (Divyang Schemes),Sahyogi Scheme,Yes,Yes,High,41-60,2025-07-01 01:40:13
USR002749,Himachal Pradesh,Solan,Health & Public Health,National Digital Health Mission,Yes,Yes,High,60+,2025-06-27 14:59:34
USR002750,Meghalaya,West Garo Hills,Agriculture & Allied Activities,Kisan Credit Card,Yes,Yes,Middle,41-60,2025-04-04 18:47:44
USR002751,Karnataka,Tumkur,Agriculture & Allied Activities,Soil Health Card Scheme,Yes,Yes,Low,60+,2025-04-09 09:01:39
USR002752,Kerala,Thrissur,Women Empowerment & Child Welfare,Anganwadi Services ICDS,Yes,No,Middle,18-25,2026-02-18 19:19:01
USR002753,Odisha,Bhubaneswar,Health & Public Health,National Digital Health Mission,No,No,Low,60+,2025-12-08 23:04:58
USR002754,Maharashtra,Mumbai,Women Empowerment & Child Welfare,Working Women Hostel Scheme,Yes,Yes,Middle,41-60,2025-10-06 23:25:41
USR002755,Himachal Pradesh,Kinnaur,Women Empowerment & Child Welfare,Mahila Shakti Kendra,Yes,No,Low,41-60,2026-02-18 10:03:38
USR002756,Nagaland,Wokha,Agriculture & Allied Activities,PM Kisan Maan Dhan Yojana,No,No,Middle,41-60,2025-04-19 23:08:41
USR002757,Maharashtra,Aurangabad,Senior Citizen Welfare,National Social Assistance Programme,Yes,Yes,Low,26-40,2025-08-04 21:37:54
USR002758,Mizoram,Champhai,Senior Citizen Welfare,Integrated Programme for Older Persons,Yes,Yes,Middle,26-40,2025-05-09 16:19:37
USR002759,Uttarakhand,Haridwar,SC/ST/OBC Welfare,PM DAKSH Scheme,No,No,Middle,60+,2025-04-05 11:13:14
USR002760,Odisha,Jajpur,Women Empowerment & Child Welfare,Mahila Shakti Kendra,Yes,No,Low,41-60,2025-12-03 05:16:37
USR002761,Kerala,Kottayam,Women Empowerment & Child Welfare,Anganwadi Services ICDS,Yes,Yes,High,18-25,2025-05-23 00:54:42
USR002762,Gujarat,Junagadh,Agriculture & Allied Activities,Agriculture Infrastructure Fund,No,No,High,41-60,2025-03-24 18:48:14
USR002763,Karnataka,Belgaum,Education & Scholarships,National Means Cum Merit Scholarship,No,No,Low,26-40,2025-12-05 07:44:45
USR002764,Kerala,Kozhikode,Health & Public Health,Ayushman Bharat PM-JAY,No,No,Middle,18-25,2025-06-03 19:15:51
USR002765,Meghalaya,East Garo Hills,Agriculture & Allied Activities,Paramparagat Krishi Vikas Yojana,Yes,No,Middle,26-40,2025-11-19 07:41:05
USR002766,Karnataka,Tumkur,Health & Public Health,Janani Suraksha Yojana,No,No,Low,26-40,2025-07-25 10:53:50
USR002767,Andhra Pradesh,Guntur,Women Empowerment & Child Welfare,POSHAN Abhiyaan,No,No,High,26-40,2025-06-25 20:34:04
USR002768,Haryana,Hisar,Disability Support (Divyang Schemes),Deendayal Disabled Rehabilitation Scheme,No,No,High,41-60,2025-05-25 11:54:57
USR002769,West Bengal,Jalpaiguri,SC/ST/OBC Welfare,Free Coaching Scheme SC OBC,No,No,Middle,18-25,2025-06-30 20:51:52
USR002770,Madhya Pradesh,Bhopal,Senior Citizen Welfare,Elderline Helpline,Yes,Yes,High,18-25,2025-11-11 04:16:59
USR002771,Telangana,Karimnagar,SC/ST/OBC Welfare,Top Class Education SC,Yes,No,Middle,18-25,2026-01-13 15:26:54
USR002772,Tripura,Khowai,Health & Public Health,Pradhan Mantri Jan Aushadhi Yojana,No,No,High,41-60,2026-02-17 00:16:06
USR002773,Jharkhand,Dumka,Health & Public Health,Rashtriya Swasthya Bima Yojana,Yes,Yes,High,41-60,2025-06-11 01:54:39
USR002774,Nagaland,Tuensang,Education & Scholarships,Top Class Education Scheme,Yes,Yes,Middle,60+,2025-09-04 07:55:23
USR002775,Chhattisgarh,Raipur,Senior Citizen Welfare,Varishtha Pension Bima Yojana,Yes,Yes,Middle,18-25,2026-01-03 17:32:30
USR002776,Telangana,Rangareddy,Agriculture & Allied Activities,National Horticulture Mission,Yes,No,Middle,60+,2025-04-05 02:44:39
USR002777,Gujarat,Vadodara,Education & Scholarships,National Overseas Scholarship,Yes,Yes,High,18-25,2026-01-01 10:24:02
USR002778,Gujarat,Surat,Health & Public Health,Ayushman Bharat PM-JAY,No,No,Middle,60+,2025-07-09 13:40:17
USR002779,Uttar Pradesh,Banaras,Health & Public Health,Mission Indradhanush,Yes,Yes,Middle,18-25,2025-10-13 20:36:49
USR002780,Chhattisgarh,Raipur,Education & Scholarships,Pre Matric Scholarship OBC,Yes,Yes,Low,41-60,2025-11-22 05:25:51
USR002781,Jharkhand,Ranchi,Senior Citizen Welfare,PM Vaya Vandana Yojana,Yes,Yes,High,41-60,2026-02-20 20:24:50
USR002782,Gujarat,Bharuch,Disability Support (Divyang Schemes),Samarth Scheme,Yes,Yes,High,60+,2025-04-19 19:44:58
USR002783,Bihar,Araria,SC/ST/OBC Welfare,National Fellowship SC,No,No,High,26-40,2025-03-09 09:17:47
USR002784,Haryana,Rohtak,Senior Citizen Welfare,Atal Pension Yojana,Yes,No,Middle,26-40,2025-11-09 14:33:09
USR002785,Gujarat,Bharuch,Senior Citizen Welfare,National Social Assistance Programme,No,No,Middle,26-40,2025-10-31 03:08:28
USR002786,Tamil Nadu,Kancheepuram,Education & Scholarships,Mid Day Meal Scheme,No,No,High,26-40,2025-08-15 03:32:11
USR002787,Telangana,Karimnagar,Women Empowerment & Child Welfare,Ujjawala Scheme,Yes,Yes,Middle,26-40,2025-10-08 01:25:27
USR002788,Gujarat,Bharuch,SC/ST/OBC Welfare,Credit Enhancement Scheme SC,Yes,Yes,Middle,26-40,2025-11-10 16:34:55
USR002789,Bihar,West Champaran,Health & Public Health,TB Elimination Programme,Yes,Yes,Low,26-40,2025-03-13 08:09:37
USR002790,Mizoram,Mamit,Disability Support (Divyang Schemes),Accessible India Campaign,No,No,Middle,60+,2025-06-29 13:38:18
USR002791,Sikkim,North Sikkim,Health & Public Health,National Health Mission,No,No,Middle,41-60,2025-06-24 01:10:01
USR002792,Maharashtra,Nagpur,Senior Citizen Welfare,National Social Assistance Programme,Yes,No,Low,26-40,2025-11-12 10:25:44
USR002793,Maharashtra,Mumbai,Disability Support (Divyang Schemes),Gharaunda Scheme,Yes,Yes,High,26-40,2025-09-20 20:07:00
USR002794,Haryana,Gurgaon,Health & Public Health,Mission Indradhanush,No,No,Middle,26-40,2025-06-27 15:36:22
USR002795,Uttarakhand,Nainital,Disability Support (Divyang Schemes),National Trust Niramaya,No,No,High,18-25,2025-12-09 00:44:03
USR002796,Uttar Pradesh,Lucknow,SC/ST/OBC Welfare,PM DAKSH Scheme,Yes,No,Low,60+,2025-05-17 08:39:14
USR002797,Tripura,South Tripura,Education & Scholarships,SHREYAS Scheme,No,No,High,60+,2025-03-23 02:23:57
USR002798,Assam,Morigaon,Women Empowerment & Child Welfare,Ujjawala Scheme,No,No,Low,18-25,2025-10-29 17:57:18
USR002799,Karnataka,Mangalore,Agriculture & Allied Activities,e-NAM,Yes,Yes,Low,18-25,2025-05-31 17:06:21
USR002800,Odisha,Cuttack,Senior Citizen Welfare,National Social Assistance Programme,Yes,Yes,Middle,60+,2025-08-26 18:51:58
USR002801,Uttar Pradesh,Agra,Agriculture & Allied Activities,National Horticulture Mission,No,No,Middle,26-40,2025-11-28 17:57:58
USR002802,Tamil Nadu,Chennai,Women Empowerment & Child Welfare,Pradhan Mantri Matru Vandana Yojana,Yes,No,High,26-40,2025-07-23 11:42:47
USR002803,Nagaland,Peren,Health & Public Health,National Health Mission,No,No,High,26-40,2025-11-20 13:32:23
USR002804,Tamil Nadu,Kancheepuram,Health & Public Health,TB Elimination Programme,No,No,Low,41-60,2025-09-18 18:35:32
USR002805,Punjab,Amritsar,Senior Citizen Welfare,Senior Citizen Savings Scheme,Yes,No,Low,18-25,2025-08-11 15:14:12
USR002806,Punjab,Ferozepur,Education & Scholarships,Vidya Lakshmi Scheme,Yes,Yes,High,60+,2025-07-21 13:17:40
USR002807,Uttarakhand,Nainital,Agriculture & Allied Activities,Agriculture Infrastructure Fund,No,No,Low,18-25,2026-01-08 15:39:04
USR002808,Karnataka,Bangalore,SC/ST/OBC Welfare,Free Coaching Scheme SC OBC,Yes,No,High,18-25,2025-04-26 21:54:33
USR002809,Uttar Pradesh,Kanpur,Agriculture & Allied Activities,National Horticulture Mission,No,No,High,41-60,2025-06-14 22:02:42
USR002810,Tripura,Dhalai,Disability Support (Divyang Schemes),ADIP Scheme,Yes,Yes,Middle,26-40,2025-11-01 03:31:08
USR002811,Uttarakhand,Bageshwar,SC/ST/OBC Welfare,Pre Matric Scholarship SC,No,No,Middle,26-40,2025-09-04 20:16:38
USR002812,Nagaland,Wokha,Health & Public Health,National Health Mission,Yes,Yes,High,41-60,2026-02-13 02:13:31
USR002813,Kerala,Ernakulathappan,Disability Support (Divyang Schemes),Unique Disability ID UDID,Yes,No,Low,60+,2026-02-07 11:06:25
USR002814,Meghalaya,East Khasi Hills,Women Empowerment & Child Welfare,POSHAN Abhiyaan,No,No,High,18-25,2025-05-29 07:19:06
USR002815,Bihar,Madhubani,SC/ST/OBC Welfare,National Fellowship OBC,Yes,Yes,High,26-40,2025-12-30 07:41:37
USR002816,Meghalaya,East Garo Hills,Disability Support (Divyang Schemes),ADIP Scheme,No,No,Low,60+,2025-07-20 02:18:13
USR002817,Karnataka,Hubli,Disability Support (Divyang Schemes),Accessible India Campaign,Yes,Yes,Middle,60+,2025-10-30 04:53:28
USR002818,Karnataka,Mangalore,Education & Scholarships,National Overseas Scholarship,Yes,No,High,60+,2025-07-08 09:36:58
USR002819,Chhattisgarh,Durg,Education & Scholarships,Top Class Education Scheme,Yes,Yes,High,41-60,2025-10-13 12:01:19
USR002820,Kerala,Thiruvananthapuram,SC/ST/OBC Welfare,National Fellowship OBC,No,No,High,41-60,2025-06-13 16:20:39
USR002821,Haryana,Ambala,Women Empowerment & Child Welfare,Mahila Samman Savings Certificate,No,No,Middle,18-25,2025-10-26 06:41:05
USR002822,Karnataka,Hubli,Education & Scholarships,Mid Day Meal Scheme,Yes,Yes,High,60+,2025-06-13 08:17:18
USR002823,Rajasthan,Jaipur,SC/ST/OBC Welfare,Pre Matric Scholarship SC,Yes,Yes,Middle,41-60,2025-03-24 13:20:07
USR002824,Tripura,Dhalai,Women Empowerment & Child Welfare,POSHAN Abhiyaan,No,No,Middle,26-40,2025-11-20 12:59:25
USR002825,Bihar,Patna,Agriculture & Allied Activities,PM Krishi Sinchai Yojana,No,No,Low,26-40,2025-05-16 15:59:46
USR002826,Gujarat,Bharuch,SC/ST/OBC Welfare,PM DAKSH Scheme,No,No,Middle,41-60,2025-03-18 21:31:38
USR002827,Tamil Nadu,Madurai,Agriculture & Allied Activities,PM Krishi Sinchai Yojana,No,No,Low,18-25,2025-08-11 06:43:09
USR002828,Chhattisgarh,Bilaspur,Education & Scholarships,Top Class Education Scheme,No,No,Low,60+,2025-05-26 09:44:33
USR002829,Odisha,Bhubaneswar,Health & Public Health,Janani Suraksha Yojana,No,No,Low,41-60,2025-06-12 10:26:49
USR002830,Gujarat,Junagadh,SC/ST/OBC Welfare,Credit Enhancement Scheme SC,No,No,Low,60+,2025-03-03 04:22:38
USR002831,Mizoram,Kolasib,Women Empowerment & Child Welfare,STEP Scheme,Yes,Yes,Low,18-25,2025-11-25 23:44:24
USR002832,Nagaland,Tuensang,SC/ST/OBC Welfare,Free Coaching Scheme SC OBC,Yes,Yes,Low,60+,2025-04-10 21:15:35
USR002833,Haryana,Rohtak,Women Empowerment & Child Welfare,Working Women Hostel Scheme,Yes,Yes,High,26-40,2025-05-31 04:00:47
USR002834,Punjab,Jalandhar,Disability Support (Divyang Schemes),Samarth Scheme,No,No,Middle,26-40,2025-08-15 19:21:30
USR002835,Bihar,West Champaran,SC/ST/OBC Welfare,NSFDC Loan Schemes,Yes,Yes,Middle,41-60,2025-08-12 19:58:04
USR002836,Andhra Pradesh,Krishna,SC/ST/OBC Welfare,Credit Enhancement Scheme SC,No,No,Middle,18-25,2025-03-06 20:13:10
USR002837,West Bengal,Birbhum,SC/ST/OBC Welfare,Pre Matric Scholarship SC,No,No,Middle,60+,2025-03-08 04:30:09
USR002838,Odisha,Jajpur,Senior Citizen Welfare,Atal Pension Yojana,No,No,High,60+,2025-06-24 19:41:07
USR002839,Uttar Pradesh,Lucknow,Senior Citizen Welfare,National Social Assistance Programme,No,No,High,41-60,2025-03-14 07:28:38
USR002840,Maharashtra,Nashik,Health & Public Health,Pradhan Mantri Jan Aushadhi Yojana,Yes,No,Low,26-40,2026-01-27 00:16:03
USR002841,Telangana,Rangareddy,SC/ST/OBC Welfare,Free Coaching Scheme SC OBC,Yes,Yes,Middle,60+,2026-02-15 00:21:04
USR002842,Maharashtra,Mumbai,Disability Support (Divyang Schemes),Indira Gandhi Disability Pension,No,No,Middle,60+,2025-08-11 16:35:08
USR002843,Telangana,Rangareddy,Disability Support (Divyang Schemes),Vidyasagar Scheme,No,No,Low,60+,2025-12-17 22:27:23
USR002844,Karnataka,Belgaum,Health & Public Health,Pradhan Mantri Surakshit Matritva Abhiyan,Yes,No,Middle,41-60,2026-01-31 00:44:54
USR002845,Jharkhand,Ranchi,SC/ST/OBC Welfare,Credit Enhancement Scheme SC,Yes,Yes,Middle,18-25,2025-07-26 22:29:35
USR002846,Punjab,Ferozepur,Agriculture & Allied Activities,Agriculture Infrastructure Fund,Yes,Yes,High,41-60,2026-01-07 02:50:53
USR002847,Madhya Pradesh,Sagar,Senior Citizen Welfare,Rashtriya Vayoshri Yojana,Yes,No,High,41-60,2026-01-20 10:46:15
USR002848,Punjab,Patiala,Agriculture & Allied Activities,PM Krishi Sinchai Yojana,Yes,No,Middle,41-60,2025-03-30 16:38:08
USR002849,Assam,Morigaon,Education & Scholarships,Post Matric Scholarship SC,Yes,Yes,Middle,18-25,2026-02-01 13:43:14
USR002850,Meghalaya,West Khasi Hills,SC/ST/OBC Welfare,Free Coaching Scheme SC OBC,No,No,Low,18-25,2025-08-10 03:24:31
USR002851,Rajasthan,Bikaner,Disability Support (Divyang Schemes),ADIP Scheme,No,No,Middle,18-25,2026-01-09 21:38:03
USR002852,Jharkhand,Deoghar,Women Empowerment & Child Welfare,POSHAN Abhiyaan,Yes,Yes,Middle,41-60,2025-12-12 16:41:25
USR002853,Uttar Pradesh,Lucknow,SC/ST/OBC Welfare,Pre Matric Scholarship SC,Yes,Yes,Low,18-25,2026-01-29 20:31:21
USR002854,Rajasthan,Barmer,Education & Scholarships,Pre Matric Scholarship OBC,No,No,High,18-25,2025-11-14 17:36:19
USR002855,Jharkhand,Dumka,Senior Citizen Welfare,National Social Assistance Programme,Yes,No,Middle,18-25,2026-02-05 16:35:04
USR002856,Karnataka,Mangalore,Agriculture & Allied Activities,Pradhan Mantri Fasal Bima Yojana,Yes,No,Middle,26-40,2026-01-13 19:37:52
USR002857,Haryana,Faridabad,Education & Scholarships,National Means Cum Merit Scholarship,Yes,Yes,Low,26-40,2025-06-14 02:48:40
USR002858,Uttar Pradesh,Varanasi,Senior Citizen Welfare,National Social Assistance Programme,No,No,Low,18-25,2025-04-23 17:47:50
USR002859,Chhattisgarh,Rajnandgaon,Senior Citizen Welfare,Atal Pension Yojana,Yes,Yes,High,41-60,2025-08-07 20:32:03
USR002860,Himachal Pradesh,Lahul,Senior Citizen Welfare,National Social Assistance Programme,No,No,High,26-40,2025-03-13 05:03:00
USR002861,Sikkim,East Sikkim,Senior Citizen Welfare,Integrated Programme for Older Persons,Yes,Yes,Middle,18-25,2025-11-26 17:43:32
USR002862,Maharashtra,Aurangabad,Women Empowerment & Child Welfare,Beti Bachao Beti Padhao,No,No,Low,26-40,2025-08-28 15:00:55
USR002863,Madhya Pradesh,Indore,Health & Public Health,Janani Suraksha Yojana,No,No,Middle,41-60,2025-05-15 08:42:28
USR002864,Mizoram,Aizawl,Education & Scholarships,Mid Day Meal Scheme,No,No,High,41-60,2025-07-19 03:51:48
USR002865,Manipur,Imphal East,Women Empowerment & Child Welfare,Mahila Shakti Kendra,No,No,High,60+,2025-09-14 07:53:25
USR002866,Andhra Pradesh,Guntur,Education & Scholarships,Pre Matric Scholarship OBC,Yes,Yes,Middle,41-60,2025-04-26 23:25:33
USR002867,Telangana,Warangal,Women Empowerment & Child Welfare,Working Women Hostel Scheme,No,No,Low,41-60,2025-06-17 02:09:49
USR002868,Kerala,Ernakulathappan,Senior Citizen Welfare,Rashtriya Vayoshri Yojana,No,No,High,60+,2026-02-08 14:02:45
USR002869,Uttar Pradesh,Lucknow,Senior Citizen Welfare,Annapurna Scheme,Yes,No,Middle,60+,2026-02-21 16:08:36
USR002870,Telangana,Medchal,Women Empowerment & Child Welfare,STEP Scheme,Yes,No,Low,26-40,2025-08-24 00:22:28
USR002871,Madhya Pradesh,Jabalpur,Women Empowerment & Child Welfare,STEP Scheme,No,No,High,18-25,2025-08-02 01:18:12
USR002872,Assam,Morigaon,Senior Citizen Welfare,Senior Citizen Savings Scheme,No,No,Low,26-40,2025-07-17 01:03:35
USR002873,Assam,Sonitpur,Senior Citizen Welfare,Varishtha Pension Bima Yojana,No,No,High,26-40,2025-08-27 06:18:03
USR002874,Nagaland,Wokha,Disability Support (Divyang Schemes),Vidyasagar Scheme,Yes,Yes,Middle,26-40,2025-12-31 13:15:08
USR002875,Manipur,Bishnupur,Education & Scholarships,Vidya Lakshmi Scheme,No,No,Middle,18-25,2026-02-19 06:19:52
USR002876,Maharashtra,Aurangabad,Disability Support (Divyang Schemes),Accessible India Campaign,No,No,Middle,41-60,2025-03-10 18:33:32
USR002877,Chhattisgarh,Rajnandgaon,SC/ST/OBC Welfare,Free Coaching Scheme SC OBC,No,No,Middle,18-25,2025-09-03 14:08:41
USR002878,Punjab,Jalandhar,Health & Public Health,National Health Mission,Yes,Yes,Low,60+,2025-06-11 23:55:17
USR002879,Telangana,Rangareddy,Agriculture & Allied Activities,Agriculture Infrastructure Fund,Yes,Yes,Low,60+,2025-11-19 19:03:57
USR002880,Karnataka,Mysore,Senior Citizen Welfare,Integrated Programme for Older Persons,No,No,Low,18-25,2025-08-23 09:39:07
USR002881,Karnataka,Bangalore,Health & Public Health,Rashtriya Swasthya Bima Yojana,Yes,Yes,Low,18-25,2026-02-13 11:41:28
USR002882,Gujarat,Junagadh,SC/ST/OBC Welfare,Credit Enhancement Scheme SC,No,No,Middle,41-60,2025-08-02 22:12:04
USR002883,Tripura,West Tripura,Disability Support (Divyang Schemes),National Trust Niramaya,Yes,Yes,Low,60+,2025-11-17 02:21:32
USR002884,Tripura,Dhalai,SC/ST/OBC Welfare,Top Class Education SC,No,No,High,26-40,2026-02-20 11:57:04
USR002885,Nagaland,Tuensang,Senior Citizen Welfare,Annapurna Scheme,Yes,No,Middle,26-40,2026-02-08 12:20:38
USR002886,Jharkhand,Deoghar,Women Empowerment & Child Welfare,Pradhan Mantri Matru Vandana Yojana,Yes,Yes,Middle,18-25,2026-02-05 20:52:24
USR002887,Punjab,Patiala,Senior Citizen Welfare,Atal Pension Yojana,No,No,Low,41-60,2025-10-04 14:58:02
USR002888,Tamil Nadu,Coimbatore,Health & Public Health,Ayushman Bharat PM-JAY,Yes,Yes,High,60+,2025-04-01 14:33:00
USR002889,Meghalaya,East Khasi Hills,SC/ST/OBC Welfare,NSFDC Loan Schemes,Yes,Yes,Middle,18-25,2025-09-15 06:45:20
USR002890,Rajasthan,Barmer,Disability Support (Divyang Schemes),ADIP Scheme,Yes,No,Low,26-40,2025-11-18 04:19:14
USR002891,Bihar,Madhubani,Agriculture & Allied Activities,PM Kisan Maan Dhan Yojana,Yes,Yes,Low,26-40,2025-04-27 16:16:07
USR002892,Bihar,West Champaran,SC/ST/OBC Welfare,Venture Capital Fund SC,Yes,No,Low,26-40,2025-09-29 17:59:42
USR002893,Andhra Pradesh,Guntur,Senior Citizen Welfare,Indira Gandhi National Old Age Pension,Yes,Yes,Low,41-60,2025-05-25 23:15:04
USR002894,Kerala,Kannur,Disability Support (Divyang Schemes),Deendayal Disabled Rehabilitation Scheme,Yes,No,Low,18-25,2026-01-26 05:04:12
USR002895,Maharashtra,Aurangabad,Women Empowerment & Child Welfare,POSHAN Abhiyaan,No,No,Low,60+,2026-01-21 14:58:34
USR002896,Nagaland,Peren,Agriculture & Allied Activities,Pradhan Mantri Fasal Bima Yojana,Yes,No,High,60+,2026-01-29 05:12:09
USR002897,Sikkim,South Sikkim,Disability Support (Divyang Schemes),Accessible India Campaign,No,No,Low,60+,2025-09-12 21:17:03
USR002898,Nagaland,Tuensang,Women Empowerment & Child Welfare,Ujjawala Scheme,Yes,Yes,High,60+,2026-02-11 03:42:37
USR002899,Gujarat,Rajkot,Women Empowerment & Child Welfare,Mahila Samman Savings Certificate,No,No,Low,41-60,2025-07-11 23:26:08
USR002900,Chhattisgarh,Bilaspur,Senior Citizen Welfare,National Social Assistance Programme,Yes,Yes,Low,41-60,2025-07-10 15:09:50
USR002901,Tripura,Khowai,Senior Citizen Welfare,National Social Assistance Programme,No,No,Low,26-40,2025-10-12 09:42:16
USR002902,Punjab,Amritsar,Senior Citizen Welfare,Elderline Helpline,Yes,No,Low,60+,2025-10-18 04:54:33
USR002903,Jharkhand,Dumka,Education & Scholarships,PM Research Fellowship,Yes,No,High,18-25,2025-03-24 10:18:12
USR002904,Telangana,Hyderabad,SC/ST/OBC Welfare,Pre Matric Scholarship SC,Yes,Yes,Middle,18-25,2025-08-14 22:20:29
USR002905,Odisha,Cuttack,Disability Support (Divyang Schemes),Sahyogi Scheme,No,No,Middle,41-60,2026-01-02 02:51:46
USR002906,Nagaland,Peren,Women Empowerment & Child Welfare,Working Women Hostel Scheme,Yes,No,Low,60+,2026-02-21 10:47:12
USR002907,Assam,Kamrup,Disability Support (Divyang Schemes),Sahyogi Scheme,Yes,Yes,Middle,41-60,2026-02-15 09:31:23
USR002908,Tamil Nadu,Chennai,Education & Scholarships,National Overseas Scholarship,No,No,Low,41-60,2025-12-11 10:29:06
USR002909,Jharkhand,Godda,Agriculture & Allied Activities,Kisan Credit Card,Yes,No,Low,41-60,2025-04-02 16:59:01
USR002910,Jharkhand,Dhanbad,Women Empowerment & Child Welfare,Mahila Samman Savings Certificate,Yes,Yes,Middle,41-60,2025-05-01 18:49:41
USR002911,Tamil Nadu,Tiruppur,SC/ST/OBC Welfare,National Fellowship OBC,Yes,Yes,High,60+,2025-07-06 02:07:02
USR002912,Kerala,Kannur,Disability Support (Divyang Schemes),Accessible India Campaign,No,No,High,18-25,2026-01-13 15:13:47
USR002913,Gujarat,Rajkot,Education & Scholarships,National Overseas Scholarship,Yes,Yes,High,26-40,2025-08-24 15:40:20
USR002914,West Bengal,Kolkata,Disability Support (Divyang Schemes),ADIP Scheme,Yes,No,High,26-40,2025-03-17 13:06:02
USR002915,Haryana,Hisar,SC/ST/OBC Welfare,NSFDC Loan Schemes,Yes,Yes,High,41-60,2025-11-10 23:53:22
USR002916,Nagaland,Kohima,SC/ST/OBC Welfare,Post Matric Scholarship OBC,Yes,No,Middle,41-60,2026-01-01 20:11:20
USR002917,Tripura,West Tripura,Health & Public Health,Janani Suraksha Yojana,No,No,Middle,60+,2025-03-16 23:02:46
USR002918,Gujarat,Bharuch,Education & Scholarships,Vidya Lakshmi Scheme,No,No,Middle,18-25,2025-12-27 23:19:06
USR002919,Bihar,East Champaran,Health & Public Health,Mission Indradhanush,Yes,No,Low,60+,2025-07-28 14:49:47
USR002920,West Bengal,Kolkata,Agriculture & Allied Activities,PM Kisan Maan Dhan Yojana,No,No,Middle,26-40,2025-08-06 10:19:25
USR002921,Sikkim,East Sikkim,Women Empowerment & Child Welfare,Ujjawala Scheme,Yes,No,High,26-40,2025-07-10 06:07:49
USR002922,Tamil Nadu,Coimbatore,Health & Public Health,National Digital Health Mission,Yes,Yes,High,41-60,2025-10-18 22:27:57
USR002923,Meghalaya,West Khasi Hills,SC/ST/OBC Welfare,National Fellowship SC,No,No,High,41-60,2026-01-23 18:22:30
USR002924,Bihar,West Champaran,Disability Support (Divyang Schemes),Unique Disability ID UDID,Yes,No,Middle,26-40,2025-04-11 05:55:34
USR002925,Tripura,West Tripura,Health & Public Health,Janani Suraksha Yojana,Yes,Yes,Low,26-40,2025-07-28 17:31:24
USR002926,Uttar Pradesh,Lucknow,Women Empowerment & Child Welfare,Anganwadi Services ICDS,No,No,Low,60+,2026-01-27 16:15:59
USR002927,Tripura,West Tripura,Agriculture & Allied Activities,e-NAM,No,No,Middle,18-25,2025-09-04 12:49:44
USR002928,Mizoram,Champhai,Agriculture & Allied Activities,e-NAM,Yes,Yes,Low,26-40,2025-11-02 08:41:05
USR002929,Karnataka,Belgaum,Agriculture & Allied Activities,PM-KISAN,Yes,No,Middle,60+,2025-11-29 01:24:21
USR002930,Andhra Pradesh,Visakhapatnam,Agriculture & Allied Activities,Kisan Credit Card,No,No,Low,18-25,2026-01-09 14:18:34
USR002931,Telangana,Hyderabad,Senior Citizen Welfare,Atal Pension Yojana,Yes,Yes,Low,60+,2026-01-30 08:38:32
USR002932,Karnataka,Hubli,Agriculture & Allied Activities,National Horticulture Mission,No,No,Low,41-60,2026-02-02 14:27:49
USR002933,Kerala,Kannur,Health & Public Health,Rashtriya Swasthya Bima Yojana,No,No,High,26-40,2025-03-27 10:14:35
USR002934,Karnataka,Mysore,Women Empowerment & Child Welfare,Mahila Shakti Kendra,Yes,No,Middle,26-40,2025-08-30 14:56:37
USR002935,Bihar,Muzaffarpur,Health & Public Health,Pradhan Mantri Surakshit Matritva Abhiyan,Yes,No,High,60+,2025-05-09 17:35:40
USR002936,Madhya Pradesh,Sagar,Education & Scholarships,National Overseas Scholarship,No,No,High,18-25,2026-01-24 19:28:20
USR002937,West Bengal,Murshidabad,Disability Support (Divyang Schemes),Accessible India Campaign,No,No,Low,41-60,2025-12-29 02:47:15
USR002938,Bihar,East Champaran,Women Empowerment & Child Welfare,POSHAN Abhiyaan,Yes,No,Middle,41-60,2025-12-26 16:27:15
USR002939,Meghalaya,Jaintia Hills,Education & Scholarships,National Overseas Scholarship,No,No,Middle,18-25,2025-07-06 02:47:41
USR002940,Sikkim,North Sikkim,Agriculture & Allied Activities,Kisan Credit Card,Yes,No,High,18-25,2025-10-15 17:38:45
USR002941,Tamil Nadu,Tiruppur,Senior Citizen Welfare,National Social Assistance Programme,No,No,Middle,60+,2025-12-06 08:55:57
USR002942,Nagaland,Tuensang,Health & Public Health,eSanjeevani Telemedicine,Yes,No,Middle,41-60,2025-06-27 06:19:36
USR002943,Bihar,Muzaffarpur,Education & Scholarships,PM Research Fellowship,Yes,Yes,High,41-60,2026-01-08 02:18:49
USR002944,Rajasthan,Jaipur,SC/ST/OBC Welfare,Pre Matric Scholarship SC,Yes,Yes,High,18-25,2025-06-15 05:35:54
USR002945,Maharashtra,Aurangabad,Disability Support (Divyang Schemes),Sahyogi Scheme,Yes,Yes,Middle,18-25,2025-11-21 22:54:24
USR002946,Uttarakhand,Dehradun,Health & Public Health,National Health Mission,Yes,Yes,Low,41-60,2026-01-19 16:54:54
USR002947,Jharkhand,Dhanbad,Disability Support (Divyang Schemes),Deendayal Disabled Rehabilitation Scheme,No,No,Low,60+,2026-01-04 23:33:19
USR002948,Tamil Nadu,Kancheepuram,Health & Public Health,Janani Suraksha Yojana,Yes,No,High,41-60,2025-04-12 16:42:45
USR002949,Meghalaya,West Khasi Hills,Health & Public Health,Ayushman Bharat PM-JAY,Yes,Yes,High,60+,2026-02-13 22:15:40
USR002950,Mizoram,Lunglei,Education & Scholarships,SHREYAS Scheme,Yes,Yes,Middle,60+,2025-08-31 22:22:58
USR002951,Haryana,Karnal,SC/ST/OBC Welfare,Top Class Education SC,Yes,Yes,High,41-60,2025-03-28 13:19:53
USR002952,Punjab,Ferozepur,Disability Support (Divyang Schemes),Deendayal Disabled Rehabilitation Scheme,No,No,Middle,26-40,2026-01-01 10:28:39
USR002953,Haryana,Gurgaon,Disability Support (Divyang Schemes),National Trust Niramaya,Yes,Yes,Low,18-25,2025-07-28 18:35:28
USR002954,Uttarakhand,Haridwar,Education & Scholarships,Post Matric Scholarship SC,No,No,Low,18-25,2026-02-15 03:52:39
USR002955,Karnataka,Mangalore,Senior Citizen Welfare,Indira Gandhi National Old Age Pension,No,No,Middle,26-40,2025-04-13 12:30:47
USR002956,Karnataka,Belgaum,SC/ST/OBC Welfare,Venture Capital Fund SC,No,No,Low,60+,2025-12-31 07:11:53
USR002957,Karnataka,Tumkur,Senior Citizen Welfare,Integrated Programme for Older Persons,Yes,No,High,26-40,2025-05-25 11:36:06
USR002958,Uttar Pradesh,Varanasi,Education & Scholarships,Central Sector Scholarship Scheme,Yes,Yes,Low,26-40,2025-05-18 23:03:51
USR002959,Sikkim,East Sikkim,SC/ST/OBC Welfare,PM DAKSH Scheme,No,No,Middle,41-60,2025-11-26 04:20:18
USR002960,Haryana,Faridabad,Education & Scholarships,PM Research Fellowship,No,No,Low,41-60,2025-07-17 00:48:52
USR002961,Sikkim,South Sikkim,Women Empowerment & Child Welfare,Anganwadi Services ICDS,Yes,Yes,High,26-40,2026-01-05 13:17:03
USR002962,Rajasthan,Jaipur,Disability Support (Divyang Schemes),Vidyasagar Scheme,Yes,Yes,High,60+,2025-06-17 21:22:19
USR002963,Odisha,Bargarh,Disability Support (Divyang Schemes),Unique Disability ID UDID,Yes,No,Middle,41-60,2025-12-02 23:53:29
USR002964,Sikkim,North Sikkim,Health & Public Health,eSanjeevani Telemedicine,Yes,Yes,High,41-60,2025-05-31 03:18:41
USR002965,Gujarat,Vadodara,Senior Citizen Welfare,Integrated Programme for Older Persons,Yes,Yes,Middle,41-60,2026-01-14 13:12:11
USR002966,Telangana,Karimnagar,SC/ST/OBC Welfare,Top Class Education SC,No,No,Low,18-25,2025-04-19 12:51:09
USR002967,Gujarat,Ahmedabad,Agriculture & Allied Activities,PM Krishi Sinchai Yojana,Yes,No,Middle,41-60,2026-01-19 13:36:52
USR002968,Maharashtra,Pune,Disability Support (Divyang Schemes),Indira Gandhi Disability Pension,Yes,Yes,High,26-40,2026-02-06 02:39:34
USR002969,Telangana,Warangal,Agriculture & Allied Activities,National Horticulture Mission,No,No,High,41-60,2025-03-21 08:42:34
USR002970,Madhya Pradesh,Jabalpur,Education & Scholarships,Top Class Education Scheme,No,No,High,26-40,2025-05-13 04:00:52
USR002971,Nagaland,Kohima,Health & Public Health,Mission Indradhanush,Yes,No,Low,60+,2025-08-22 06:33:17
USR002972,Uttarakhand,Bageshwar,Health & Public Health,Pradhan Mantri Jan Aushadhi Yojana,No,No,Middle,41-60,2025-05-23 10:42:09
USR002973,Odisha,Bhubaneswar,Women Empowerment & Child Welfare,One Stop Centre Scheme,Yes,Yes,Middle,60+,2025-03-04 16:24:03
USR002974,Maharashtra,Kolhapur,Health & Public Health,National Digital Health Mission,No,No,High,60+,2025-12-12 12:34:38
USR002975,Jharkhand,Dhanbad,Disability Support (Divyang Schemes),Samarth Scheme,Yes,Yes,Middle,26-40,2025-05-18 04:58:13
USR002976,Telangana,Rangareddy,Women Empowerment & Child Welfare,Ujjawala Scheme,No,No,High,18-25,2025-08-06 05:09:06
USR002977,West Bengal,Darjeeling,Disability Support (Divyang Schemes),Gharaunda Scheme,No,No,Middle,41-60,2026-02-04 22:28:35
USR002978,West Bengal,Birbhum,SC/ST/OBC Welfare,Venture Capital Fund SC,Yes,Yes,Low,41-60,2025-06-02 18:53:05
USR002979,Sikkim,West Sikkim,Health & Public Health,eSanjeevani Telemedicine,Yes,No,Middle,41-60,2025-11-20 05:06:24
USR002980,Nagaland,Zunheboto,Health & Public Health,Pradhan Mantri Jan Aushadhi Yojana,Yes,Yes,Middle,26-40,2025-04-26 08:40:16
USR002981,Nagaland,Dimapur,Health & Public Health,Rashtriya Swasthya Bima Yojana,No,No,High,26-40,2025-10-06 18:52:12
USR002982,Rajasthan,Jaipur,SC/ST/OBC Welfare,PM DAKSH Scheme,Yes,Yes,High,18-25,2025-09-21 21:31:39
USR002983,Punjab,Sangrur,Senior Citizen Welfare,Indira Gandhi National Old Age Pension,No,No,High,60+,2026-02-13 13:56:38
USR002984,Rajasthan,Ajmer,Disability Support (Divyang Schemes),Accessible India Campaign,Yes,No,Middle,18-25,2025-06-13 21:20:11
USR002985,Uttar Pradesh,Kanpur,Health & Public Health,Mission Indradhanush,Yes,Yes,High,41-60,2025-04-14 14:32:27
USR002986,West Bengal,Howrah,Disability Support (Divyang Schemes),Sahyogi Scheme,Yes,Yes,High,60+,2025-12-26 09:17:46
USR002987,Telangana,Hyderabad,Senior Citizen Welfare,PM Vaya Vandana Yojana,No,No,Middle,60+,2026-02-25 20:55:25
USR002988,Gujarat,Ahmedabad,Agriculture & Allied Activities,e-NAM,No,No,Low,41-60,2025-11-23 09:08:16
USR002989,Kerala,Thiruvananthapuram,Health & Public Health,Rashtriya Swasthya Bima Yojana,Yes,No,Middle,60+,2025-08-02 01:18:42
USR002990,Kerala,Thiruvananthapuram,Agriculture & Allied Activities,PM Krishi Sinchai Yojana,Yes,No,High,41-60,2026-02-11 04:58:32
USR002991,Himachal Pradesh,Solan,Disability Support (Divyang Schemes),Vidyasagar Scheme,No,No,Middle,26-40,2025-06-20 02:55:02
USR002992,Uttarakhand,Bageshwar,Women Empowerment & Child Welfare,Mahila Shakti Kendra,Yes,Yes,Low,26-40,2025-03-20 13:08:17
USR002993,Manipur,Senapati,Senior Citizen Welfare,Varishtha Pension Bima Yojana,No,No,High,60+,2025-06-05 00:13:46
USR002994,Bihar,Araria,SC/ST/OBC Welfare,Post Matric Scholarship OBC,Yes,No,Low,60+,2025-06-14 02:42:18
USR002995,Bihar,Muzaffarpur,Women Empowerment & Child Welfare,Anganwadi Services ICDS,No,No,Low,41-60,2026-01-11 21:55:25
USR002996,Punjab,Jalandhar,Senior Citizen Welfare,Indira Gandhi National Old Age Pension,No,No,Low,26-40,2025-06-25 11:56:01
USR002997,Meghalaya,East Khasi Hills,Health & Public Health,Mission Indradhanush,Yes,No,Low,41-60,2025-03-09 17:29:57
USR002998,Telangana,Nalgonda,Agriculture & Allied Activities,Kisan Credit Card,Yes,No,Middle,60+,2025-09-15 19:29:43
USR002999,Meghalaya,Jaintia Hills,Women Empowerment & Child Welfare,Mahila Samman Savings Certificate,Yes,No,Low,26-40,2026-01-25 06:18:32
USR003000,Karnataka,Mangalore,SC/ST/OBC Welfare,Top Class Education SC,No,No,High,18-25,2025-06-25 14:09:06
USR003001,Mizoram,Champhai,Women Empowerment & Child Welfare,Mahila Shakti Kendra,Yes,Yes,Middle,18-25,2025-03-12 23:17:43
USR003002,Odisha,Sambalpur,SC/ST/OBC Welfare,National Fellowship SC,No,No,High,26-40,2025-04-30 00:29:20
USR003003,Meghalaya,Cima,SC/ST/OBC Welfare,Post Matric Scholarship OBC,No,No,Middle,26-40,2026-01-27 15:03:04
USR003004,Uttar Pradesh,Banaras,Women Empowerment & Child Welfare,POSHAN Abhiyaan,Yes,No,Middle,18-25,2026-01-07 03:47:32
USR003005,Bihar,Muzaffarpur,Senior Citizen Welfare,Varishtha Pension Bima Yojana,Yes,Yes,Middle,41-60,2025-04-22 08:04:56
USR003006,Haryana,Ambala,Health & Public Health,Pradhan Mantri Jan Aushadhi Yojana,Yes,No,Middle,41-60,2025-09-14 14:10:34
USR003007,Karnataka,Tumkur,Senior Citizen Welfare,Elderline Helpline,No,No,Low,18-25,2025-06-15 11:13:47
USR003008,Assam,Cachar,Agriculture & Allied Activities,PM Kisan Maan Dhan Yojana,Yes,Yes,Middle,18-25,2025-08-31 22:19:09
USR003009,Jharkhand,Ranchi,Women Empowerment & Child Welfare,One Stop Centre Scheme,No,No,Middle,60+,2025-09-21 04:55:26
USR003010,Tripura,Khowai,Agriculture & Allied Activities,Kisan Credit Card,Yes,No,Low,41-60,2026-02-07 04:59:55
USR003011,Karnataka,Tumkur,Women Empowerment & Child Welfare,POSHAN Abhiyaan,No,No,Middle,26-40,2025-06-21 11:34:47
USR003012,Sikkim,East Sikkim,SC/ST/OBC Welfare,Free Coaching Scheme SC OBC,Yes,No,Middle,41-60,2025-11-30 14:36:51
USR003013,Madhya Pradesh,Gwalior,Agriculture & Allied Activities,PM Kisan Maan Dhan Yojana,Yes,Yes,High,18-25,2025-05-04 08:33:02
USR003014,Karnataka,Mysore,Agriculture & Allied Activities,National Horticulture Mission,No,No,Low,60+,2025-09-26 16:08:50
USR003015,Odisha,Cuttack,Health & Public Health,Janani Suraksha Yojana,Yes,No,Low,41-60,2025-07-23 02:17:01
USR003016,Mizoram,Champhai,Senior Citizen Welfare,Rashtriya Vayoshri Yojana,Yes,Yes,High,60+,2025-12-11 21:14:12
USR003017,Uttar Pradesh,Varanasi,SC/ST/OBC Welfare,Free Coaching Scheme SC OBC,No,No,Low,60+,2025-08-28 18:51:02
USR003018,Meghalaya,East Garo Hills,Disability Support (Divyang Schemes),Indira Gandhi Disability Pension,Yes,Yes,High,18-25,2025-05-31 08:28:33
USR003019,Mizoram,Lunglei,Education & Scholarships,SHREYAS Scheme,Yes,No,High,26-40,2025-11-20 03:09:45
USR003020,Nagaland,Kohima,Agriculture & Allied Activities,National Horticulture Mission,Yes,Yes,Low,26-40,2025-12-06 19:39:11
USR003021,Meghalaya,West Garo Hills,Women Empowerment & Child Welfare,POSHAN Abhiyaan,Yes,No,Middle,26-40,2025-12-13 11:15:00
USR003022,Mizoram,Champhai,Women Empowerment & Child Welfare,Mahila Samman Savings Certificate,Yes,No,Middle,26-40,2025-10-15 14:51:58
USR003023,Haryana,Rohtak,Disability Support (Divyang Schemes),Indira Gandhi Disability Pension,No,No,Low,26-40,2025-08-11 21:56:57
USR003024,West Bengal,Darjeeling,Senior Citizen Welfare,National Social Assistance Programme,Yes,No,High,60+,2025-05-30 01:48:43
USR003025,Tamil Nadu,Tiruppur,Education & Scholarships,Post Matric Scholarship SC,Yes,Yes,High,26-40,2025-07-24 17:05:48
USR003026,Nagaland,Peren,SC/ST/OBC Welfare,Pre Matric Scholarship SC,Yes,Yes,Low,18-25,2025-06-02 02:17:46
USR003027,Tripura,Dhalai,Health & Public Health,TB Elimination Programme,No,No,Low,18-25,2025-10-03 21:50:33
USR003028,Jharkhand,Dhanbad,Women Empowerment & Child Welfare,POSHAN Abhiyaan,Yes,No,Middle,41-60,2025-03-04 07:06:05
USR003029,Telangana,Nalgonda,SC/ST/OBC Welfare,Pre Matric Scholarship SC,No,No,Low,26-40,2026-01-03 22:28:41
USR003030,Tripura,South Tripura,Agriculture & Allied Activities,PM Krishi Sinchai Yojana,Yes,No,Low,41-60,2025-10-20 11:35:21
USR003031,Chhattisgarh,Bastar,Disability Support (Divyang Schemes),ADIP Scheme,Yes,Yes,Low,18-25,2025-04-08 22:25:50
USR003032,Sikkim,North Sikkim,Education & Scholarships,PM Research Fellowship,No,No,High,41-60,2025-08-12 14:13:42
USR003033,Uttar Pradesh,Banaras,Disability Support (Divyang Schemes),ADIP Scheme,No,No,Low,18-25,2025-07-12 01:27:05
USR003034,Gujarat,Surat,Agriculture & Allied Activities,Soil Health Card Scheme,Yes,Yes,Low,41-60,2025-08-09 16:39:01
USR003035,Chhattisgarh,Bilaspur,Disability Support (Divyang Schemes),Vidyasagar Scheme,No,No,Middle,41-60,2025-03-05 10:53:41
USR003036,Tripura,South Tripura,Women Empowerment & Child Welfare,One Stop Centre Scheme,Yes,Yes,Low,26-40,2025-11-07 20:45:53
USR003037,Punjab,Ludhiana,Senior Citizen Welfare,Integrated Programme for Older Persons,Yes,Yes,High,41-60,2025-03-27 02:00:24
USR003038,Bihar,West Champaran,Health & Public Health,Ayushman Bharat PM-JAY,Yes,No,Low,26-40,2025-10-16 08:38:14
USR003039,Punjab,Sangrur,Senior Citizen Welfare,PM Vaya Vandana Yojana,No,No,Low,26-40,2026-02-24 13:38:22
USR003040,Karnataka,Bangalore,Health & Public Health,eSanjeevani Telemedicine,Yes,Yes,High,26-40,2025-08-08 10:44:51
USR003041,Tamil Nadu,Tiruppur,Education & Scholarships,National Means Cum Merit Scholarship,No,No,Low,60+,2025-08-01 08:01:28
USR003042,Kerala,Kozhikode,SC/ST/OBC Welfare,National Fellowship SC,Yes,No,Middle,60+,2026-01-19 08:04:00
USR003043,Jharkhand,Giridih,Senior Citizen Welfare,PM Vaya Vandana Yojana,Yes,Yes,Middle,60+,2026-01-06 00:07:37
USR003044,Nagaland,Tuensang,Women Empowerment & Child Welfare,Anganwadi Services ICDS,Yes,Yes,Middle,26-40,2025-09-20 08:58:18
USR003045,Bihar,Patna,Education & Scholarships,PM Research Fellowship,Yes,Yes,Middle,41-60,2026-01-07 21:12:05
USR003046,Nagaland,Dimapur,Agriculture & Allied Activities,Paramparagat Krishi Vikas Yojana,No,No,Middle,60+,2025-03-19 18:03:43
USR003047,Manipur,Bishnupur,Disability Support (Divyang Schemes),Gharaunda Scheme,No,No,Low,26-40,2025-04-02 13:31:32
USR003048,Manipur,Imphal East,Education & Scholarships,National Means Cum Merit Scholarship,Yes,Yes,Middle,26-40,2025-06-03 04:24:35
USR003049,Bihar,Madhubani,Health & Public Health,Janani Suraksha Yojana,Yes,Yes,Low,18-25,2025-09-17 00:56:52
USR003050,Kerala,Kannur,Disability Support (Divyang Schemes),Sahyogi Scheme,No,No,Middle,26-40,2026-01-03 10:12:54
USR003051,Nagaland,Tuensang,Women Empowerment & Child Welfare,Beti Bachao Beti Padhao,Yes,Yes,Middle,41-60,2025-10-20 15:46:12
USR003052,West Bengal,Jalpaiguri,Disability Support (Divyang Schemes),Indira Gandhi Disability Pension,Yes,No,Low,41-60,2025-12-04 02:38:35
USR003053,Haryana,Hisar,Education & Scholarships,Vidya Lakshmi Scheme,No,No,High,41-60,2025-07-18 13:30:50
USR003054,Maharashtra,Aurangabad,Women Empowerment & Child Welfare,One Stop Centre Scheme,No,No,Middle,18-25,2025-03-07 15:00:20
USR003055,Meghalaya,Jaintia Hills,Women Empowerment & Child Welfare,Ujjawala Scheme,Yes,No,High,18-25,2025-03-20 15:08:00
USR003056,Kerala,Thiruvananthapuram,Disability Support (Divyang Schemes),Sahyogi Scheme,Yes,Yes,Low,41-60,2025-10-25 09:34:00
USR003057,Nagaland,Peren,Disability Support (Divyang Schemes),Sahyogi Scheme,Yes,Yes,High,18-25,2025-08-26 06:12:05
USR003058,Jharkhand,Ranchi,Disability Support (Divyang Schemes),Gharaunda Scheme,No,No,High,26-40,2025-09-25 20:00:44
USR003059,Madhya Pradesh,Sagar,Disability Support (Divyang Schemes),Sahyogi Scheme,No,No,High,41-60,2025-08-09 07:10:05
USR003060,Madhya Pradesh,Indore,Agriculture & Allied Activities,PM Kisan Maan Dhan Yojana,Yes,Yes,High,26-40,2026-02-25 02:36:16
USR003061,Nagaland,Peren,Senior Citizen Welfare,Atal Pension Yojana,Yes,No,High,18-25,2025-04-27 22:56:21
USR003062,Assam,Barpeta,Agriculture & Allied Activities,Kisan Credit Card,No,No,High,41-60,2025-10-23 15:47:48
USR003063,West Bengal,Jalpaiguri,Agriculture & Allied Activities,PM-KISAN,No,No,High,18-25,2026-02-12 17:23:16
USR003064,Mizoram,Kolasib,Education & Scholarships,PM Research Fellowship,Yes,Yes,Low,18-25,2025-11-26 11:02:02
USR003065,Telangana,Karimnagar,Agriculture & Allied Activities,Soil Health Card Scheme,Yes,No,Middle,60+,2025-03-20 18:30:25
USR003066,Uttar Pradesh,Meerut,SC/ST/OBC Welfare,Free Coaching Scheme SC OBC,No,No,High,18-25,2025-05-23 17:39:08
USR003067,Manipur,Bishnupur,Disability Support (Divyang Schemes),Unique Disability ID UDID,Yes,Yes,Middle,26-40,2025-12-02 12:54:47
USR003068,Manipur,Imphal West,Education & Scholarships,Mid Day Meal Scheme,Yes,Yes,Low,41-60,2025-10-27 08:08:22
USR003069,Nagaland,Zunheboto,Women Empowerment & Child Welfare,POSHAN Abhiyaan,Yes,Yes,Low,18-25,2025-08-02 03:01:02
USR003070,Rajasthan,Jaipur,Disability Support (Divyang Schemes),Sahyogi Scheme,Yes,Yes,High,18-25,2025-11-07 04:04:58
USR003071,Madhya Pradesh,Jabalpur,Senior Citizen Welfare,National Social Assistance Programme,Yes,Yes,Middle,26-40,2025-08-18 18:47:57
USR003072,Tamil Nadu,Chennai,Women Empowerment & Child Welfare,One Stop Centre Scheme,No,No,High,26-40,2025-11-09 14:42:14
USR003073,Odisha,Bhubaneswar,Health & Public Health,Pradhan Mantri Jan Aushadhi Yojana,Yes,No,Middle,41-60,2026-01-10 16:41:24
USR003074,Telangana,Warangal,Health & Public Health,Pradhan Mantri Jan Aushadhi Yojana,Yes,Yes,High,26-40,2026-02-16 10:36:03
USR003075,Kerala,Thrissur,Women Empowerment & Child Welfare,Mahila Shakti Kendra,No,No,Low,26-40,2025-05-20 13:23:36
USR003076,Punjab,Sangrur,Senior Citizen Welfare,Elderline Helpline,Yes,No,Middle,60+,2025-05-24 23:42:59
USR003077,Uttarakhand,Haridwar,Senior Citizen Welfare,Rashtriya Vayoshri Yojana,Yes,Yes,Low,26-40,2025-05-18 12:28:55
USR003078,West Bengal,Murshidabad,Women Empowerment & Child Welfare,Beti Bachao Beti Padhao,Yes,Yes,Middle,41-60,2025-12-17 08:40:34
USR003079,Odisha,Balasore,Disability Support (Divyang Schemes),Indira Gandhi Disability Pension,Yes,Yes,Low,26-40,2025-06-28 11:34:13
USR003080,Haryana,Gurgaon,Women Empowerment & Child Welfare,Anganwadi Services ICDS,No,No,High,18-25,2025-11-04 09:26:52
USR003081,Uttarakhand,Dehradun,Disability Support (Divyang Schemes),Accessible India Campaign,No,No,High,26-40,2025-10-15 19:08:51
USR003082,Uttar Pradesh,Agra,Women Empowerment & Child Welfare,Mahila Samman Savings Certificate,No,No,High,26-40,2026-01-28 22:13:41
USR003083,Tripura,Khowai,SC/ST/OBC Welfare,National Fellowship SC,Yes,Yes,High,26-40,2025-08-29 05:09:08
USR003084,Tripura,Dhalai,Agriculture & Allied Activities,Paramparagat Krishi Vikas Yojana,Yes,Yes,Middle,26-40,2025-06-01 13:50:37
USR003085,Manipur,Thoubal,Agriculture & Allied Activities,Paramparagat Krishi Vikas Yojana,No,No,High,41-60,2025-04-25 21:49:33
USR003086,Mizoram,Lunglei,SC/ST/OBC Welfare,Credit Enhancement Scheme SC,Yes,Yes,Low,26-40,2025-11-18 13:52:14
USR003087,Tripura,West Tripura,Health & Public Health,Janani Suraksha Yojana,Yes,Yes,Low,60+,2026-02-09 06:34:49
USR003088,Tripura,Khowai,SC/ST/OBC Welfare,Free Coaching Scheme SC OBC,No,No,Low,26-40,2025-09-14 15:41:20
USR003089,Jharkhand,Godda,SC/ST/OBC Welfare,National Fellowship OBC,No,No,High,60+,2026-01-11 01:17:19
USR003090,Assam,Cachar,Health & Public Health,Janani Suraksha Yojana,Yes,No,High,18-25,2025-11-13 04:32:38
USR003091,Rajasthan,Ajmer,Agriculture & Allied Activities,PM-KISAN,Yes,Yes,High,18-25,2025-06-20 04:48:47
USR003092,Haryana,Hisar,Health & Public Health,Ayushman Bharat PM-JAY,Yes,Yes,High,18-25,2025-05-22 19:04:59
USR003093,Odisha,Bhubaneswar,Women Empowerment & Child Welfare,One Stop Centre Scheme,Yes,No,High,41-60,2025-07-06 08:27:16
USR003094,Chhattisgarh,Durg,Disability Support (Divyang Schemes),National Trust Niramaya,No,No,High,18-25,2025-06-22 19:23:42
USR003095,Madhya Pradesh,Gwalior,Education & Scholarships,Top Class Education Scheme,No,No,High,18-25,2026-01-26 21:40:52
USR003096,Himachal Pradesh,Lahul,Health & Public Health,Pradhan Mantri Surakshit Matritva Abhiyan,No,No,Low,26-40,2025-05-18 13:15:55
USR003097,Mizoram,Aizawl,SC/ST/OBC Welfare,Post Matric Scholarship OBC,Yes,Yes,Middle,60+,2026-01-06 13:54:01
USR003098,West Bengal,Howrah,Women Empowerment & Child Welfare,One Stop Centre Scheme,Yes,No,High,41-60,2025-12-14 06:44:23
USR003099,Madhya Pradesh,Sagar,Education & Scholarships,SHREYAS Scheme,No,No,High,41-60,2025-09-19 03:31:34
USR003100,Gujarat,Bharuch,SC/ST/OBC Welfare,Top Class Education SC,Yes,Yes,Low,18-25,2025-05-29 16:47:57
USR003101,Chhattisgarh,Janjgir-Champa,Education & Scholarships,SHREYAS Scheme,Yes,No,High,41-60,2025-07-31 21:39:05
USR003102,Tripura,West Tripura,Disability Support (Divyang Schemes),Indira Gandhi Disability Pension,No,No,Middle,26-40,2025-07-03 12:03:20
USR003103,Chhattisgarh,Bastar,Health & Public Health,National Health Mission,Yes,No,Low,26-40,2025-03-14 08:18:48
USR003104,Nagaland,Tuensang,Disability Support (Divyang Schemes),Vidyasagar Scheme,Yes,Yes,Low,41-60,2025-03-30 16:14:52
USR003105,Haryana,Gurgaon,Senior Citizen Welfare,Rashtriya Vayoshri Yojana,No,No,Middle,60+,2025-08-19 02:20:53
USR003106,Uttarakhand,Dehradun,Women Empowerment & Child Welfare,POSHAN Abhiyaan,Yes,Yes,Low,41-60,2025-06-07 07:36:34
USR003107,Haryana,Faridabad,Education & Scholarships,SHREYAS Scheme,No,No,Middle,41-60,2025-05-06 15:13:50
USR003108,Punjab,Amritsar,Disability Support (Divyang Schemes),ADIP Scheme,Yes,Yes,Low,41-60,2025-07-09 13:53:06
USR003109,Sikkim,South Sikkim,Health & Public Health,Ayushman Bharat PM-JAY,Yes,Yes,High,60+,2025-12-29 01:53:15
USR003110,Nagaland,Peren,SC/ST/OBC Welfare,Free Coaching Scheme SC OBC,Yes,Yes,High,26-40,2025-06-08 19:03:07
USR003111,Andhra Pradesh,Visakhapatnam,Disability Support (Divyang Schemes),Sahyogi Scheme,Yes,Yes,Middle,18-25,2025-08-21 22:21:00
USR003112,Madhya Pradesh,Jabalpur,Senior Citizen Welfare,Integrated Programme for Older Persons,Yes,No,Middle,26-40,2025-12-01 13:48:03
USR003113,Himachal Pradesh,Lahul,Women Empowerment & Child Welfare,Beti Bachao Beti Padhao,No,No,High,60+,2025-09-18 23:42:04
USR003114,Assam,Sonitpur,Education & Scholarships,Pre Matric Scholarship OBC,No,No,Middle,18-25,2025-06-06 15:42:51
USR003115,West Bengal,Kolkata,Senior Citizen Welfare,Indira Gandhi National Old Age Pension,No,No,Low,18-25,2025-06-25 19:43:04
USR003116,Rajasthan,Barmer,SC/ST/OBC Welfare,Credit Enhancement Scheme SC,Yes,Yes,High,18-25,2026-01-19 02:04:01
USR003117,Telangana,Rangareddy,Disability Support (Divyang Schemes),Indira Gandhi Disability Pension,No,No,Middle,18-25,2025-04-02 08:32:20
USR003118,Haryana,Ambala,Disability Support (Divyang Schemes),Vidyasagar Scheme,No,No,Low,26-40,2025-07-24 20:21:34
USR003119,Mizoram,Mamit,Agriculture & Allied Activities,PM-KISAN,No,No,Middle,26-40,2025-09-26 00:48:18
USR003120,Mizoram,Aizawl,Agriculture & Allied Activities,Pradhan Mantri Fasal Bima Yojana,No,No,Low,18-25,2025-07-26 01:50:05
USR003121,Tripura,West Tripura,Agriculture & Allied Activities,PM-KISAN,No,No,Middle,41-60,2025-04-21 07:05:21
USR003122,Telangana,Nalgonda,Health & Public Health,TB Elimination Programme,No,No,Low,41-60,2025-04-23 11:06:21
USR003123,Uttarakhand,Haridwar,Women Empowerment & Child Welfare,Mahila Shakti Kendra,Yes,No,High,60+,2025-12-23 22:41:57
USR003124,Tripura,South Tripura,SC/ST/OBC Welfare,National Fellowship OBC,No,No,High,18-25,2026-01-24 16:36:15
USR003125,Jharkhand,Dhanbad,Education & Scholarships,PM Research Fellowship,Yes,Yes,Low,18-25,2025-05-06 09:06:07
USR003126,Himachal Pradesh,Lahul,Agriculture & Allied Activities,Soil Health Card Scheme,Yes,Yes,Low,60+,2025-06-14 18:26:25
USR003127,Chhattisgarh,Rajnandgaon,Senior Citizen Welfare,National Social Assistance Programme,Yes,Yes,Middle,26-40,2025-06-16 07:05:26
USR003128,Meghalaya,East Garo Hills,Health & Public Health,Ayushman Bharat PM-JAY,Yes,Yes,Low,26-40,2025-12-02 03:18:06
USR003129,Sikkim,South Sikkim,Senior Citizen Welfare,PM Vaya Vandana Yojana,No,No,High,60+,2025-10-11 04:52:09
USR003130,Mizoram,Kolasib,Disability Support (Divyang Schemes),Indira Gandhi Disability Pension,Yes,No,High,18-25,2025-07-23 01:43:46
USR003131,Odisha,Bhubaneswar,Disability Support (Divyang Schemes),Accessible India Campaign,No,No,Middle,60+,2025-10-30 03:21:59
USR003132,Sikkim,West Sikkim,Health & Public Health,Mission Indradhanush,Yes,Yes,Low,18-25,2025-09-21 23:48:57
USR003133,Tamil Nadu,Madurai,Education & Scholarships,Mid Day Meal Scheme,Yes,No,High,26-40,2025-10-17 08:44:25
USR003134,Gujarat,Surat,SC/ST/OBC Welfare,Venture Capital Fund SC,Yes,No,High,18-25,2025-04-12 17:53:19
USR003135,Mizoram,Champhai,Women Empowerment & Child Welfare,Mahila Shakti Kendra,Yes,No,Low,18-25,2025-09-28 11:32:48
USR003136,Meghalaya,East Khasi Hills,Education & Scholarships,Vidya Lakshmi Scheme,No,No,High,18-25,2025-08-08 06:46:40
USR003137,Mizoram,Lunglei,SC/ST/OBC Welfare,Top Class Education SC,No,No,High,18-25,2026-02-15 10:29:14
USR003138,Manipur,Senapati,Education & Scholarships,SHREYAS Scheme,Yes,Yes,High,18-25,2025-07-27 21:57:06
USR003139,Sikkim,East Sikkim,Agriculture & Allied Activities,National Horticulture Mission,Yes,Yes,Low,26-40,2026-01-06 19:02:50
USR003140,Madhya Pradesh,Jabalpur,Education & Scholarships,National Means Cum Merit Scholarship,No,No,High,60+,2025-10-05 17:46:55
USR003141,Himachal Pradesh,Kinnaur,Senior Citizen Welfare,Elderline Helpline,Yes,Yes,Low,26-40,2025-09-04 17:44:18
USR003142,Kerala,Thiruvananthapuram,Education & Scholarships,Post Matric Scholarship SC,Yes,Yes,High,26-40,2025-09-24 21:50:18
USR003143,Haryana,Karnal,Agriculture & Allied Activities,National Horticulture Mission,Yes,Yes,Low,26-40,2025-03-17 16:04:14
USR003144,Uttarakhand,Nainital,Disability Support (Divyang Schemes),Deendayal Disabled Rehabilitation Scheme,No,No,Low,26-40,2025-07-08 19:07:57
USR003145,Odisha,Bargarh,SC/ST/OBC Welfare,PM DAKSH Scheme,No,No,High,26-40,2025-05-31 18:33:00
USR003146,Tripura,West Tripura,Education & Scholarships,Vidya Lakshmi Scheme,No,No,Middle,60+,2025-03-22 10:06:04
USR003147,Uttarakhand,Haridwar,Disability Support (Divyang Schemes),Vidyasagar Scheme,Yes,Yes,High,41-60,2025-10-19 20:00:16
USR003148,Maharashtra,Nashik,SC/ST/OBC Welfare,Credit Enhancement Scheme SC,Yes,No,High,18-25,2025-07-02 15:19:18
USR003149,Chhattisgarh,Bilaspur,Education & Scholarships,SHREYAS Scheme,No,No,Middle,60+,2025-03-02 04:14:07
USR003150,Maharashtra,Aurangabad,Health & Public Health,National Digital Health Mission,No,No,Low,18-25,2025-03-01 17:11:01
USR003151,Telangana,Rangareddy,SC/ST/OBC Welfare,PM DAKSH Scheme,Yes,Yes,Middle,26-40,2025-06-03 14:40:05
USR003152,Assam,Sonitpur,SC/ST/OBC Welfare,NSFDC Loan Schemes,No,No,Middle,60+,2025-08-09 21:29:30
USR003153,Andhra Pradesh,Nellore,Agriculture & Allied Activities,PM Kisan Maan Dhan Yojana,Yes,Yes,Middle,26-40,2026-02-18 13:17:47
USR003154,Haryana,Rohtak,Women Empowerment & Child Welfare,Working Women Hostel Scheme,Yes,Yes,High,41-60,2025-08-07 21:19:36
USR003155,Sikkim,West Sikkim,SC/ST/OBC Welfare,PM DAKSH Scheme,Yes,No,Middle,41-60,2025-05-18 17:42:10
USR003156,Uttarakhand,Bageshwar,Agriculture & Allied Activities,e-NAM,No,No,Low,26-40,2026-01-21 13:27:28
USR003157,Assam,Barpeta,Education & Scholarships,Central Sector Scholarship Scheme,Yes,No,Low,18-25,2025-12-04 20:47:49
USR003158,Nagaland,Peren,Health & Public Health,Pradhan Mantri Surakshit Matritva Abhiyan,No,No,Middle,41-60,2025-10-10 23:15:26
USR003159,West Bengal,Howrah,Women Empowerment & Child Welfare,Pradhan Mantri Matru Vandana Yojana,Yes,No,High,41-60,2025-03-18 22:33:45
USR003160,Jharkhand,Deoghar,Disability Support (Divyang Schemes),Samarth Scheme,No,No,Middle,41-60,2026-01-18 19:45:40
USR003161,Himachal Pradesh,Kinnaur,Agriculture & Allied Activities,Agriculture Infrastructure Fund,No,No,High,41-60,2025-08-17 11:24:03
USR003162,Gujarat,Bharuch,Senior Citizen Welfare,Varishtha Pension Bima Yojana,Yes,No,Low,18-25,2026-01-22 00:30:05
USR003163,Madhya Pradesh,Jabalpur,Disability Support (Divyang Schemes),ADIP Scheme,No,No,High,60+,2025-12-19 02:26:10
USR003164,Gujarat,Ahmedabad,SC/ST/OBC Welfare,PM DAKSH Scheme,No,No,High,18-25,2025-05-26 07:55:21
USR003165,Gujarat,Junagadh,Education & Scholarships,SHREYAS Scheme,No,No,High,41-60,2025-06-17 02:32:59
USR003166,Haryana,Karnal,Women Empowerment & Child Welfare,Anganwadi Services ICDS,Yes,No,Middle,60+,2025-10-04 06:36:02
USR003167,Manipur,Thoubal,Senior Citizen Welfare,Annapurna Scheme,Yes,Yes,Low,41-60,2025-04-11 13:40:44
USR003168,Maharashtra,Aurangabad,SC/ST/OBC Welfare,Venture Capital Fund SC,Yes,No,Low,26-40,2025-07-16 09:03:19
USR003169,Uttar Pradesh,Lucknow,Health & Public Health,eSanjeevani Telemedicine,No,No,Middle,41-60,2025-07-17 14:50:17
USR003170,Maharashtra,Mumbai,Education & Scholarships,Mid Day Meal Scheme,Yes,No,Low,60+,2025-08-01 00:30:39
USR003171,Haryana,Hisar,Women Empowerment & Child Welfare,STEP Scheme,No,No,Middle,41-60,2025-08-09 20:10:36
USR003172,Bihar,Muzaffarpur,Senior Citizen Welfare,Indira Gandhi National Old Age Pension,Yes,Yes,Low,26-40,2025-08-22 00:43:40
USR003173,Haryana,Faridabad,Women Empowerment & Child Welfare,POSHAN Abhiyaan,No,No,Middle,41-60,2025-04-22 07:25:52
USR003174,Odisha,Sambalpur,Senior Citizen Welfare,Annapurna Scheme,Yes,Yes,High,26-40,2025-03-31 15:30:27
USR003175,Uttar Pradesh,Varanasi,Health & Public Health,Janani Suraksha Yojana,No,No,Middle,41-60,2025-03-08 17:18:05
USR003176,Uttarakhand,Bageshwar,Education & Scholarships,National Means Cum Merit Scholarship,No,No,Middle,41-60,2026-01-09 15:32:24
USR003177,Uttar Pradesh,Agra,SC/ST/OBC Welfare,Credit Enhancement Scheme SC,Yes,Yes,High,18-25,2025-11-15 17:39:49
USR003178,Karnataka,Hubli,Women Empowerment & Child Welfare,One Stop Centre Scheme,Yes,No,Middle,18-25,2025-06-27 02:28:37
USR003179,Manipur,Bishnupur,Women Empowerment & Child Welfare,Pradhan Mantri Matru Vandana Yojana,No,No,Middle,41-60,2025-06-04 22:24:48
USR003180,Assam,Morigaon,SC/ST/OBC Welfare,Top Class Education SC,No,No,Low,60+,2025-11-14 22:34:57
USR003181,Uttar Pradesh,Varanasi,Education & Scholarships,National Means Cum Merit Scholarship,Yes,Yes,Middle,26-40,2025-11-11 18:58:29
USR003182,Punjab,Ferozepur,Health & Public Health,National Health Mission,Yes,Yes,Middle,41-60,2025-04-12 15:35:06
USR003183,Sikkim,West Sikkim,SC/ST/OBC Welfare,Post Matric Scholarship OBC,Yes,Yes,Middle,41-60,2025-09-06 03:34:01
USR003184,Haryana,Gurgaon,Agriculture & Allied Activities,National Horticulture Mission,No,No,High,41-60,2025-08-18 12:09:55
USR003185,Uttar Pradesh,Banaras,Disability Support (Divyang Schemes),ADIP Scheme,No,No,High,26-40,2025-03-11 10:29:29
USR003186,Bihar,Patna,SC/ST/OBC Welfare,Top Class Education SC,Yes,Yes,Middle,41-60,2026-01-23 00:36:53
USR003187,Andhra Pradesh,Kadapa,Agriculture & Allied Activities,Pradhan Mantri Fasal Bima Yojana,No,No,High,60+,2025-03-16 05:01:46
USR003188,Chhattisgarh,Bastar,Education & Scholarships,Mid Day Meal Scheme,No,No,High,18-25,2025-04-19 17:00:40
USR003189,Tamil Nadu,Chennai,Education & Scholarships,Top Class Education Scheme,No,No,Low,60+,2026-01-29 08:34:01
USR003190,Madhya Pradesh,Ujjain,SC/ST/OBC Welfare,NSFDC Loan Schemes,Yes,No,Middle,60+,2025-10-30 08:16:30
USR003191,Sikkim,South Sikkim,Women Empowerment & Child Welfare,Anganwadi Services ICDS,Yes,Yes,Middle,60+,2025-03-22 22:48:20
USR003192,Meghalaya,Jaintia Hills,Senior Citizen Welfare,Indira Gandhi National Old Age Pension,No,No,Middle,26-40,2025-11-25 05:00:06
USR003193,Manipur,Senapati,Education & Scholarships,National Overseas Scholarship,No,No,Middle,18-25,2025-10-03 19:42:25
USR003194,Mizoram,Champhai,SC/ST/OBC Welfare,Free Coaching Scheme SC OBC,Yes,Yes,Middle,26-40,2026-01-23 04:54:38
USR003195,Meghalaya,East Garo Hills,Disability Support (Divyang Schemes),National Trust Niramaya,Yes,Yes,Low,26-40,2026-02-02 05:32:50
USR003196,Sikkim,East Sikkim,Women Empowerment & Child Welfare,Pradhan Mantri Matru Vandana Yojana,Yes,No,Middle,41-60,2025-03-08 16:24:38
USR003197,Mizoram,Champhai,Agriculture & Allied Activities,Agriculture Infrastructure Fund,Yes,Yes,Low,60+,2025-10-02 08:56:04
USR003198,Tripura,South Tripura,Agriculture & Allied Activities,National Horticulture Mission,Yes,Yes,High,41-60,2025-05-02 18:07:48
USR003199,Uttar Pradesh,Lucknow,SC/ST/OBC Welfare,Credit Enhancement Scheme SC,No,No,Middle,60+,2025-08-21 19:38:16
USR003200,Odisha,Sambalpur,Agriculture & Allied Activities,e-NAM,Yes,Yes,Low,60+,2026-01-12 03:33:17
USR003201,Gujarat,Junagadh,Senior Citizen Welfare,Atal Pension Yojana,No,No,Low,26-40,2025-11-09 21:52:23
USR003202,Bihar,Muzaffarpur,Women Empowerment & Child Welfare,Mahila Samman Savings Certificate,Yes,No,High,18-25,2025-04-20 05:40:04
USR003203,Himachal Pradesh,Kinnaur,Women Empowerment & Child Welfare,STEP Scheme,No,No,Low,41-60,2025-09-29 22:06:25
USR003204,Odisha,Bargarh,Disability Support (Divyang Schemes),Samarth Scheme,Yes,Yes,High,18-25,2025-10-19 00:49:50
USR003205,Gujarat,Ahmedabad,Education & Scholarships,Post Matric Scholarship SC,Yes,No,Low,60+,2025-07-11 22:06:30
USR003206,Mizoram,Saiha,Agriculture & Allied Activities,Pradhan Mantri Fasal Bima Yojana,No,No,Low,60+,2025-12-31 16:39:36
USR003207,Kerala,Kannur,Disability Support (Divyang Schemes),Indira Gandhi Disability Pension,No,No,Low,26-40,2025-09-20 17:24:07
USR003208,Mizoram,Mamit,Agriculture & Allied Activities,PM-KISAN,Yes,No,High,60+,2025-07-14 07:56:15
USR003209,Assam,Sonitpur,Health & Public Health,National Digital Health Mission,Yes,No,Low,41-60,2025-03-14 17:41:04
USR003210,Jharkhand,Ranchi,SC/ST/OBC Welfare,PM DAKSH Scheme,Yes,No,Low,60+,2025-04-10 19:04:13
USR003211,Sikkim,North Sikkim,Health & Public Health,Pradhan Mantri Jan Aushadhi Yojana,No,No,Middle,60+,2025-07-26 23:34:47
USR003212,Odisha,Cuttack,Disability Support (Divyang Schemes),ADIP Scheme,No,No,High,41-60,2025-12-16 00:33:01
USR003213,Nagaland,Dimapur,Agriculture & Allied Activities,PM-KISAN,No,No,Middle,26-40,2025-10-03 23:17:04
USR003214,Tripura,Khowai,Disability Support (Divyang Schemes),Unique Disability ID UDID,No,No,High,60+,2025-06-11 13:34:30
USR003215,Madhya Pradesh,Indore,Women Empowerment & Child Welfare,Working Women Hostel Scheme,Yes,No,Middle,18-25,2026-01-11 18:21:30
USR003216,Madhya Pradesh,Ujjain,Health & Public Health,eSanjeevani Telemedicine,Yes,Yes,Low,26-40,2026-02-09 09:21:59
USR003217,Nagaland,Wokha,Senior Citizen Welfare,Atal Pension Yojana,No,No,High,41-60,2025-09-13 16:57:58
USR003218,Rajasthan,Bikaner,Health & Public Health,TB Elimination Programme,Yes,Yes,High,18-25,2025-11-29 07:02:01
USR003219,Jharkhand,Deoghar,Women Empowerment & Child Welfare,One Stop Centre Scheme,No,No,High,18-25,2026-02-03 03:36:44
USR003220,Tamil Nadu,Salem,Senior Citizen Welfare,Indira Gandhi National Old Age Pension,Yes,No,High,41-60,2025-08-23 05:05:05
USR003221,Haryana,Ambala,Health & Public Health,Pradhan Mantri Surakshit Matritva Abhiyan,No,No,Low,26-40,2025-06-02 23:28:45
USR003222,Andhra Pradesh,Kadapa,Health & Public Health,Ayushman Bharat PM-JAY,Yes,No,Middle,26-40,2025-06-01 20:56:03
USR003223,Telangana,Nalgonda,Disability Support (Divyang Schemes),ADIP Scheme,Yes,Yes,Low,60+,2025-10-17 04:48:42
USR003224,Sikkim,West Sikkim,Disability Support (Divyang Schemes),Vidyasagar Scheme,No,No,High,26-40,2025-12-05 00:04:14
USR003225,Tamil Nadu,Coimbatore,Senior Citizen Welfare,National Social Assistance Programme,No,No,High,18-25,2025-10-17 12:52:08
USR003226,Tamil Nadu,Tiruppur,Agriculture & Allied Activities,PM-KISAN,Yes,No,Low,60+,2025-05-04 15:03:02
USR003227,West Bengal,Birbhum,Disability Support (Divyang Schemes),Unique Disability ID UDID,No,No,High,18-25,2026-01-26 15:22:11
USR003228,Uttarakhand,Pithoragarh,Women Empowerment & Child Welfare,Ujjawala Scheme,Yes,Yes,Low,60+,2026-02-10 14:23:53
USR003229,Punjab,Jalandhar,Senior Citizen Welfare,Indira Gandhi National Old Age Pension,No,No,Low,60+,2025-06-30 09:12:19
USR003230,Manipur,Ukhrul,Women Empowerment & Child Welfare,Beti Bachao Beti Padhao,Yes,Yes,Low,60+,2026-01-01 12:07:47
USR003231,Mizoram,Mamit,Disability Support (Divyang Schemes),Accessible India Campaign,Yes,Yes,High,18-25,2025-09-06 13:22:21
USR003232,Assam,Barpeta,Senior Citizen Welfare,PM Vaya Vandana Yojana,Yes,Yes,High,41-60,2026-01-14 20:45:21
USR003233,Chhattisgarh,Janjgir-Champa,Agriculture & Allied Activities,PM-KISAN,Yes,Yes,Middle,60+,2025-03-06 20:57:49
USR003234,Tripura,Dhalai,Senior Citizen Welfare,Annapurna Scheme,Yes,No,Middle,41-60,2025-04-13 09:56:26
USR003235,Madhya Pradesh,Gwalior,Disability Support (Divyang Schemes),Indira Gandhi Disability Pension,Yes,Yes,Low,26-40,2025-04-12 06:45:55
USR003236,Nagaland,Wokha,Education & Scholarships,Post Matric Scholarship SC,Yes,Yes,High,18-25,2025-11-21 10:19:38
USR003237,Himachal Pradesh,Solan,Agriculture & Allied Activities,Agriculture Infrastructure Fund,Yes,Yes,Low,18-25,2025-07-01 09:43:36
USR003238,Bihar,Muzaffarpur,Agriculture & Allied Activities,PM Kisan Maan Dhan Yojana,Yes,No,Middle,18-25,2026-02-19 06:51:00
USR003239,Uttar Pradesh,Meerut,Education & Scholarships,Vidya Lakshmi Scheme,No,No,Middle,41-60,2025-07-27 15:22:27
USR003240,Punjab,Amritsar,Education & Scholarships,Vidya Lakshmi Scheme,No,No,High,60+,2025-07-09 15:00:32
USR003241,Manipur,Thoubal,Education & Scholarships,SHREYAS Scheme,Yes,Yes,Low,41-60,2026-02-19 07:25:09
USR003242,Uttarakhand,Haridwar,Senior Citizen Welfare,PM Vaya Vandana Yojana,Yes,No,Low,41-60,2025-04-12 03:00:20
USR003243,Jharkhand,Giridih,SC/ST/OBC Welfare,Pre Matric Scholarship SC,Yes,No,High,26-40,2025-08-14 21:41:57
USR003244,Gujarat,Bharuch,Education & Scholarships,National Overseas Scholarship,No,No,High,26-40,2026-01-10 00:52:05
USR003245,Chhattisgarh,Durg,Education & Scholarships,SHREYAS Scheme,Yes,No,High,26-40,2025-08-05 06:53:19
USR003246,Haryana,Gurgaon,Disability Support (Divyang Schemes),National Trust Niramaya,No,No,High,26-40,2025-08-19 20:23:30
USR003247,Tripura,South Tripura,Health & Public Health,Pradhan Mantri Jan Aushadhi Yojana,Yes,No,Low,26-40,2025-03-02 01:51:17
USR003248,Maharashtra,Pune,Health & Public Health,eSanjeevani Telemedicine,No,No,High,18-25,2026-02-28 10:55:37
USR003249,Haryana,Gurgaon,Women Empowerment & Child Welfare,One Stop Centre Scheme,Yes,Yes,Low,41-60,2025-06-04 10:37:25
USR003250,Chhattisgarh,Durg,Health & Public Health,National Digital Health Mission,Yes,No,Low,26-40,2025-03-02 22:58:01
USR003251,Maharashtra,Nagpur,SC/ST/OBC Welfare,Top Class Education SC,Yes,No,High,26-40,2025-07-20 13:33:49
USR003252,Assam,Kamrup,Senior Citizen Welfare,Elderline Helpline,No,No,High,41-60,2025-05-05 02:57:10
USR003253,Chhattisgarh,Rajnandgaon,Women Empowerment & Child Welfare,Beti Bachao Beti Padhao,Yes,No,High,41-60,2025-03-27 16:06:06
USR003254,Bihar,Madhubani,Agriculture & Allied Activities,Agriculture Infrastructure Fund,Yes,No,Middle,41-60,2025-05-23 20:33:36
USR003255,Chhattisgarh,Bastar,SC/ST/OBC Welfare,Venture Capital Fund SC,Yes,Yes,High,60+,2025-05-18 06:45:26
USR003256,Andhra Pradesh,Visakhapatnam,Disability Support (Divyang Schemes),Accessible India Campaign,Yes,No,Low,60+,2025-06-17 15:36:44
USR003257,Himachal Pradesh,Lahul,Health & Public Health,Ayushman Bharat PM-JAY,No,No,High,60+,2025-12-05 23:42:59
USR003258,Chhattisgarh,Bastar,Agriculture & Allied Activities,Pradhan Mantri Fasal Bima Yojana,Yes,Yes,Low,60+,2025-08-09 20:52:58
USR003259,Himachal Pradesh,Solan,SC/ST/OBC Welfare,National Fellowship SC,Yes,Yes,High,26-40,2025-10-03 14:21:01
USR003260,Telangana,Warangal,Senior Citizen Welfare,Integrated Programme for Older Persons,Yes,No,Low,26-40,2025-03-27 20:24:17
USR003261,Himachal Pradesh,Mandi,Senior Citizen Welfare,Integrated Programme for Older Persons,No,No,High,41-60,2025-12-23 21:04:59
USR003262,Rajasthan,Barmer,Women Empowerment & Child Welfare,Mahila Samman Savings Certificate,Yes,Yes,Low,41-60,2025-10-03 04:09:39
USR003263,West Bengal,Kolkata,Agriculture & Allied Activities,National Horticulture Mission,No,No,Low,60+,2026-02-21 11:09:35
USR003264,Uttarakhand,Almora,Disability Support (Divyang Schemes),National Trust Niramaya,No,No,Middle,18-25,2025-03-28 20:29:13
USR003265,Karnataka,Tumkur,Women Empowerment & Child Welfare,Anganwadi Services ICDS,No,No,Low,26-40,2025-09-29 22:10:15
USR003266,Madhya Pradesh,Sagar,Women Empowerment & Child Welfare,Mahila Samman Savings Certificate,Yes,No,Low,18-25,2025-09-21 21:59:20
USR003267,Manipur,Senapati,Agriculture & Allied Activities,PM-KISAN,No,No,Middle,60+,2025-12-01 09:47:02
USR003268,Kerala,Kozhikode,Agriculture & Allied Activities,PM Kisan Maan Dhan Yojana,No,No,Middle,60+,2025-03-12 03:28:34
USR003269,West Bengal,Kolkata,Agriculture & Allied Activities,PM Krishi Sinchai Yojana,Yes,No,High,26-40,2025-05-31 03:31:16
USR003270,Uttarakhand,Haridwar,Education & Scholarships,PM Research Fellowship,Yes,Yes,Middle,41-60,2025-12-19 04:54:55
USR003271,Kerala,Thrissur,Education & Scholarships,Vidya Lakshmi Scheme,No,No,Low,60+,2025-04-16 07:20:23
USR003272,Assam,Sonitpur,Senior Citizen Welfare,Atal Pension Yojana,No,No,Low,41-60,2025-11-12 15:09:50
USR003273,Telangana,Rangareddy,SC/ST/OBC Welfare,Credit Enhancement Scheme SC,No,No,Middle,60+,2025-04-28 03:50:38
USR003274,Uttarakhand,Haridwar,Agriculture & Allied Activities,Pradhan Mantri Fasal Bima Yojana,No,No,Low,41-60,2025-05-27 04:06:20
USR003275,Himachal Pradesh,Shimla,SC/ST/OBC Welfare,Credit Enhancement Scheme SC,Yes,Yes,High,26-40,2026-02-19 17:13:23
USR003276,Punjab,Jalandhar,Senior Citizen Welfare,Senior Citizen Savings Scheme,Yes,No,Middle,41-60,2025-08-03 21:58:07
USR003277,Telangana,Hyderabad,Agriculture & Allied Activities,Soil Health Card Scheme,Yes,Yes,High,26-40,2026-01-12 14:51:33
USR003278,Himachal Pradesh,Kinnaur,Women Empowerment & Child Welfare,Working Women Hostel Scheme,No,No,Low,41-60,2025-05-28 04:30:01
USR003279,Bihar,Muzaffarpur,Senior Citizen Welfare,National Social Assistance Programme,No,No,High,26-40,2025-08-16 17:49:57
USR003280,Bihar,Muzaffarpur,Education & Scholarships,Central Sector Scholarship Scheme,Yes,Yes,Middle,26-40,2025-08-18 23:44:05
USR003281,Tripura,Dhalai,Women Empowerment & Child Welfare,Working Women Hostel Scheme,Yes,Yes,High,60+,2025-07-19 06:50:20
USR003282,Bihar,West Champaran,Disability Support (Divyang Schemes),Unique Disability ID UDID,Yes,Yes,Middle,18-25,2025-09-26 10:02:40
USR003283,Gujarat,Ahmedabad,Women Empowerment & Child Welfare,Mahila Samman Savings Certificate,No,No,High,60+,2025-07-13 18:54:13
USR003284,Odisha,Sambalpur,Senior Citizen Welfare,National Social Assistance Programme,Yes,Yes,High,18-25,2026-02-07 03:48:01
USR003285,Sikkim,West Sikkim,Women Empowerment & Child Welfare,Beti Bachao Beti Padhao,Yes,Yes,Middle,60+,2025-10-16 16:40:00
USR003286,Jharkhand,Dumka,Women Empowerment & Child Welfare,Working Women Hostel Scheme,No,No,High,60+,2025-03-23 00:12:34
USR003287,Jharkhand,Dumka,Agriculture & Allied Activities,PM-KISAN,No,No,Middle,26-40,2025-12-07 07:00:22
USR003288,Madhya Pradesh,Bhopal,Women Empowerment & Child Welfare,Beti Bachao Beti Padhao,Yes,No,Middle,26-40,2025-10-22 18:56:37
USR003289,West Bengal,Howrah,Health & Public Health,Ayushman Bharat PM-JAY,Yes,Yes,Low,18-25,2026-02-02 21:04:19
USR003290,Uttarakhand,Dehradun,Agriculture & Allied Activities,Soil Health Card Scheme,Yes,Yes,High,18-25,2026-02-01 22:11:26
USR003291,Uttar Pradesh,Meerut,Health & Public Health,Pradhan Mantri Surakshit Matritva Abhiyan,Yes,Yes,Low,41-60,2026-02-21 11:22:07
USR003292,Manipur,Imphal East,Women Empowerment & Child Welfare,Beti Bachao Beti Padhao,Yes,No,Middle,41-60,2025-09-22 17:32:53
USR003293,Jharkhand,Dhanbad,Education & Scholarships,National Overseas Scholarship,Yes,Yes,Middle,26-40,2026-02-14 08:38:35
USR003294,Bihar,Araria,Disability Support (Divyang Schemes),Indira Gandhi Disability Pension,No,No,High,26-40,2025-10-09 14:43:56
USR003295,Sikkim,North Sikkim,Agriculture & Allied Activities,Kisan Credit Card,Yes,No,Low,60+,2025-03-09 02:59:03
USR003296,Karnataka,Belgaum,Health & Public Health,Pradhan Mantri Surakshit Matritva Abhiyan,Yes,Yes,Middle,18-25,2026-01-02 21:52:06
USR003297,Uttar Pradesh,Varanasi,Agriculture & Allied Activities,Soil Health Card Scheme,No,No,Low,60+,2025-06-20 19:32:50
USR003298,Gujarat,Rajkot,SC/ST/OBC Welfare,National Fellowship SC,No,No,Low,60+,2025-05-27 07:46:20
USR003299,Rajasthan,Jaipur,SC/ST/OBC Welfare,PM DAKSH Scheme,Yes,Yes,High,41-60,2025-12-05 13:25:20
USR003300,Haryana,Faridabad,Disability Support (Divyang Schemes),Deendayal Disabled Rehabilitation Scheme,Yes,Yes,Middle,26-40,2025-11-20 22:13:00
USR003301,Himachal Pradesh,Solan,Disability Support (Divyang Schemes),Gharaunda Scheme,Yes,Yes,Middle,41-60,2025-05-17 22:14:34
USR003302,Himachal Pradesh,Kinnaur,Agriculture & Allied Activities,Soil Health Card Scheme,Yes,No,High,60+,2025-04-14 09:52:26
USR003303,Andhra Pradesh,Kadapa,Women Empowerment & Child Welfare,Mahila Samman Savings Certificate,Yes,Yes,High,60+,2025-04-04 03:07:01
USR003304,Punjab,Ferozepur,Disability Support (Divyang Schemes),Indira Gandhi Disability Pension,Yes,Yes,Low,41-60,2026-02-20 23:13:56
USR003305,Jharkhand,Ranchi,Disability Support (Divyang Schemes),Vidyasagar Scheme,Yes,No,Low,18-25,2025-10-29 02:56:20
USR003306,Rajasthan,Jaipur,Disability Support (Divyang Schemes),Vidyasagar Scheme,Yes,Yes,Low,41-60,2025-07-13 10:08:17
USR003307,Uttarakhand,Almora,Senior Citizen Welfare,Annapurna Scheme,No,No,Low,26-40,2025-09-27 06:35:23
USR003308,Tripura,West Tripura,Education & Scholarships,Pre Matric Scholarship OBC,No,No,High,41-60,2025-07-29 06:15:55
USR003309,Madhya Pradesh,Indore,Disability Support (Divyang Schemes),ADIP Scheme,No,No,Middle,41-60,2025-09-28 00:30:59
USR003310,Gujarat,Rajkot,SC/ST/OBC Welfare,National Fellowship OBC,No,No,Low,18-25,2025-11-17 15:02:02
USR003311,Odisha,Bhubaneswar,Women Empowerment & Child Welfare,Working Women Hostel Scheme,No,No,High,26-40,2025-05-03 00:38:12
USR003312,Rajasthan,Jodhpur,Senior Citizen Welfare,Varishtha Pension Bima Yojana,No,No,Low,60+,2025-04-08 03:21:26
USR003313,Manipur,Imphal West,Health & Public Health,Rashtriya Swasthya Bima Yojana,Yes,No,Low,18-25,2025-10-13 20:28:07
USR003314,Himachal Pradesh,Mandi,SC/ST/OBC Welfare,PM DAKSH Scheme,Yes,Yes,Middle,60+,2025-05-30 17:25:44
USR003315,Rajasthan,Udaipur,SC/ST/OBC Welfare,PM DAKSH Scheme,No,No,Middle,18-25,2025-07-23 20:55:51
USR003316,Bihar,Madhubani,Health & Public Health,National Health Mission,Yes,No,High,41-60,2026-01-16 08:46:41
USR003317,West Bengal,Murshidabad,Agriculture & Allied Activities,Pradhan Mantri Fasal Bima Yojana,Yes,Yes,High,26-40,2025-07-23 07:22:45
USR003318,Tripura,West Tripura,Senior Citizen Welfare,Atal Pension Yojana,Yes,No,High,60+,2025-10-06 13:05:09
USR003319,Bihar,West Champaran,Disability Support (Divyang Schemes),Gharaunda Scheme,No,No,Middle,26-40,2025-05-11 08:09:45
USR003320,Telangana,Warangal,Education & Scholarships,Top Class Education Scheme,Yes,Yes,Middle,60+,2025-03-07 17:36:09
USR003321,Mizoram,Kolasib,SC/ST/OBC Welfare,Free Coaching Scheme SC OBC,Yes,Yes,High,41-60,2025-09-10 13:33:56
USR003322,Gujarat,Junagadh,Education & Scholarships,Top Class Education Scheme,No,No,High,41-60,2025-11-07 15:24:06
USR003323,Maharashtra,Mumbai,Health & Public Health,Rashtriya Swasthya Bima Yojana,Yes,No,Low,26-40,2025-09-11 17:52:39
USR003324,Karnataka,Mangalore,Disability Support (Divyang Schemes),National Trust Niramaya,Yes,Yes,Low,60+,2026-02-09 11:41:11
USR003325,Meghalaya,Jaintia Hills,Education & Scholarships,Vidya Lakshmi Scheme,Yes,No,High,26-40,2025-11-06 11:41:54
USR003326,Chhattisgarh,Rajnandgaon,Women Empowerment & Child Welfare,Mahila Samman Savings Certificate,No,No,Middle,41-60,2025-04-12 23:57:21
USR003327,West Bengal,Kolkata,Agriculture & Allied Activities,Soil Health Card Scheme,Yes,Yes,Middle,41-60,2025-10-03 00:43:59
USR003328,Haryana,Ambala,SC/ST/OBC Welfare,Venture Capital Fund SC,No,No,Middle,18-25,2025-07-05 12:43:11
USR003329,Bihar,Araria,Disability Support (Divyang Schemes),Deendayal Disabled Rehabilitation Scheme,Yes,Yes,Middle,18-25,2025-07-04 03:11:57
USR003330,Chhattisgarh,Raipur,Senior Citizen Welfare,Varishtha Pension Bima Yojana,No,No,Middle,60+,2025-12-04 10:17:09
USR003331,Himachal Pradesh,Kangra,Health & Public Health,TB Elimination Programme,No,No,Low,18-25,2025-07-27 03:19:28
USR003332,Madhya Pradesh,Indore,Agriculture & Allied Activities,PM-KISAN,Yes,No,Middle,41-60,2026-01-01 08:37:37
USR003333,Andhra Pradesh,Nellore,SC/ST/OBC Welfare,National Fellowship SC,No,No,Low,18-25,2025-08-30 16:39:54
USR003334,Kerala,Thrissur,Senior Citizen Welfare,Elderline Helpline,Yes,Yes,Middle,60+,2025-07-14 07:22:26
USR003335,Nagaland,Kohima,Agriculture & Allied Activities,National Horticulture Mission,No,No,Low,18-25,2025-10-30 03:13:52
USR003336,Uttar Pradesh,Banaras,Health & Public Health,Mission Indradhanush,Yes,Yes,Middle,60+,2026-01-24 08:56:41
USR003337,Manipur,Imphal West,Health & Public Health,National Digital Health Mission,Yes,No,High,26-40,2025-03-10 08:39:06
USR003338,Karnataka,Mysore,Agriculture & Allied Activities,Pradhan Mantri Fasal Bima Yojana,Yes,Yes,Middle,41-60,2025-09-22 00:42:49
USR003339,Himachal Pradesh,Shimla,Senior Citizen Welfare,Integrated Programme for Older Persons,Yes,No,Low,60+,2025-03-29 15:13:39
USR003340,West Bengal,Darjeeling,Health & Public Health,Janani Suraksha Yojana,Yes,Yes,Middle,18-25,2026-01-13 02:59:46
USR003341,Punjab,Ferozepur,SC/ST/OBC Welfare,Free Coaching Scheme SC OBC,Yes,Yes,High,60+,2025-06-27 08:51:48
USR003342,Tamil Nadu,Madurai,Senior Citizen Welfare,PM Vaya Vandana Yojana,No,No,High,60+,2025-07-03 00:39:50
USR003343,Jharkhand,Giridih,Disability Support (Divyang Schemes),National Trust Niramaya,Yes,Yes,High,26-40,2025-08-11 10:13:04
USR003344,Madhya Pradesh,Ujjain,Disability Support (Divyang Schemes),Sahyogi Scheme,Yes,Yes,Middle,41-60,2025-10-03 03:07:10
USR003345,Manipur,Ukhrul,Health & Public Health,Ayushman Bharat PM-JAY,No,No,High,60+,2025-09-28 15:59:39
USR003346,Rajasthan,Barmer,Agriculture & Allied Activities,PM Kisan Maan Dhan Yojana,No,No,Low,18-25,2026-01-17 08:56:53
USR003347,Uttar Pradesh,Varanasi,Health & Public Health,Mission Indradhanush,No,No,Middle,26-40,2025-07-11 20:59:56
USR003348,Kerala,Ernakulathappan,SC/ST/OBC Welfare,Pre Matric Scholarship SC,No,No,High,60+,2025-08-17 19:33:40
USR003349,Telangana,Medchal,Education & Scholarships,Top Class Education Scheme,Yes,Yes,Middle,41-60,2025-10-30 13:20:36
USR003350,Manipur,Bishnupur,SC/ST/OBC Welfare,Venture Capital Fund SC,No,No,Low,60+,2025-07-03 16:53:28
USR003351,Meghalaya,West Garo Hills,Health & Public Health,Janani Suraksha Yojana,Yes,Yes,Low,18-25,2026-02-09 17:22:22
USR003352,Manipur,Senapati,Women Empowerment & Child Welfare,Beti Bachao Beti Padhao,Yes,Yes,Middle,60+,2025-04-12 16:11:02
USR003353,West Bengal,Darjeeling,SC/ST/OBC Welfare,Pre Matric Scholarship SC,Yes,No,Low,18-25,2026-02-11 10:07:15
USR003354,Chhattisgarh,Rajnandgaon,Disability Support (Divyang Schemes),Unique Disability ID UDID,No,No,High,18-25,2025-06-19 12:46:29
USR003355,Jharkhand,Giridih,Health & Public Health,eSanjeevani Telemedicine,No,No,Low,26-40,2025-12-10 12:47:29
USR003356,Tamil Nadu,Salem,Disability Support (Divyang Schemes),Accessible India Campaign,Yes,No,Low,60+,2025-03-29 15:34:05
USR003357,Rajasthan,Bikaner,Disability Support (Divyang Schemes),Samarth Scheme,Yes,No,Low,26-40,2025-05-19 20:06:01
USR003358,Gujarat,Surat,Senior Citizen Welfare,Senior Citizen Savings Scheme,Yes,No,Low,18-25,2025-04-30 06:34:08
USR003359,Kerala,Kozhikode,Agriculture & Allied Activities,PM-KISAN,Yes,Yes,High,18-25,2025-05-19 01:47:09
USR003360,Tamil Nadu,Kancheepuram,Women Empowerment & Child Welfare,Mahila Shakti Kendra,No,No,High,18-25,2025-05-03 14:46:42
USR003361,Bihar,Patna,Disability Support (Divyang Schemes),Sahyogi Scheme,Yes,No,Low,26-40,2025-03-26 07:51:20
USR003362,Andhra Pradesh,Nellore,Disability Support (Divyang Schemes),Deendayal Disabled Rehabilitation Scheme,Yes,Yes,Middle,41-60,2025-04-09 02:59:54
USR003363,Mizoram,Champhai,Education & Scholarships,SHREYAS Scheme,Yes,Yes,Middle,26-40,2025-10-15 07:34:14
USR003364,Gujarat,Junagadh,Senior Citizen Welfare,Rashtriya Vayoshri Yojana,No,No,Middle,26-40,2025-05-19 16:29:14
USR003365,Manipur,Imphal West,Senior Citizen Welfare,Rashtriya Vayoshri Yojana,Yes,Yes,High,18-25,2025-12-09 01:13:29
USR003366,Odisha,Balasore,SC/ST/OBC Welfare,PM DAKSH Scheme,Yes,Yes,Middle,26-40,2025-08-27 18:21:52
USR003367,Tamil Nadu,Madurai,Disability Support (Divyang Schemes),Indira Gandhi Disability Pension,No,No,Middle,26-40,2025-05-05 03:30:53
USR003368,Uttar Pradesh,Meerut,Agriculture & Allied Activities,Paramparagat Krishi Vikas Yojana,No,No,Low,41-60,2025-08-01 16:09:04
USR003369,Telangana,Warangal,Education & Scholarships,National Means Cum Merit Scholarship,No,No,Low,26-40,2026-01-16 17:41:45
USR003370,Tamil Nadu,Coimbatore,Health & Public Health,Pradhan Mantri Jan Aushadhi Yojana,No,No,Middle,41-60,2025-03-14 17:33:40
USR003371,Kerala,Thrissur,Health & Public Health,TB Elimination Programme,Yes,No,Low,60+,2025-04-29 08:57:55
USR003372,Tamil Nadu,Salem,Women Empowerment & Child Welfare,STEP Scheme,No,No,High,41-60,2025-08-02 14:14:35
USR003373,Odisha,Bargarh,SC/ST/OBC Welfare,National Fellowship SC,Yes,No,High,18-25,2025-08-26 15:12:18
USR003374,Uttar Pradesh,Banaras,Health & Public Health,eSanjeevani Telemedicine,Yes,Yes,High,60+,2025-03-24 09:51:07
USR003375,Assam,Nagaon,Education & Scholarships,Central Sector Scholarship Scheme,Yes,Yes,High,41-60,2025-11-15 07:53:43
USR003376,Kerala,Thrissur,Disability Support (Divyang Schemes),ADIP Scheme,No,No,Low,41-60,2025-03-13 16:10:11
USR003377,Gujarat,Junagadh,SC/ST/OBC Welfare,NSFDC Loan Schemes,No,No,Middle,18-25,2025-08-03 21:05:28
USR003378,Karnataka,Bangalore,Disability Support (Divyang Schemes),National Trust Niramaya,Yes,No,Low,26-40,2025-03-05 13:13:00
USR003379,Uttar Pradesh,Varanasi,Education & Scholarships,Top Class Education Scheme,Yes,Yes,High,41-60,2025-09-07 14:59:31
USR003380,Maharashtra,Aurangabad,Health & Public Health,Pradhan Mantri Jan Aushadhi Yojana,Yes,No,Low,18-25,2025-04-29 13:52:45
USR003381,Rajasthan,Barmer,Agriculture & Allied Activities,National Horticulture Mission,No,No,Middle,18-25,2025-09-25 18:31:11
USR003382,Tamil Nadu,Salem,Disability Support (Divyang Schemes),Gharaunda Scheme,No,No,Middle,41-60,2025-05-19 09:06:22
USR003383,Nagaland,Zunheboto,Agriculture & Allied Activities,PM-KISAN,Yes,Yes,Low,18-25,2025-06-17 11:25:01
USR003384,Sikkim,West Sikkim,Women Empowerment & Child Welfare,Working Women Hostel Scheme,No,No,Low,60+,2025-03-29 22:33:14
USR003385,Haryana,Ambala,Agriculture & Allied Activities,Agriculture Infrastructure Fund,Yes,Yes,High,41-60,2026-02-11 01:54:30
USR003386,Mizoram,Champhai,Health & Public Health,Pradhan Mantri Surakshit Matritva Abhiyan,Yes,Yes,Low,60+,2025-10-09 09:49:48
USR003387,Andhra Pradesh,Chittoor,SC/ST/OBC Welfare,Free Coaching Scheme SC OBC,Yes,Yes,Middle,26-40,2025-08-15 22:29:12
USR003388,Maharashtra,Nashik,Agriculture & Allied Activities,National Horticulture Mission,No,No,High,26-40,2025-03-16 20:49:36
USR003389,Madhya Pradesh,Ujjain,Health & Public Health,National Digital Health Mission,Yes,Yes,Low,18-25,2026-02-19 03:06:54
USR003390,Kerala,Kottayam,Education & Scholarships,Pre Matric Scholarship OBC,Yes,Yes,Low,26-40,2025-11-24 06:16:48
USR003391,Sikkim,East Sikkim,Disability Support (Divyang Schemes),National Trust Niramaya,No,No,Middle,18-25,2025-10-14 05:14:08
USR003392,Odisha,Bargarh,Health & Public Health,Rashtriya Swasthya Bima Yojana,No,No,Low,18-25,2025-10-04 08:58:39
USR003393,Haryana,Karnal,Women Empowerment & Child Welfare,Beti Bachao Beti Padhao,Yes,Yes,Low,26-40,2026-02-12 10:27:26
USR003394,Chhattisgarh,Durg,Education & Scholarships,Central Sector Scholarship Scheme,No,No,High,18-25,2025-05-07 15:48:13
USR003395,Karnataka,Belgaum,Agriculture & Allied Activities,PM Kisan Maan Dhan Yojana,Yes,Yes,High,60+,2025-05-29 15:16:27
USR003396,Rajasthan,Jodhpur,Disability Support (Divyang Schemes),National Trust Niramaya,Yes,No,High,60+,2025-03-19 14:47:39
USR003397,Kerala,Kozhikode,Education & Scholarships,Pre Matric Scholarship OBC,No,No,Middle,60+,2025-12-14 19:19:18
USR003398,Mizoram,Saiha,Disability Support (Divyang Schemes),ADIP Scheme,Yes,Yes,Middle,41-60,2025-04-20 13:54:58
USR003399,Bihar,Patna,Senior Citizen Welfare,Indira Gandhi National Old Age Pension,Yes,Yes,High,18-25,2025-08-03 07:11:52
USR003400,Andhra Pradesh,Chittoor,Health & Public Health,TB Elimination Programme,No,No,Low,60+,2025-09-20 12:54:55
USR003401,West Bengal,Jalpaiguri,Health & Public Health,National Health Mission,No,No,Low,18-25,2026-02-24 15:43:55
USR003402,Sikkim,North Sikkim,Health & Public Health,eSanjeevani Telemedicine,Yes,No,High,41-60,2025-07-04 06:28:49
USR003403,Jharkhand,Godda,Education & Scholarships,National Overseas Scholarship,Yes,No,Low,26-40,2025-07-07 08:41:42
USR003404,Meghalaya,Cima,Agriculture & Allied Activities,National Horticulture Mission,No,No,Low,18-25,2025-11-12 09:40:40
USR003405,Tamil Nadu,Kancheepuram,Women Empowerment & Child Welfare,Mahila Samman Savings Certificate,Yes,No,High,26-40,2025-08-06 09:44:00
USR003406,Assam,Morigaon,Agriculture & Allied Activities,PM-KISAN,Yes,Yes,High,26-40,2025-09-29 23:24:48
USR003407,Haryana,Rohtak,Health & Public Health,Ayushman Bharat PM-JAY,No,No,Low,26-40,2025-04-23 12:38:09
USR003408,Tamil Nadu,Kancheepuram,SC/ST/OBC Welfare,Pre Matric Scholarship SC,No,No,Low,60+,2025-12-16 07:01:21
USR003409,Manipur,Imphal East,SC/ST/OBC Welfare,PM DAKSH Scheme,No,No,Middle,26-40,2025-11-11 21:19:29
USR003410,Mizoram,Kolasib,Agriculture & Allied Activities,e-NAM,Yes,Yes,Low,26-40,2025-09-28 22:09:21
USR003411,Punjab,Amritsar,SC/ST/OBC Welfare,Post Matric Scholarship OBC,Yes,Yes,High,41-60,2025-12-12 13:28:16
USR003412,Telangana,Medchal,Education & Scholarships,Post Matric Scholarship SC,Yes,Yes,High,18-25,2025-09-13 05:40:26
USR003413,Andhra Pradesh,Kadapa,Education & Scholarships,Vidya Lakshmi Scheme,Yes,Yes,High,18-25,2025-03-18 03:05:56
USR003414,Tripura,Khowai,Agriculture & Allied Activities,PM Kisan Maan Dhan Yojana,Yes,Yes,Low,41-60,2026-02-02 17:58:48
USR003415,Assam,Sonitpur,Health & Public Health,Mission Indradhanush,No,No,High,41-60,2025-05-10 18:17:20
USR003416,Telangana,Nalgonda,Disability Support (Divyang Schemes),ADIP Scheme,Yes,Yes,Low,41-60,2025-09-17 06:13:16
USR003417,Sikkim,East Sikkim,Agriculture & Allied Activities,Agriculture Infrastructure Fund,Yes,No,Low,60+,2025-06-12 11:08:16
USR003418,Kerala,Kottayam,SC/ST/OBC Welfare,NSFDC Loan Schemes,No,No,High,26-40,2025-09-20 12:40:12
USR003419,Manipur,Senapati,Agriculture & Allied Activities,Paramparagat Krishi Vikas Yojana,Yes,No,High,18-25,2025-11-12 02:37:48
USR003420,Karnataka,Tumkur,Education & Scholarships,Mid Day Meal Scheme,Yes,No,Low,26-40,2025-09-20 18:15:16
USR003421,Nagaland,Dimapur,Health & Public Health,National Health Mission,Yes,No,High,60+,2025-08-11 01:33:05
USR003422,Odisha,Sambalpur,Disability Support (Divyang Schemes),Gharaunda Scheme,Yes,Yes,High,18-25,2025-04-29 02:07:24
USR003423,Karnataka,Tumkur,Senior Citizen Welfare,Integrated Programme for Older Persons,Yes,Yes,Middle,60+,2025-09-22 20:08:03
USR003424,Tamil Nadu,Madurai,Disability Support (Divyang Schemes),Indira Gandhi Disability Pension,Yes,Yes,Middle,41-60,2025-09-24 12:05:50
USR003425,Tamil Nadu,Madurai,Education & Scholarships,SHREYAS Scheme,Yes,Yes,Middle,41-60,2026-02-21 13:09:32
USR003426,Kerala,Kozhikode,SC/ST/OBC Welfare,PM DAKSH Scheme,Yes,No,Low,18-25,2025-10-14 16:21:41
USR003427,Kerala,Ernakulathappan,Disability Support (Divyang Schemes),Deendayal Disabled Rehabilitation Scheme,No,No,High,60+,2025-06-12 15:40:22
USR003428,Kerala,Kannur,Women Empowerment & Child Welfare,One Stop Centre Scheme,Yes,Yes,Middle,26-40,2025-08-03 00:20:20
USR003429,Nagaland,Dimapur,Women Empowerment & Child Welfare,STEP Scheme,Yes,Yes,Middle,41-60,2025-07-07 10:32:56
USR003430,Haryana,Hisar,Health & Public Health,National Digital Health Mission,Yes,Yes,High,41-60,2026-01-20 16:52:23
USR003431,Telangana,Rangareddy,Women Empowerment & Child Welfare,Mahila Shakti Kendra,Yes,Yes,High,41-60,2025-06-19 02:09:50
USR003432,Uttarakhand,Bageshwar,Agriculture & Allied Activities,National Horticulture Mission,Yes,Yes,High,60+,2026-02-12 13:56:52
USR003433,West Bengal,Murshidabad,Women Empowerment & Child Welfare,Pradhan Mantri Matru Vandana Yojana,Yes,Yes,High,60+,2025-03-12 17:52:29
USR003434,Uttarakhand,Bageshwar,Disability Support (Divyang Schemes),National Trust Niramaya,Yes,No,Low,41-60,2025-07-16 12:08:49
USR003435,Telangana,Nalgonda,Senior Citizen Welfare,Varishtha Pension Bima Yojana,No,No,Low,18-25,2025-06-04 00:40:12
USR003436,Jharkhand,Deoghar,Disability Support (Divyang Schemes),Unique Disability ID UDID,Yes,No,Low,41-60,2026-01-28 19:33:09
USR003437,Kerala,Thrissur,Health & Public Health,Pradhan Mantri Surakshit Matritva Abhiyan,No,No,High,18-25,2026-01-04 13:17:43
USR003438,Andhra Pradesh,Visakhapatnam,Health & Public Health,Rashtriya Swasthya Bima Yojana,No,No,High,60+,2026-02-16 05:26:57
USR003439,Mizoram,Saiha,Senior Citizen Welfare,Elderline Helpline,Yes,Yes,Middle,41-60,2025-10-24 17:32:19
USR003440,West Bengal,Kolkata,Agriculture & Allied Activities,Paramparagat Krishi Vikas Yojana,No,No,Low,41-60,2025-06-14 17:27:10
USR003441,Mizoram,Kolasib,Agriculture & Allied Activities,Paramparagat Krishi Vikas Yojana,No,No,High,60+,2025-07-29 00:43:08
USR003442,Nagaland,Tuensang,Agriculture & Allied Activities,Pradhan Mantri Fasal Bima Yojana,No,No,High,26-40,2025-08-17 01:16:28
USR003443,Andhra Pradesh,Visakhapatnam,Health & Public Health,Pradhan Mantri Surakshit Matritva Abhiyan,Yes,No,Low,60+,2026-02-11 03:55:00
USR003444,Kerala,Thrissur,Senior Citizen Welfare,Atal Pension Yojana,No,No,Low,60+,2025-09-16 06:26:23
USR003445,Tamil Nadu,Tiruppur,Education & Scholarships,Mid Day Meal Scheme,Yes,No,Low,26-40,2025-12-16 23:35:12
USR003446,Sikkim,West Sikkim,Women Empowerment & Child Welfare,STEP Scheme,Yes,Yes,High,26-40,2025-10-09 13:00:21
USR003447,Karnataka,Bangalore,Women Empowerment & Child Welfare,Beti Bachao Beti Padhao,Yes,Yes,Middle,60+,2025-07-08 12:05:58
USR003448,Odisha,Sambalpur,Health & Public Health,National Digital Health Mission,Yes,No,High,60+,2025-03-27 21:34:58
USR003449,Mizoram,Aizawl,Women Empowerment & Child Welfare,Ujjawala Scheme,Yes,No,High,41-60,2025-12-04 00:35:40
USR003450,Rajasthan,Jaipur,Senior Citizen Welfare,Rashtriya Vayoshri Yojana,No,No,High,26-40,2025-05-22 03:33:55
USR003451,Karnataka,Mangalore,Education & Scholarships,Pre Matric Scholarship OBC,Yes,No,Low,18-25,2025-04-15 08:44:58
USR003452,Chhattisgarh,Raipur,Women Empowerment & Child Welfare,Mahila Shakti Kendra,Yes,No,High,26-40,2025-09-17 17:57:42
USR003453,Nagaland,Wokha,Senior Citizen Welfare,Elderline Helpline,Yes,No,High,26-40,2025-09-29 01:44:33
USR003454,Chhattisgarh,Janjgir-Champa,Health & Public Health,Janani Suraksha Yojana,Yes,Yes,Middle,41-60,2025-05-05 18:57:43
USR003455,Sikkim,West Sikkim,Health & Public Health,National Digital Health Mission,Yes,Yes,Low,26-40,2025-03-10 04:30:26
USR003456,Rajasthan,Udaipur,Disability Support (Divyang Schemes),Vidyasagar Scheme,Yes,Yes,High,26-40,2026-01-29 08:25:40
USR003457,West Bengal,Howrah,Agriculture & Allied Activities,PM-KISAN,No,No,High,60+,2025-09-14 23:46:35
USR003458,Bihar,East Champaran,SC/ST/OBC Welfare,National Fellowship SC,No,No,Middle,18-25,2025-09-11 13:10:55
USR003459,Rajasthan,Barmer,Health & Public Health,Janani Suraksha Yojana,Yes,Yes,Middle,18-25,2026-01-26 19:29:41
USR003460,Himachal Pradesh,Kinnaur,Education & Scholarships,SHREYAS Scheme,Yes,No,Middle,26-40,2026-01-09 04:28:50
USR003461,Madhya Pradesh,Jabalpur,Agriculture & Allied Activities,PM-KISAN,Yes,Yes,High,26-40,2025-11-17 09:03:47
USR003462,Karnataka,Belgaum,Health & Public Health,National Digital Health Mission,Yes,Yes,Middle,26-40,2025-06-30 14:22:39
USR003463,Maharashtra,Aurangabad,Agriculture & Allied Activities,Soil Health Card Scheme,No,No,Middle,18-25,2025-08-06 11:39:49
USR003464,Tamil Nadu,Coimbatore,Senior Citizen Welfare,Annapurna Scheme,Yes,No,Middle,60+,2025-03-16 15:32:20
USR003465,Haryana,Rohtak,Health & Public Health,Mission Indradhanush,Yes,Yes,Low,26-40,2025-11-10 09:11:51
USR003466,Gujarat,Surat,SC/ST/OBC Welfare,Pre Matric Scholarship SC,No,No,Middle,18-25,2025-07-21 15:29:12
USR003467,Tripura,Khowai,Disability Support (Divyang Schemes),Deendayal Disabled Rehabilitation Scheme,No,No,Middle,18-25,2025-10-30 11:26:35
USR003468,West Bengal,Kolkata,Women Empowerment & Child Welfare,Ujjawala Scheme,No,No,High,18-25,2025-05-16 13:06:59
USR003469,Meghalaya,East Garo Hills,Health & Public Health,Rashtriya Swasthya Bima Yojana,No,No,Low,26-40,2025-06-14 10:13:55
USR003470,Rajasthan,Udaipur,Women Empowerment & Child Welfare,POSHAN Abhiyaan,No,No,Low,60+,2025-06-20 10:18:28
USR003471,Chhattisgarh,Raipur,Senior Citizen Welfare,Rashtriya Vayoshri Yojana,No,No,Low,41-60,2025-10-02 05:09:24
USR003472,Madhya Pradesh,Ujjain,Disability Support (Divyang Schemes),Accessible India Campaign,Yes,No,Low,26-40,2025-07-16 06:35:40
USR003473,Kerala,Ernakulathappan,Agriculture & Allied Activities,PM Krishi Sinchai Yojana,Yes,Yes,Middle,26-40,2025-09-07 17:59:18
USR003474,Uttarakhand,Dehradun,Health & Public Health,National Health Mission,No,No,Middle,60+,2026-01-29 03:25:51
USR003475,Sikkim,North Sikkim,SC/ST/OBC Welfare,Free Coaching Scheme SC OBC,No,No,High,60+,2025-12-26 07:08:03
USR003476,Andhra Pradesh,Guntur,Disability Support (Divyang Schemes),Samarth Scheme,Yes,No,High,18-25,2026-01-21 22:11:25
USR003477,Uttarakhand,Pithoragarh,Senior Citizen Welfare,Senior Citizen Savings Scheme,Yes,No,Low,18-25,2026-01-30 22:09:34
USR003478,Telangana,Warangal,Senior Citizen Welfare,Elderline Helpline,No,No,Low,18-25,2025-07-15 09:41:05
USR003479,Uttar Pradesh,Banaras,Women Empowerment & Child Welfare,Mahila Samman Savings Certificate,No,No,High,26-40,2025-06-04 03:20:05
USR003480,Uttar Pradesh,Lucknow,SC/ST/OBC Welfare,Post Matric Scholarship OBC,Yes,Yes,Low,18-25,2025-09-10 21:14:19
USR003481,Sikkim,North Sikkim,Women Empowerment & Child Welfare,Mahila Shakti Kendra,No,No,Middle,60+,2025-04-20 14:48:33
USR003482,Manipur,Imphal East,Women Empowerment & Child Welfare,POSHAN Abhiyaan,Yes,Yes,High,18-25,2025-10-23 13:32:57
USR003483,Rajasthan,Jodhpur,Women Empowerment & Child Welfare,STEP Scheme,No,No,Low,41-60,2026-01-29 10:57:08
USR003484,Tamil Nadu,Salem,Education & Scholarships,Vidya Lakshmi Scheme,No,No,High,60+,2025-05-15 21:47:04
USR003485,Jharkhand,Ranchi,SC/ST/OBC Welfare,NSFDC Loan Schemes,Yes,Yes,Middle,60+,2025-06-13 14:51:12
USR003486,West Bengal,Birbhum,Disability Support (Divyang Schemes),Vidyasagar Scheme,No,No,High,18-25,2025-04-17 21:45:05
USR003487,Karnataka,Bangalore,Disability Support (Divyang Schemes),Sahyogi Scheme,No,No,Low,60+,2025-08-14 11:48:13
USR003488,Madhya Pradesh,Jabalpur,Education & Scholarships,PM Research Fellowship,Yes,No,High,41-60,2026-02-02 15:15:51
USR003489,Assam,Sonitpur,Women Empowerment & Child Welfare,Mahila Shakti Kendra,Yes,No,Middle,41-60,2025-07-16 10:29:47
USR003490,Punjab,Ludhiana,Women Empowerment & Child Welfare,STEP Scheme,No,No,High,18-25,2025-08-30 21:27:00
USR003491,Assam,Cachar,Senior Citizen Welfare,National Social Assistance Programme,Yes,Yes,Low,18-25,2025-08-03 09:44:59
USR003492,Meghalaya,West Khasi Hills,Senior Citizen Welfare,Senior Citizen Savings Scheme,No,No,Low,18-25,2025-10-26 06:13:58
USR003493,Madhya Pradesh,Gwalior,Senior Citizen Welfare,Varishtha Pension Bima Yojana,No,No,Middle,41-60,2025-10-29 06:26:19
USR003494,Rajasthan,Udaipur,Health & Public Health,TB Elimination Programme,Yes,Yes,High,60+,2026-01-01 17:41:29
USR003495,Uttar Pradesh,Lucknow,Health & Public Health,Pradhan Mantri Surakshit Matritva Abhiyan,Yes,Yes,High,60+,2025-03-28 08:17:00
USR003496,Sikkim,South Sikkim,Education & Scholarships,PM Research Fellowship,No,No,Low,26-40,2025-03-22 13:33:04
USR003497,Kerala,Kottayam,Health & Public Health,National Digital Health Mission,No,No,High,26-40,2025-04-15 12:03:21
USR003498,Maharashtra,Nashik,Health & Public Health,National Health Mission,Yes,Yes,High,26-40,2025-05-08 04:58:28
USR003499,Andhra Pradesh,Nellore,Women Empowerment & Child Welfare,Mahila Samman Savings Certificate,Yes,Yes,Low,26-40,2025-10-13 08:03:04
USR003500,Andhra Pradesh,Chittoor,Health & Public Health,TB Elimination Programme,Yes,Yes,High,41-60,2025-07-13 20:58:46
USR003501,Himachal Pradesh,Mandi,Disability Support (Divyang Schemes),Sahyogi Scheme,No,No,Low,41-60,2026-01-27 19:08:20
USR003502,Uttar Pradesh,Meerut,SC/ST/OBC Welfare,Pre Matric Scholarship SC,No,No,Middle,18-25,2025-06-28 10:46:36
USR003503,Tamil Nadu,Tiruppur,Women Empowerment & Child Welfare,One Stop Centre Scheme,No,No,High,18-25,2025-10-03 11:10:11
USR003504,Madhya Pradesh,Bhopal,Health & Public Health,Ayushman Bharat PM-JAY,No,No,Low,41-60,2025-11-05 22:26:04
USR003505,Haryana,Rohtak,Health & Public Health,TB Elimination Programme,Yes,Yes,Middle,41-60,2025-10-02 15:46:24
USR003506,Sikkim,North Sikkim,Disability Support (Divyang Schemes),Unique Disability ID UDID,Yes,Yes,Low,18-25,2025-10-24 18:19:10
USR003507,Tamil Nadu,Coimbatore,SC/ST/OBC Welfare,Free Coaching Scheme SC OBC,No,No,High,60+,2025-12-06 07:03:10
USR003508,Bihar,West Champaran,Health & Public Health,TB Elimination Programme,Yes,Yes,Low,41-60,2026-02-27 04:03:09
USR003509,Bihar,West Champaran,SC/ST/OBC Welfare,National Fellowship OBC,Yes,Yes,High,60+,2026-02-04 16:42:06
USR003510,Haryana,Gurgaon,SC/ST/OBC Welfare,Free Coaching Scheme SC OBC,No,No,High,60+,2025-11-22 15:26:58
USR003511,Odisha,Bargarh,Agriculture & Allied Activities,Pradhan Mantri Fasal Bima Yojana,Yes,Yes,Middle,18-25,2026-02-16 04:40:25
USR003512,Chhattisgarh,Bastar,Senior Citizen Welfare,Varishtha Pension Bima Yojana,No,No,Low,60+,2025-03-14 16:44:05
USR003513,Tamil Nadu,Chennai,Health & Public Health,National Digital Health Mission,No,No,Middle,18-25,2025-03-23 07:53:14
USR003514,West Bengal,Kolkata,Women Empowerment & Child Welfare,Anganwadi Services ICDS,No,No,Middle,18-25,2025-03-23 17:54:37
USR003515,Odisha,Bhubaneswar,Disability Support (Divyang Schemes),Sahyogi Scheme,Yes,Yes,Low,41-60,2025-06-26 15:22:43
USR003516,Nagaland,Peren,Health & Public Health,National Health Mission,No,No,Middle,18-25,2026-01-04 06:39:40
USR003517,West Bengal,Kolkata,Agriculture & Allied Activities,National Horticulture Mission,No,No,High,41-60,2025-09-07 20:56:50
USR003518,Gujarat,Ahmedabad,Disability Support (Divyang Schemes),Vidyasagar Scheme,Yes,No,Low,18-25,2025-12-31 22:59:20
USR003519,Chhattisgarh,Raipur,Agriculture & Allied Activities,Kisan Credit Card,Yes,Yes,Middle,60+,2026-01-14 22:46:48
USR003520,Meghalaya,East Khasi Hills,Disability Support (Divyang Schemes),Deendayal Disabled Rehabilitation Scheme,Yes,Yes,High,41-60,2025-11-08 22:40:20
USR003521,West Bengal,Kolkata,Senior Citizen Welfare,National Social Assistance Programme,Yes,No,Middle,60+,2025-06-16 21:16:49
USR003522,Manipur,Ukhrul,Disability Support (Divyang Schemes),National Trust Niramaya,Yes,No,High,60+,2026-01-17 19:36:15
USR003523,Sikkim,East Sikkim,Education & Scholarships,National Overseas Scholarship,No,No,High,26-40,2025-06-13 04:11:01
USR003524,Sikkim,West Sikkim,Education & Scholarships,PM Research Fellowship,Yes,Yes,Low,18-25,2025-04-10 20:24:25
USR003525,Bihar,Muzaffarpur,Disability Support (Divyang Schemes),Sahyogi Scheme,Yes,Yes,High,60+,2026-01-27 09:41:59
USR003526,Tamil Nadu,Madurai,Disability Support (Divyang Schemes),Deendayal Disabled Rehabilitation Scheme,Yes,No,Middle,26-40,2026-02-16 12:18:43
USR003527,Rajasthan,Bikaner,Women Empowerment & Child Welfare,Ujjawala Scheme,No,No,Middle,26-40,2025-06-05 18:31:42
USR003528,Tamil Nadu,Coimbatore,Senior Citizen Welfare,Senior Citizen Savings Scheme,Yes,No,Middle,41-60,2026-02-15 12:35:52
USR003529,Gujarat,Rajkot,Health & Public Health,Janani Suraksha Yojana,No,No,Middle,18-25,2025-09-30 08:29:56
USR003530,Jharkhand,Giridih,Senior Citizen Welfare,Integrated Programme for Older Persons,No,No,Middle,41-60,2025-08-30 13:52:17
USR003531,Telangana,Warangal,Education & Scholarships,Top Class Education Scheme,Yes,Yes,Low,26-40,2026-01-20 02:33:13
USR003532,West Bengal,Murshidabad,Women Empowerment & Child Welfare,Working Women Hostel Scheme,Yes,No,High,18-25,2025-10-04 06:44:00
USR003533,Punjab,Amritsar,Women Empowerment & Child Welfare,Ujjawala Scheme,Yes,No,Middle,60+,2025-04-16 11:30:36
USR003534,Karnataka,Belgaum,Health & Public Health,National Digital Health Mission,No,No,High,41-60,2026-02-25 07:58:42
USR003535,Odisha,Balasore,Agriculture & Allied Activities,National Horticulture Mission,No,No,High,18-25,2025-09-07 04:05:37
USR003536,Uttar Pradesh,Lucknow,Health & Public Health,TB Elimination Programme,No,No,Low,41-60,2025-05-23 10:15:08
USR003537,Sikkim,East Sikkim,SC/ST/OBC Welfare,Free Coaching Scheme SC OBC,Yes,No,High,60+,2025-08-06 00:08:44
USR003538,Uttar Pradesh,Agra,Agriculture & Allied Activities,e-NAM,No,No,Low,26-40,2025-04-09 09:44:59
USR003539,West Bengal,Darjeeling,Agriculture & Allied Activities,Paramparagat Krishi Vikas Yojana,No,No,Middle,60+,2025-10-04 14:29:01
USR003540,Haryana,Ambala,Disability Support (Divyang Schemes),Vidyasagar Scheme,No,No,High,60+,2026-02-23 06:51:37
USR003541,Jharkhand,Dhanbad,Health & Public Health,National Digital Health Mission,Yes,Yes,High,18-25,2025-08-19 20:45:05
USR003542,Andhra Pradesh,Guntur,Senior Citizen Welfare,National Social Assistance Programme,No,No,High,60+,2025-05-02 02:47:45
USR003543,Chhattisgarh,Durg,Disability Support (Divyang Schemes),ADIP Scheme,Yes,No,Low,18-25,2025-10-17 17:28:01
USR003544,Tripura,Dhalai,Senior Citizen Welfare,National Social Assistance Programme,Yes,No,Middle,41-60,2025-09-03 19:42:53
USR003545,Himachal Pradesh,Solan,Education & Scholarships,PM Research Fellowship,Yes,Yes,Middle,60+,2025-09-23 03:53:10
USR003546,Kerala,Thrissur,Education & Scholarships,Top Class Education Scheme,Yes,No,Low,41-60,2025-03-19 19:27:54
USR003547,Nagaland,Tuensang,Education & Scholarships,SHREYAS Scheme,No,No,Middle,41-60,2025-10-11 16:42:53
USR003548,Maharashtra,Nagpur,Agriculture & Allied Activities,Agriculture Infrastructure Fund,No,No,Middle,18-25,2025-03-08 00:31:54
USR003549,Himachal Pradesh,Kangra,Senior Citizen Welfare,Varishtha Pension Bima Yojana,Yes,Yes,Middle,18-25,2025-11-04 17:42:25
USR003550,Mizoram,Champhai,SC/ST/OBC Welfare,Venture Capital Fund SC,No,No,High,41-60,2025-07-10 19:09:08
USR003551,Uttar Pradesh,Kanpur,Agriculture & Allied Activities,National Horticulture Mission,Yes,Yes,Low,60+,2025-08-23 21:36:48
USR003552,Manipur,Senapati,Agriculture & Allied Activities,PM-KISAN,Yes,Yes,Middle,60+,2025-06-23 13:45:58
USR003553,Maharashtra,Nagpur,Agriculture & Allied Activities,Agriculture Infrastructure Fund,No,No,Low,18-25,2025-06-30 07:09:32
USR003554,Nagaland,Kohima,Health & Public Health,TB Elimination Programme,Yes,No,Low,60+,2025-10-12 01:34:41
USR003555,Sikkim,South Sikkim,SC/ST/OBC Welfare,Free Coaching Scheme SC OBC,Yes,No,High,60+,2026-01-14 05:44:24
USR003556,Jharkhand,Dhanbad,SC/ST/OBC Welfare,Top Class Education SC,Yes,No,Middle,41-60,2026-01-25 16:31:56
USR003557,Uttar Pradesh,Kanpur,Education & Scholarships,Vidya Lakshmi Scheme,Yes,Yes,High,41-60,2025-12-30 14:13:18
USR003558,Odisha,Cuttack,Disability Support (Divyang Schemes),Deendayal Disabled Rehabilitation Scheme,Yes,No,High,60+,2025-07-17 07:12:26
USR003559,Gujarat,Rajkot,Women Empowerment & Child Welfare,Pradhan Mantri Matru Vandana Yojana,No,No,Low,41-60,2026-01-23 16:31:33
USR003560,Uttar Pradesh,Kanpur,Women Empowerment & Child Welfare,Pradhan Mantri Matru Vandana Yojana,Yes,No,Low,18-25,2025-08-18 22:13:56
USR003561,Tripura,Khowai,SC/ST/OBC Welfare,Venture Capital Fund SC,Yes,Yes,Middle,26-40,2025-12-06 01:22:43
USR003562,Manipur,Bishnupur,Health & Public Health,Janani Suraksha Yojana,Yes,No,Middle,60+,2025-12-25 08:07:00
USR003563,Tamil Nadu,Salem,SC/ST/OBC Welfare,Top Class Education SC,No,No,High,60+,2025-08-09 02:06:53
USR003564,Tripura,Khowai,Women Empowerment & Child Welfare,Anganwadi Services ICDS,No,No,Low,60+,2025-05-12 13:39:44
USR003565,Rajasthan,Ajmer,SC/ST/OBC Welfare,National Fellowship OBC,No,No,Low,26-40,2025-08-24 14:04:06
USR003566,Uttar Pradesh,Kanpur,Education & Scholarships,Central Sector Scholarship Scheme,Yes,No,Low,26-40,2026-02-22 06:39:36
USR003567,Maharashtra,Nagpur,Women Empowerment & Child Welfare,Mahila Samman Savings Certificate,No,No,Low,18-25,2025-10-21 22:36:50
USR003568,Assam,Nagaon,Women Empowerment & Child Welfare,Beti Bachao Beti Padhao,Yes,No,High,41-60,2025-08-07 20:14:16
USR003569,Rajasthan,Jodhpur,SC/ST/OBC Welfare,Free Coaching Scheme SC OBC,No,No,Middle,41-60,2025-04-30 07:08:21
USR003570,Kerala,Ernakulathappan,Women Empowerment & Child Welfare,Ujjawala Scheme,Yes,Yes,Low,18-25,2025-09-07 17:58:16
USR003571,Uttar Pradesh,Meerut,Agriculture & Allied Activities,Pradhan Mantri Fasal Bima Yojana,No,No,Middle,41-60,2025-12-12 21:21:51
USR003572,Andhra Pradesh,Guntur,Agriculture & Allied Activities,Paramparagat Krishi Vikas Yojana,Yes,No,Middle,60+,2026-01-07 21:32:52
USR003573,Bihar,East Champaran,Agriculture & Allied Activities,Pradhan Mantri Fasal Bima Yojana,No,No,High,41-60,2025-05-24 23:27:19
USR003574,Sikkim,East Sikkim,Education & Scholarships,Vidya Lakshmi Scheme,Yes,Yes,Low,26-40,2026-02-28 12:53:14
USR003575,Gujarat,Surat,Agriculture & Allied Activities,PM Kisan Maan Dhan Yojana,No,No,Middle,41-60,2025-07-07 14:20:51
USR003576,Telangana,Nalgonda,Senior Citizen Welfare,Atal Pension Yojana,No,No,Low,41-60,2025-05-31 15:34:54
USR003577,Meghalaya,Jaintia Hills,Women Empowerment & Child Welfare,STEP Scheme,No,No,Middle,60+,2025-05-02 01:17:26
USR003578,Meghalaya,West Khasi Hills,Health & Public Health,National Digital Health Mission,Yes,Yes,Low,18-25,2025-12-26 21:02:50
USR003579,Haryana,Hisar,Senior Citizen Welfare,Atal Pension Yojana,No,No,Low,60+,2025-06-13 15:30:50
USR003580,Meghalaya,East Khasi Hills,Disability Support (Divyang Schemes),Deendayal Disabled Rehabilitation Scheme,No,No,High,60+,2025-03-29 17:31:04
USR003581,Telangana,Hyderabad,Disability Support (Divyang Schemes),Accessible India Campaign,Yes,Yes,Middle,18-25,2025-04-30 08:15:19
USR003582,Haryana,Ambala,Senior Citizen Welfare,Elderline Helpline,No,No,Low,60+,2025-04-04 23:33:47
USR003583,West Bengal,Kolkata,Disability Support (Divyang Schemes),ADIP Scheme,Yes,Yes,Middle,60+,2025-12-03 10:49:04
USR003584,Chhattisgarh,Durg,Disability Support (Divyang Schemes),Samarth Scheme,Yes,Yes,Middle,26-40,2025-08-28 07:44:37
USR003585,Andhra Pradesh,Visakhapatnam,Senior Citizen Welfare,Integrated Programme for Older Persons,Yes,No,Low,60+,2025-11-08 03:15:12
USR003586,Kerala,Thiruvananthapuram,SC/ST/OBC Welfare,Pre Matric Scholarship SC,Yes,Yes,Low,41-60,2025-04-13 12:37:53
USR003587,Odisha,Cuttack,Health & Public Health,Ayushman Bharat PM-JAY,No,No,High,26-40,2025-06-04 12:54:56
USR003588,Himachal Pradesh,Kangra,Agriculture & Allied Activities,PM Krishi Sinchai Yojana,No,No,Middle,60+,2026-01-02 06:49:48
USR003589,Uttarakhand,Pithoragarh,Education & Scholarships,Top Class Education Scheme,No,No,Low,41-60,2025-07-19 22:50:27
USR003590,Maharashtra,Aurangabad,SC/ST/OBC Welfare,Credit Enhancement Scheme SC,No,No,Low,41-60,2025-03-05 14:36:46
USR003591,Uttarakhand,Pithoragarh,Agriculture & Allied Activities,e-NAM,No,No,Middle,60+,2025-04-07 08:00:55
USR003592,Uttarakhand,Almora,SC/ST/OBC Welfare,Credit Enhancement Scheme SC,Yes,Yes,Low,18-25,2025-07-06 22:25:50
USR003593,Chhattisgarh,Rajnandgaon,Agriculture & Allied Activities,PM Kisan Maan Dhan Yojana,No,No,High,41-60,2025-07-08 17:57:10
USR003594,Mizoram,Kolasib,Senior Citizen Welfare,Atal Pension Yojana,No,No,Low,26-40,2025-03-20 17:32:25
USR003595,Himachal Pradesh,Shimla,Senior Citizen Welfare,Atal Pension Yojana,Yes,No,Low,60+,2025-10-12 07:14:38
USR003596,West Bengal,Darjeeling,Women Empowerment & Child Welfare,STEP Scheme,No,No,High,18-25,2025-07-06 07:11:04
USR003597,Rajasthan,Bikaner,Women Empowerment & Child Welfare,Beti Bachao Beti Padhao,Yes,Yes,High,26-40,2025-11-16 08:12:49
USR003598,Odisha,Sambalpur,Agriculture & Allied Activities,PM Kisan Maan Dhan Yojana,Yes,Yes,Low,41-60,2025-10-14 19:07:14
USR003599,Rajasthan,Jodhpur,SC/ST/OBC Welfare,NSFDC Loan Schemes,No,No,Low,26-40,2025-03-26 12:06:50
USR003600,Tamil Nadu,Kancheepuram,Education & Scholarships,SHREYAS Scheme,Yes,Yes,High,60+,2025-04-27 06:00:07
USR003601,Odisha,Sambalpur,SC/ST/OBC Welfare,Post Matric Scholarship OBC,Yes,Yes,High,26-40,2025-08-10 09:46:23
USR003602,Odisha,Bhubaneswar,Disability Support (Divyang Schemes),Indira Gandhi Disability Pension,No,No,Low,41-60,2025-03-06 22:36:18
USR003603,Madhya Pradesh,Ujjain,Agriculture & Allied Activities,PM-KISAN,Yes,No,Middle,41-60,2025-09-15 08:43:31
USR003604,Uttarakhand,Bageshwar,Senior Citizen Welfare,Integrated Programme for Older Persons,Yes,Yes,High,41-60,2025-08-31 20:25:03
USR003605,Bihar,East Champaran,Agriculture & Allied Activities,National Horticulture Mission,Yes,Yes,High,41-60,2025-09-29 14:41:03
USR003606,Andhra Pradesh,Kadapa,Senior Citizen Welfare,Indira Gandhi National Old Age Pension,No,No,Middle,41-60,2026-01-02 03:31:36
USR003607,Madhya Pradesh,Bhopal,Agriculture & Allied Activities,Kisan Credit Card,Yes,No,High,60+,2026-01-31 21:19:53
USR003608,Tripura,Khowai,Women Empowerment & Child Welfare,POSHAN Abhiyaan,Yes,No,Low,18-25,2025-06-24 08:58:44
USR003609,Uttar Pradesh,Lucknow,Agriculture & Allied Activities,Agriculture Infrastructure Fund,No,No,Middle,26-40,2025-08-09 22:24:17
USR003610,Meghalaya,Cima,Senior Citizen Welfare,Annapurna Scheme,Yes,Yes,Middle,18-25,2025-12-24 03:26:29
USR003611,Nagaland,Peren,SC/ST/OBC Welfare,Post Matric Scholarship OBC,Yes,No,High,41-60,2026-02-06 11:43:06
USR003612,Meghalaya,East Garo Hills,Health & Public Health,National Health Mission,No,No,High,41-60,2026-02-23 16:26:49
USR003613,Sikkim,South Sikkim,SC/ST/OBC Welfare,National Fellowship SC,Yes,Yes,Low,41-60,2025-11-25 17:38:10
USR003614,Mizoram,Champhai,SC/ST/OBC Welfare,Top Class Education SC,No,No,Low,41-60,2025-04-28 06:13:32
USR003615,Madhya Pradesh,Gwalior,Health & Public Health,Rashtriya Swasthya Bima Yojana,Yes,Yes,Low,41-60,2025-08-01 00:51:27
USR003616,Madhya Pradesh,Bhopal,Women Empowerment & Child Welfare,STEP Scheme,Yes,Yes,Low,26-40,2025-09-03 20:44:54
USR003617,Maharashtra,Nagpur,Education & Scholarships,Vidya Lakshmi Scheme,Yes,Yes,Middle,26-40,2025-05-30 23:37:49
USR003618,Assam,Barpeta,Women Empowerment & Child Welfare,Beti Bachao Beti Padhao,Yes,No,Low,18-25,2026-01-08 09:21:01
USR003619,Haryana,Faridabad,SC/ST/OBC Welfare,Credit Enhancement Scheme SC,No,No,Low,26-40,2025-07-04 03:36:18
USR003620,Mizoram,Champhai,Disability Support (Divyang Schemes),ADIP Scheme,Yes,Yes,Low,26-40,2025-08-30 15:31:33
USR003621,Uttar Pradesh,Varanasi,SC/ST/OBC Welfare,Free Coaching Scheme SC OBC,No,No,Low,60+,2025-06-01 16:10:58
USR003622,Meghalaya,East Khasi Hills,Agriculture & Allied Activities,PM Kisan Maan Dhan Yojana,Yes,Yes,Low,18-25,2025-08-02 14:31:44
USR003623,Odisha,Bhubaneswar,Education & Scholarships,Central Sector Scholarship Scheme,Yes,No,Middle,60+,2025-12-27 21:13:59
USR003624,Haryana,Gurgaon,Senior Citizen Welfare,National Social Assistance Programme,Yes,Yes,Low,26-40,2025-04-11 18:13:28
USR003625,Madhya Pradesh,Indore,SC/ST/OBC Welfare,Free Coaching Scheme SC OBC,Yes,No,Low,41-60,2025-03-08 16:23:09
USR003626,Bihar,West Champaran,Health & Public Health,Mission Indradhanush,No,No,High,41-60,2025-11-27 07:35:52
USR003627,Odisha,Sambalpur,Agriculture & Allied Activities,PM Kisan Maan Dhan Yojana,Yes,Yes,High,60+,2025-10-16 12:46:06
USR003628,Kerala,Thiruvananthapuram,Education & Scholarships,Vidya Lakshmi Scheme,No,No,Middle,41-60,2025-08-21 07:54:10
USR003629,Jharkhand,Ranchi,SC/ST/OBC Welfare,National Fellowship OBC,Yes,Yes,Low,26-40,2025-12-18 11:27:34
USR003630,Bihar,West Champaran,Health & Public Health,Janani Suraksha Yojana,No,No,Low,60+,2025-09-13 05:10:06
USR003631,Madhya Pradesh,Indore,Women Empowerment & Child Welfare,Pradhan Mantri Matru Vandana Yojana,Yes,Yes,Middle,41-60,2025-12-13 00:55:59
USR003632,Tamil Nadu,Madurai,Senior Citizen Welfare,National Social Assistance Programme,Yes,Yes,Middle,41-60,2026-01-05 04:27:22
USR003633,Assam,Barpeta,Women Empowerment & Child Welfare,Beti Bachao Beti Padhao,No,No,High,18-25,2025-10-14 11:57:58
USR003634,Tamil Nadu,Salem,Women Empowerment & Child Welfare,Pradhan Mantri Matru Vandana Yojana,No,No,Low,18-25,2025-08-22 15:45:26
USR003635,Mizoram,Saiha,Senior Citizen Welfare,Atal Pension Yojana,Yes,Yes,High,60+,2025-03-17 23:57:59
USR003636,Punjab,Ferozepur,Education & Scholarships,PM Research Fellowship,No,No,High,26-40,2025-03-12 06:17:12
USR003637,Rajasthan,Udaipur,Disability Support (Divyang Schemes),Gharaunda Scheme,No,No,High,60+,2026-01-25 13:38:40
USR003638,Haryana,Ambala,Women Empowerment & Child Welfare,POSHAN Abhiyaan,Yes,Yes,Low,60+,2026-01-04 06:43:57
USR003639,Uttar Pradesh,Agra,Education & Scholarships,National Overseas Scholarship,No,No,High,41-60,2025-06-28 07:16:17
USR003640,Andhra Pradesh,Chittoor,Agriculture & Allied Activities,National Horticulture Mission,No,No,Low,41-60,2025-07-23 13:41:41
USR003641,Mizoram,Mamit,Education & Scholarships,Top Class Education Scheme,Yes,No,Middle,60+,2025-08-09 13:58:39
USR003642,Madhya Pradesh,Indore,Women Empowerment & Child Welfare,Mahila Shakti Kendra,Yes,Yes,Low,60+,2025-04-05 16:43:25
USR003643,Odisha,Bargarh,Education & Scholarships,Pre Matric Scholarship OBC,Yes,Yes,Middle,60+,2026-01-03 04:59:40
USR003644,Meghalaya,East Khasi Hills,Education & Scholarships,Mid Day Meal Scheme,No,No,High,41-60,2025-06-09 20:49:12
USR003645,Kerala,Ernakulathappan,Health & Public Health,Mission Indradhanush,Yes,Yes,High,18-25,2025-11-21 15:42:17
USR003646,Sikkim,North Sikkim,Education & Scholarships,Pre Matric Scholarship OBC,Yes,No,Low,41-60,2025-05-18 10:56:04
USR003647,West Bengal,Jalpaiguri,SC/ST/OBC Welfare,Venture Capital Fund SC,Yes,No,Middle,26-40,2025-10-10 20:34:11
USR003648,Nagaland,Peren,Health & Public Health,Pradhan Mantri Jan Aushadhi Yojana,Yes,Yes,Middle,18-25,2025-03-04 10:32:37
USR003649,Rajasthan,Barmer,Health & Public Health,Rashtriya Swasthya Bima Yojana,Yes,Yes,Low,41-60,2025-09-24 10:22:19
USR003650,West Bengal,Murshidabad,Health & Public Health,National Health Mission,Yes,No,Low,60+,2025-08-31 01:21:21
USR003651,Uttar Pradesh,Banaras,Senior Citizen Welfare,Varishtha Pension Bima Yojana,Yes,No,High,26-40,2025-08-04 09:30:07
USR003652,Andhra Pradesh,Visakhapatnam,Disability Support (Divyang Schemes),National Trust Niramaya,Yes,No,High,60+,2026-01-01 04:09:40
USR003653,Odisha,Bargarh,Senior Citizen Welfare,PM Vaya Vandana Yojana,Yes,No,Low,26-40,2025-05-25 13:37:26
USR003654,Maharashtra,Nashik,Senior Citizen Welfare,Elderline Helpline,Yes,Yes,High,60+,2025-08-07 00:41:40
USR003655,Karnataka,Mysore,Agriculture & Allied Activities,e-NAM,No,No,Middle,18-25,2025-05-20 23:36:19
USR003656,Telangana,Nalgonda,Women Empowerment & Child Welfare,Mahila Samman Savings Certificate,Yes,Yes,High,41-60,2025-03-24 08:17:01
USR003657,Meghalaya,Jaintia Hills,Health & Public Health,National Digital Health Mission,Yes,No,Low,41-60,2026-01-13 09:16:03
USR003658,Kerala,Kozhikode,Women Empowerment & Child Welfare,Beti Bachao Beti Padhao,Yes,No,Middle,60+,2025-07-07 15:33:26
USR003659,Karnataka,Mysore,SC/ST/OBC Welfare,Top Class Education SC,Yes,Yes,High,26-40,2025-05-11 03:14:21
USR003660,Haryana,Karnal,Agriculture & Allied Activities,Paramparagat Krishi Vikas Yojana,No,No,High,18-25,2026-02-11 21:25:02
USR003661,Kerala,Thiruvananthapuram,Senior Citizen Welfare,Annapurna Scheme,Yes,No,Middle,60+,2025-11-25 06:41:12
USR003662,Sikkim,West Sikkim,Disability Support (Divyang Schemes),Indira Gandhi Disability Pension,Yes,Yes,High,41-60,2025-05-24 06:59:34
USR003663,Manipur,Ukhrul,Health & Public Health,National Digital Health Mission,Yes,Yes,Low,60+,2025-04-15 11:44:40
USR003664,Bihar,West Champaran,SC/ST/OBC Welfare,NSFDC Loan Schemes,No,No,High,41-60,2025-05-13 18:55:09
USR003665,Odisha,Bargarh,Disability Support (Divyang Schemes),Vidyasagar Scheme,No,No,Low,41-60,2025-11-11 13:33:59
USR003666,Maharashtra,Kolhapur,Disability Support (Divyang Schemes),ADIP Scheme,No,No,Low,18-25,2025-09-19 13:07:12
USR003667,Himachal Pradesh,Shimla,Disability Support (Divyang Schemes),Vidyasagar Scheme,Yes,Yes,High,18-25,2025-05-15 06:11:19
USR003668,Himachal Pradesh,Kangra,Senior Citizen Welfare,Varishtha Pension Bima Yojana,No,No,Middle,41-60,2025-03-23 22:17:52
USR003669,Kerala,Kannur,SC/ST/OBC Welfare,Pre Matric Scholarship SC,No,No,Middle,18-25,2025-05-26 23:49:42
USR003670,Kerala,Thrissur,Agriculture & Allied Activities,PM-KISAN,Yes,Yes,Middle,26-40,2026-01-14 23:43:26
USR003671,Tamil Nadu,Salem,Disability Support (Divyang Schemes),Sahyogi Scheme,Yes,Yes,High,18-25,2025-10-24 06:45:58
USR003672,Madhya Pradesh,Gwalior,Senior Citizen Welfare,Senior Citizen Savings Scheme,Yes,Yes,Low,41-60,2025-11-02 01:17:27
USR003673,Uttar Pradesh,Kanpur,Women Empowerment & Child Welfare,Pradhan Mantri Matru Vandana Yojana,Yes,Yes,Middle,41-60,2025-04-24 14:55:15
USR003674,Rajasthan,Bikaner,Women Empowerment & Child Welfare,Pradhan Mantri Matru Vandana Yojana,No,No,Middle,60+,2025-08-17 15:06:46
USR003675,Jharkhand,Giridih,Women Empowerment & Child Welfare,STEP Scheme,No,No,Low,26-40,2025-05-02 18:27:35
USR003676,Odisha,Cuttack,SC/ST/OBC Welfare,Venture Capital Fund SC,No,No,Low,41-60,2025-11-01 17:16:21
USR003677,Madhya Pradesh,Indore,Agriculture & Allied Activities,National Horticulture Mission,No,No,Middle,18-25,2025-07-10 00:57:30
USR003678,Kerala,Thiruvananthapuram,Education & Scholarships,Central Sector Scholarship Scheme,Yes,Yes,Middle,41-60,2025-05-22 12:05:02
USR003679,Uttarakhand,Pithoragarh,Disability Support (Divyang Schemes),ADIP Scheme,Yes,Yes,Low,41-60,2025-12-27 15:10:20
USR003680,Jharkhand,Dhanbad,Women Empowerment & Child Welfare,Working Women Hostel Scheme,Yes,Yes,Middle,60+,2025-07-08 17:11:08
USR003681,West Bengal,Darjeeling,Disability Support (Divyang Schemes),Indira Gandhi Disability Pension,No,No,Middle,41-60,2025-04-28 23:20:50
USR003682,Kerala,Thiruvananthapuram,Agriculture & Allied Activities,Paramparagat Krishi Vikas Yojana,No,No,Low,18-25,2025-12-12 23:03:27
USR003683,Maharashtra,Kolhapur,Senior Citizen Welfare,Integrated Programme for Older Persons,No,No,High,26-40,2025-08-14 12:35:49
USR003684,Jharkhand,Dumka,SC/ST/OBC Welfare,Top Class Education SC,No,No,High,60+,2025-07-08 06:37:33
USR003685,Uttarakhand,Bageshwar,Disability Support (Divyang Schemes),Samarth Scheme,No,No,Low,41-60,2025-06-04 15:22:28
USR003686,Gujarat,Surat,Disability Support (Divyang Schemes),ADIP Scheme,No,No,Middle,41-60,2026-01-08 09:13:43
USR003687,Assam,Cachar,Disability Support (Divyang Schemes),Gharaunda Scheme,No,No,Middle,60+,2025-10-26 03:36:37
USR003688,West Bengal,Darjeeling,SC/ST/OBC Welfare,Top Class Education SC,No,No,Middle,60+,2025-11-17 08:12:11
USR003689,Tripura,South Tripura,Women Empowerment & Child Welfare,Mahila Samman Savings Certificate,Yes,No,Low,18-25,2025-07-16 03:09:26
USR003690,Punjab,Patiala,Health & Public Health,Janani Suraksha Yojana,No,No,High,41-60,2026-01-19 19:13:04
USR003691,Haryana,Ambala,SC/ST/OBC Welfare,Post Matric Scholarship OBC,No,No,Low,26-40,2025-03-22 18:16:45
USR003692,Rajasthan,Jaipur,Education & Scholarships,Top Class Education Scheme,No,No,Middle,41-60,2025-04-17 13:17:40
USR003693,Sikkim,East Sikkim,SC/ST/OBC Welfare,National Fellowship OBC,Yes,Yes,Low,41-60,2025-11-16 01:27:03
USR003694,Uttarakhand,Dehradun,Disability Support (Divyang Schemes),National Trust Niramaya,No,No,Low,18-25,2025-10-16 21:10:21
USR003695,Maharashtra,Kolhapur,Disability Support (Divyang Schemes),Unique Disability ID UDID,No,No,High,41-60,2025-08-05 00:45:38
USR003696,Rajasthan,Jodhpur,Health & Public Health,TB Elimination Programme,Yes,Yes,Middle,18-25,2025-10-11 08:47:23
USR003697,Nagaland,Peren,Health & Public Health,Janani Suraksha Yojana,No,No,Middle,26-40,2025-12-25 09:42:21
USR003698,Chhattisgarh,Bilaspur,Agriculture & Allied Activities,PM-KISAN,No,No,Middle,41-60,2025-04-29 12:28:58
USR003699,Assam,Nagaon,Senior Citizen Welfare,National Social Assistance Programme,Yes,Yes,Middle,60+,2025-08-12 06:50:28
USR003700,Punjab,Sangrur,Disability Support (Divyang Schemes),Unique Disability ID UDID,No,No,Low,18-25,2025-10-21 22:41:03
USR003701,Sikkim,West Sikkim,Women Empowerment & Child Welfare,Working Women Hostel Scheme,Yes,Yes,Low,41-60,2025-05-23 12:13:21
USR003702,Haryana,Karnal,Agriculture & Allied Activities,PM Krishi Sinchai Yojana,Yes,No,High,26-40,2025-03-20 18:08:23
USR003703,Jharkhand,Dumka,Education & Scholarships,National Overseas Scholarship,Yes,No,High,26-40,2025-09-10 03:25:52
USR003704,Tripura,West Tripura,Disability Support (Divyang Schemes),Deendayal Disabled Rehabilitation Scheme,Yes,No,High,18-25,2025-05-24 03:06:08
USR003705,Rajasthan,Jaipur,Disability Support (Divyang Schemes),Sahyogi Scheme,No,No,Low,41-60,2025-12-28 18:42:55
USR003706,Madhya Pradesh,Bhopal,Education & Scholarships,PM Research Fellowship,No,No,Middle,60+,2025-12-18 16:58:05
USR003707,Tamil Nadu,Coimbatore,Women Empowerment & Child Welfare,STEP Scheme,Yes,Yes,Low,26-40,2025-12-26 21:10:18
USR003708,Uttarakhand,Nainital,Women Empowerment & Child Welfare,Mahila Shakti Kendra,Yes,No,Middle,41-60,2026-01-16 03:51:20
USR003709,Jharkhand,Dumka,Women Empowerment & Child Welfare,Working Women Hostel Scheme,Yes,Yes,Middle,41-60,2026-01-27 17:09:42
USR003710,West Bengal,Darjeeling,Health & Public Health,Rashtriya Swasthya Bima Yojana,Yes,No,High,18-25,2025-08-22 18:09:02
USR003711,Jharkhand,Giridih,Health & Public Health,TB Elimination Programme,Yes,No,Low,60+,2025-06-26 14:09:27
USR003712,Gujarat,Surat,Disability Support (Divyang Schemes),Accessible India Campaign,Yes,Yes,Low,18-25,2025-03-31 00:08:50
USR003713,Meghalaya,West Garo Hills,Senior Citizen Welfare,Senior Citizen Savings Scheme,No,No,High,26-40,2025-07-27 18:47:53
USR003714,Rajasthan,Barmer,Women Empowerment & Child Welfare,Mahila Samman Savings Certificate,No,No,High,18-25,2026-02-11 04:43:47
USR003715,Punjab,Ludhiana,Health & Public Health,Rashtriya Swasthya Bima Yojana,Yes,No,Middle,41-60,2025-11-13 22:58:08
USR003716,Maharashtra,Aurangabad,Women Empowerment & Child Welfare,Mahila Shakti Kendra,Yes,Yes,Low,18-25,2025-04-02 08:20:24
USR003717,Tripura,South Tripura,SC/ST/OBC Welfare,Pre Matric Scholarship SC,Yes,Yes,High,18-25,2025-08-29 10:13:08
USR003718,Maharashtra,Pune,Health & Public Health,Pradhan Mantri Surakshit Matritva Abhiyan,No,No,Middle,41-60,2025-05-06 05:50:31
USR003719,Jharkhand,Ranchi,Women Empowerment & Child Welfare,Beti Bachao Beti Padhao,No,No,Low,60+,2026-01-15 16:24:34
USR003720,Uttar Pradesh,Meerut,Disability Support (Divyang Schemes),Indira Gandhi Disability Pension,Yes,No,Low,60+,2026-02-17 19:40:56
USR003721,Mizoram,Champhai,Disability Support (Divyang Schemes),Indira Gandhi Disability Pension,Yes,No,Low,18-25,2025-08-27 07:05:53
USR003722,Sikkim,South Sikkim,Senior Citizen Welfare,Atal Pension Yojana,Yes,Yes,Middle,60+,2025-06-01 00:39:58
USR003723,Sikkim,North Sikkim,Education & Scholarships,Post Matric Scholarship SC,No,No,High,26-40,2025-06-07 12:22:16
USR003724,Meghalaya,West Khasi Hills,Women Empowerment & Child Welfare,Pradhan Mantri Matru Vandana Yojana,Yes,Yes,Middle,41-60,2025-04-06 20:15:34
USR003725,Telangana,Medchal,Agriculture & Allied Activities,e-NAM,No,No,High,26-40,2025-07-18 06:08:15
USR003726,Tamil Nadu,Salem,SC/ST/OBC Welfare,Free Coaching Scheme SC OBC,Yes,Yes,High,18-25,2025-12-28 21:41:32
USR003727,Andhra Pradesh,Visakhapatnam,Education & Scholarships,Mid Day Meal Scheme,No,No,High,41-60,2025-09-09 13:34:00
USR003728,Telangana,Rangareddy,Disability Support (Divyang Schemes),Gharaunda Scheme,No,No,Low,18-25,2025-10-10 12:04:43
USR003729,West Bengal,Birbhum,Education & Scholarships,Pre Matric Scholarship OBC,No,No,High,41-60,2026-01-25 11:20:31
USR003730,Bihar,East Champaran,Senior Citizen Welfare,Indira Gandhi National Old Age Pension,No,No,High,26-40,2025-10-06 16:32:25
USR003731,Meghalaya,East Garo Hills,Agriculture & Allied Activities,National Horticulture Mission,No,No,High,18-25,2025-03-01 00:54:19
USR003732,Sikkim,East Sikkim,Disability Support (Divyang Schemes),Indira Gandhi Disability Pension,No,No,High,26-40,2026-02-01 16:30:55
USR003733,Uttar Pradesh,Meerut,Health & Public Health,Pradhan Mantri Surakshit Matritva Abhiyan,No,No,Middle,18-25,2025-06-21 09:49:35
USR003734,Rajasthan,Barmer,Women Empowerment & Child Welfare,Mahila Shakti Kendra,Yes,No,Middle,60+,2025-11-07 02:41:44
USR003735,Punjab,Jalandhar,SC/ST/OBC Welfare,National Fellowship SC,Yes,Yes,Low,26-40,2025-12-16 00:57:21
USR003736,Uttar Pradesh,Varanasi,Education & Scholarships,Post Matric Scholarship SC,No,No,Low,26-40,2025-07-30 19:23:27
USR003737,Kerala,Kannur,Women Empowerment & Child Welfare,POSHAN Abhiyaan,No,No,High,41-60,2025-03-06 03:55:04
USR003738,Manipur,Ukhrul,Disability Support (Divyang Schemes),Deendayal Disabled Rehabilitation Scheme,No,No,Low,41-60,2026-02-18 02:36:58
USR003739,Maharashtra,Pune,SC/ST/OBC Welfare,National Fellowship SC,Yes,No,Middle,41-60,2025-09-23 16:57:39
USR003740,Chhattisgarh,Durg,Health & Public Health,Janani Suraksha Yojana,Yes,Yes,High,41-60,2025-05-20 21:54:44
USR003741,Rajasthan,Ajmer,Senior Citizen Welfare,PM Vaya Vandana Yojana,Yes,Yes,Middle,41-60,2025-07-13 08:51:32
USR003742,Odisha,Cuttack,Education & Scholarships,Vidya Lakshmi Scheme,Yes,No,Low,18-25,2025-04-19 12:43:56
USR003743,Mizoram,Mamit,Disability Support (Divyang Schemes),Gharaunda Scheme,No,No,High,60+,2026-01-19 21:59:09
USR003744,Bihar,West Champaran,Disability Support (Divyang Schemes),National Trust Niramaya,Yes,No,Low,60+,2025-03-27 04:51:28
USR003745,Bihar,Araria,Women Empowerment & Child Welfare,POSHAN Abhiyaan,Yes,Yes,Low,60+,2025-11-13 12:04:33
USR003746,Himachal Pradesh,Mandi,Education & Scholarships,National Overseas Scholarship,No,No,Low,60+,2025-10-20 03:19:01
USR003747,Andhra Pradesh,Guntur,SC/ST/OBC Welfare,Pre Matric Scholarship SC,Yes,Yes,High,26-40,2025-11-28 04:17:57
USR003748,Rajasthan,Ajmer,Education & Scholarships,SHREYAS Scheme,Yes,Yes,Middle,26-40,2026-01-22 02:23:31
USR003749,Sikkim,South Sikkim,Education & Scholarships,PM Research Fellowship,Yes,Yes,Middle,26-40,2025-04-06 16:36:31
USR003750,Tamil Nadu,Kancheepuram,Agriculture & Allied Activities,PM Kisan Maan Dhan Yojana,Yes,Yes,Low,60+,2025-08-27 15:32:25
USR003751,Punjab,Sangrur,Disability Support (Divyang Schemes),National Trust Niramaya,Yes,Yes,High,60+,2025-03-01 01:10:38
USR003752,Tamil Nadu,Tiruppur,Health & Public Health,Ayushman Bharat PM-JAY,Yes,Yes,Low,41-60,2025-07-30 17:12:08
USR003753,West Bengal,Howrah,Women Empowerment & Child Welfare,Anganwadi Services ICDS,No,No,High,18-25,2025-06-24 17:42:14
USR003754,Jharkhand,Godda,Education & Scholarships,National Overseas Scholarship,No,No,Low,26-40,2025-03-01 04:50:43
USR003755,West Bengal,Jalpaiguri,Disability Support (Divyang Schemes),ADIP Scheme,Yes,Yes,Low,41-60,2025-05-24 22:47:45
USR003756,Uttar Pradesh,Meerut,Senior Citizen Welfare,Senior Citizen Savings Scheme,Yes,No,Low,18-25,2025-06-28 20:20:35
USR003757,Manipur,Imphal West,Health & Public Health,Rashtriya Swasthya Bima Yojana,No,No,Middle,18-25,2026-01-19 06:46:51
USR003758,Gujarat,Rajkot,SC/ST/OBC Welfare,Top Class Education SC,Yes,Yes,High,26-40,2025-03-17 04:38:16
USR003759,Telangana,Rangareddy,Women Empowerment & Child Welfare,Ujjawala Scheme,Yes,Yes,High,60+,2025-07-13 19:20:51
USR003760,Meghalaya,East Khasi Hills,Education & Scholarships,Pre Matric Scholarship OBC,No,No,Low,18-25,2025-06-26 17:11:17
USR003761,Rajasthan,Ajmer,Agriculture & Allied Activities,PM Kisan Maan Dhan Yojana,No,No,Middle,60+,2025-06-14 23:58:14
USR003762,Maharashtra,Pune,SC/ST/OBC Welfare,Post Matric Scholarship OBC,No,No,Middle,60+,2025-11-26 18:18:49
USR003763,Jharkhand,Deoghar,Senior Citizen Welfare,Elderline Helpline,Yes,No,Middle,18-25,2025-10-01 19:25:21
USR003764,Sikkim,West Sikkim,Education & Scholarships,Top Class Education Scheme,No,No,Middle,41-60,2025-06-06 20:29:50
USR003765,Tamil Nadu,Madurai,Education & Scholarships,National Means Cum Merit Scholarship,No,No,Low,18-25,2025-03-28 08:23:35
USR003766,Punjab,Ferozepur,Disability Support (Divyang Schemes),National Trust Niramaya,Yes,Yes,Low,18-25,2026-01-20 08:28:51
USR003767,Nagaland,Dimapur,Senior Citizen Welfare,Rashtriya Vayoshri Yojana,Yes,Yes,High,26-40,2026-01-04 15:33:43
USR003768,Punjab,Jalandhar,Agriculture & Allied Activities,Agriculture Infrastructure Fund,Yes,Yes,Low,60+,2025-12-11 19:17:39
USR003769,Andhra Pradesh,Chittoor,Education & Scholarships,Vidya Lakshmi Scheme,No,No,Low,18-25,2025-05-01 23:28:49
USR003770,Himachal Pradesh,Kangra,Disability Support (Divyang Schemes),Deendayal Disabled Rehabilitation Scheme,Yes,No,Low,26-40,2025-10-09 07:08:41
USR003771,Tamil Nadu,Kancheepuram,Agriculture & Allied Activities,Paramparagat Krishi Vikas Yojana,Yes,Yes,Middle,18-25,2026-01-27 02:46:00
USR003772,Punjab,Sangrur,SC/ST/OBC Welfare,National Fellowship SC,Yes,No,High,18-25,2026-02-23 03:39:31
USR003773,West Bengal,Birbhum,Senior Citizen Welfare,Annapurna Scheme,Yes,No,Low,26-40,2025-12-17 03:09:03
USR003774,Rajasthan,Ajmer,Health & Public Health,Mission Indradhanush,Yes,Yes,High,41-60,2025-11-22 20:48:44
USR003775,Karnataka,Hubli,Disability Support (Divyang Schemes),Indira Gandhi Disability Pension,Yes,Yes,Low,26-40,2025-12-22 00:44:10
USR003776,Karnataka,Tumkur,Agriculture & Allied Activities,National Horticulture Mission,Yes,No,High,60+,2025-03-26 01:02:13
USR003777,Tamil Nadu,Salem,SC/ST/OBC Welfare,Free Coaching Scheme SC OBC,Yes,Yes,Middle,26-40,2026-01-13 04:55:05
USR003778,Uttar Pradesh,Varanasi,Education & Scholarships,National Overseas Scholarship,Yes,Yes,Middle,18-25,2025-11-24 15:38:13
USR003779,Karnataka,Hubli,Senior Citizen Welfare,Senior Citizen Savings Scheme,No,No,Low,18-25,2025-05-21 21:37:52
USR003780,Telangana,Karimnagar,Health & Public Health,Rashtriya Swasthya Bima Yojana,No,No,Low,26-40,2025-08-29 09:56:19
USR003781,Rajasthan,Udaipur,Agriculture & Allied Activities,Soil Health Card Scheme,Yes,Yes,Low,60+,2025-08-28 00:50:56
USR003782,Haryana,Faridabad,Agriculture & Allied Activities,PM-KISAN,No,No,Middle,41-60,2026-01-21 19:30:57
USR003783,Jharkhand,Giridih,Agriculture & Allied Activities,Soil Health Card Scheme,Yes,Yes,Middle,41-60,2025-11-08 18:10:52
USR003784,Rajasthan,Jodhpur,SC/ST/OBC Welfare,Top Class Education SC,No,No,High,18-25,2025-03-31 16:24:43
USR003785,Haryana,Hisar,Senior Citizen Welfare,Elderline Helpline,No,No,Low,18-25,2025-03-14 01:31:03
USR003786,Chhattisgarh,Raipur,Agriculture & Allied Activities,PM Kisan Maan Dhan Yojana,Yes,Yes,Low,26-40,2025-09-04 23:58:30
USR003787,Meghalaya,West Garo Hills,Agriculture & Allied Activities,National Horticulture Mission,No,No,Low,60+,2025-12-14 20:54:11
USR003788,Himachal Pradesh,Lahul,Women Empowerment & Child Welfare,Anganwadi Services ICDS,No,No,Low,26-40,2025-06-05 21:41:42
USR003789,Rajasthan,Bikaner,Senior Citizen Welfare,Integrated Programme for Older Persons,No,No,High,26-40,2025-11-16 07:37:25
USR003790,Kerala,Thrissur,Women Empowerment & Child Welfare,Mahila Shakti Kendra,Yes,Yes,High,18-25,2025-08-23 17:16:19
USR003791,Mizoram,Mamit,Agriculture & Allied Activities,PM Krishi Sinchai Yojana,Yes,Yes,Middle,18-25,2025-07-20 04:11:44
USR003792,Assam,Morigaon,Disability Support (Divyang Schemes),Indira Gandhi Disability Pension,Yes,Yes,Low,18-25,2025-03-13 13:26:16
USR003793,Sikkim,West Sikkim,Disability Support (Divyang Schemes),Sahyogi Scheme,No,No,Low,18-25,2025-04-29 21:43:34
USR003794,Haryana,Gurgaon,SC/ST/OBC Welfare,National Fellowship SC,Yes,Yes,High,60+,2025-10-05 16:38:28
USR003795,Himachal Pradesh,Kangra,Women Empowerment & Child Welfare,One Stop Centre Scheme,No,No,High,41-60,2025-06-24 03:17:21
USR003796,Madhya Pradesh,Sagar,Agriculture & Allied Activities,Pradhan Mantri Fasal Bima Yojana,Yes,Yes,Middle,60+,2025-06-08 00:42:36
USR003797,Assam,Cachar,Health & Public Health,Ayushman Bharat PM-JAY,Yes,Yes,Middle,18-25,2025-09-01 18:12:18
USR003798,Gujarat,Rajkot,SC/ST/OBC Welfare,National Fellowship SC,Yes,Yes,High,18-25,2026-02-25 08:44:18
USR003799,Manipur,Senapati,Senior Citizen Welfare,Rashtriya Vayoshri Yojana,No,No,Low,26-40,2025-09-13 22:29:26
USR003800,Madhya Pradesh,Ujjain,Health & Public Health,Rashtriya Swasthya Bima Yojana,No,No,Low,41-60,2025-10-12 20:29:03
USR003801,Sikkim,East Sikkim,Education & Scholarships,Central Sector Scholarship Scheme,No,No,High,60+,2025-04-08 21:39:47
USR003802,Tamil Nadu,Chennai,SC/ST/OBC Welfare,Post Matric Scholarship OBC,Yes,Yes,Middle,41-60,2025-11-24 14:55:15
USR003803,Nagaland,Wokha,Agriculture & Allied Activities,Soil Health Card Scheme,No,No,Middle,26-40,2025-03-01 09:59:11
USR003804,Maharashtra,Kolhapur,Health & Public Health,Pradhan Mantri Jan Aushadhi Yojana,No,No,Middle,26-40,2025-08-27 11:56:40
USR003805,Bihar,Araria,Agriculture & Allied Activities,Agriculture Infrastructure Fund,Yes,Yes,Middle,41-60,2025-06-17 13:49:03
USR003806,Uttar Pradesh,Banaras,Disability Support (Divyang Schemes),Deendayal Disabled Rehabilitation Scheme,Yes,Yes,Low,26-40,2025-12-27 17:55:52
USR003807,Andhra Pradesh,Krishna,SC/ST/OBC Welfare,Pre Matric Scholarship SC,Yes,Yes,High,41-60,2025-05-26 21:47:24
USR003808,Maharashtra,Kolhapur,Senior Citizen Welfare,Senior Citizen Savings Scheme,Yes,Yes,Middle,26-40,2025-10-15 22:04:04
USR003809,West Bengal,Murshidabad,SC/ST/OBC Welfare,National Fellowship SC,No,No,Low,26-40,2025-10-07 10:40:52
USR003810,West Bengal,Murshidabad,Health & Public Health,National Health Mission,Yes,No,Middle,41-60,2025-03-03 04:53:59
USR003811,Gujarat,Ahmedabad,Agriculture & Allied Activities,e-NAM,No,No,Middle,18-25,2025-03-07 20:26:37
USR003812,Telangana,Rangareddy,Women Empowerment & Child Welfare,Mahila Shakti Kendra,No,No,Middle,18-25,2025-12-13 17:00:59
USR003813,Punjab,Jalandhar,SC/ST/OBC Welfare,Free Coaching Scheme SC OBC,Yes,Yes,Middle,18-25,2025-05-23 05:11:26
USR003814,Manipur,Imphal West,Agriculture & Allied Activities,PM-KISAN,No,No,Middle,60+,2025-11-26 12:33:19
USR003815,Sikkim,South Sikkim,Senior Citizen Welfare,PM Vaya Vandana Yojana,No,No,Low,26-40,2025-05-20 19:16:11
USR003816,Nagaland,Wokha,Women Empowerment & Child Welfare,Ujjawala Scheme,Yes,Yes,High,18-25,2025-06-25 12:12:31
USR003817,Chhattisgarh,Bilaspur,Education & Scholarships,PM Research Fellowship,No,No,High,26-40,2025-07-16 07:37:25
USR003818,Maharashtra,Kolhapur,Women Empowerment & Child Welfare,Beti Bachao Beti Padhao,Yes,Yes,Middle,26-40,2025-05-28 11:02:16
USR003819,Chhattisgarh,Bastar,Senior Citizen Welfare,PM Vaya Vandana Yojana,No,No,High,60+,2025-03-20 23:30:51
USR003820,Nagaland,Tuensang,SC/ST/OBC Welfare,Credit Enhancement Scheme SC,No,No,Low,26-40,2026-02-17 12:54:19
USR003821,Maharashtra,Pune,Senior Citizen Welfare,Rashtriya Vayoshri Yojana,Yes,No,Low,60+,2025-06-20 19:34:04
USR003822,Mizoram,Lunglei,Senior Citizen Welfare,Rashtriya Vayoshri Yojana,No,No,Middle,18-25,2025-04-17 18:03:17
USR003823,Madhya Pradesh,Sagar,Education & Scholarships,National Overseas Scholarship,Yes,No,Low,41-60,2025-10-23 04:36:36
USR003824,Gujarat,Junagadh,Health & Public Health,National Health Mission,Yes,Yes,High,18-25,2025-12-25 21:46:36
USR003825,Manipur,Thoubal,Disability Support (Divyang Schemes),Accessible India Campaign,Yes,Yes,Middle,41-60,2025-11-30 01:25:31
USR003826,Punjab,Ferozepur,Disability Support (Divyang Schemes),Indira Gandhi Disability Pension,Yes,Yes,High,60+,2025-04-13 10:39:58
USR003827,Manipur,Bishnupur,Agriculture & Allied Activities,Paramparagat Krishi Vikas Yojana,No,No,High,26-40,2025-04-20 00:06:53
USR003828,Rajasthan,Jodhpur,Senior Citizen Welfare,National Social Assistance Programme,No,No,Low,18-25,2025-08-17 02:05:20
USR003829,Manipur,Imphal East,Senior Citizen Welfare,Senior Citizen Savings Scheme,Yes,No,Middle,26-40,2025-03-04 08:51:45
USR003830,Kerala,Kozhikode,Health & Public Health,National Health Mission,No,No,Middle,41-60,2025-09-28 11:52:44
USR003831,Madhya Pradesh,Jabalpur,Agriculture & Allied Activities,Agriculture Infrastructure Fund,No,No,Middle,41-60,2026-02-02 17:07:16
USR003832,Rajasthan,Jaipur,Education & Scholarships,Post Matric Scholarship SC,Yes,No,Low,26-40,2025-09-06 13:46:52
USR003833,Assam,Morigaon,Agriculture & Allied Activities,PM Krishi Sinchai Yojana,Yes,Yes,Middle,26-40,2025-09-18 13:48:46
USR003834,Manipur,Thoubal,Health & Public Health,TB Elimination Programme,Yes,Yes,Low,41-60,2026-02-26 09:12:44
USR003835,Sikkim,East Sikkim,Education & Scholarships,Post Matric Scholarship SC,Yes,No,Low,60+,2025-12-27 19:32:16
USR003836,Manipur,Imphal West,Senior Citizen Welfare,Elderline Helpline,No,No,High,18-25,2025-04-10 05:08:31
USR003837,Tripura,Dhalai,Senior Citizen Welfare,Senior Citizen Savings Scheme,Yes,Yes,Low,26-40,2025-03-13 16:30:22
USR003838,Himachal Pradesh,Kangra,Women Empowerment & Child Welfare,Ujjawala Scheme,No,No,Middle,26-40,2025-10-28 11:42:02
USR003839,Jharkhand,Dhanbad,Agriculture & Allied Activities,Soil Health Card Scheme,No,No,Middle,60+,2025-09-03 01:20:31
USR003840,Uttar Pradesh,Kanpur,Agriculture & Allied Activities,PM Krishi Sinchai Yojana,Yes,Yes,High,26-40,2025-12-07 12:58:04
USR003841,Maharashtra,Mumbai,Senior Citizen Welfare,Annapurna Scheme,No,No,Low,26-40,2025-08-11 23:02:09
USR003842,Odisha,Cuttack,Senior Citizen Welfare,Elderline Helpline,Yes,Yes,Low,60+,2025-03-06 09:51:04
USR003843,Rajasthan,Jodhpur,SC/ST/OBC Welfare,NSFDC Loan Schemes,No,No,Low,60+,2025-11-24 15:44:34
USR003844,Madhya Pradesh,Indore,Education & Scholarships,Central Sector Scholarship Scheme,Yes,Yes,Middle,18-25,2025-08-07 06:31:17
USR003845,Andhra Pradesh,Guntur,Education & Scholarships,Pre Matric Scholarship OBC,No,No,Low,41-60,2026-02-02 07:31:06
USR003846,Maharashtra,Kolhapur,Senior Citizen Welfare,Atal Pension Yojana,Yes,No,Low,41-60,2025-08-01 15:54:07
USR003847,Tripura,South Tripura,Women Empowerment & Child Welfare,Mahila Shakti Kendra,No,No,Middle,60+,2025-06-04 10:29:20
USR003848,Manipur,Imphal West,Health & Public Health,Pradhan Mantri Jan Aushadhi Yojana,Yes,Yes,High,60+,2025-04-17 19:00:51
USR003849,Gujarat,Junagadh,Agriculture & Allied Activities,Paramparagat Krishi Vikas Yojana,Yes,Yes,Middle,26-40,2025-07-29 23:01:32
USR003850,Uttarakhand,Pithoragarh,Education & Scholarships,SHREYAS Scheme,Yes,Yes,Low,60+,2026-02-05 08:59:37
USR003851,Uttarakhand,Pithoragarh,Health & Public Health,Mission Indradhanush,Yes,Yes,Low,18-25,2025-06-10 16:33:36
USR003852,Gujarat,Junagadh,Disability Support (Divyang Schemes),National Trust Niramaya,Yes,No,Low,60+,2025-07-27 22:12:57
USR003853,Uttar Pradesh,Meerut,SC/ST/OBC Welfare,Free Coaching Scheme SC OBC,Yes,Yes,Middle,26-40,2025-07-19 17:21:17
USR003854,Telangana,Nalgonda,Women Empowerment & Child Welfare,Mahila Shakti Kendra,Yes,Yes,Middle,18-25,2026-01-27 10:18:14
USR003855,Meghalaya,East Garo Hills,Senior Citizen Welfare,Rashtriya Vayoshri Yojana,Yes,No,Low,41-60,2025-09-10 09:13:31
USR003856,Punjab,Jalandhar,Women Empowerment & Child Welfare,One Stop Centre Scheme,Yes,No,High,41-60,2025-06-10 01:16:21
USR003857,Jharkhand,Deoghar,Health & Public Health,Rashtriya Swasthya Bima Yojana,Yes,Yes,Low,26-40,2025-11-22 23:29:15
USR003858,Kerala,Kannur,Health & Public Health,Mission Indradhanush,No,No,High,60+,2025-07-01 10:37:08
USR003859,Gujarat,Vadodara,Education & Scholarships,Central Sector Scholarship Scheme,No,No,Middle,18-25,2026-02-07 05:33:57
USR003860,West Bengal,Kolkata,Disability Support (Divyang Schemes),Sahyogi Scheme,Yes,Yes,Middle,18-25,2025-03-14 06:08:12
USR003861,Chhattisgarh,Bastar,Agriculture & Allied Activities,Pradhan Mantri Fasal Bima Yojana,Yes,Yes,High,26-40,2025-07-30 17:16:13
USR003862,Andhra Pradesh,Krishna,Health & Public Health,Pradhan Mantri Surakshit Matritva Abhiyan,No,No,Middle,18-25,2025-08-01 12:22:19
USR003863,Karnataka,Mysore,Senior Citizen Welfare,Indira Gandhi National Old Age Pension,No,No,Middle,26-40,2026-02-10 02:33:38
USR003864,Jharkhand,Ranchi,Health & Public Health,Janani Suraksha Yojana,Yes,No,Low,18-25,2025-06-12 06:27:02
USR003865,Gujarat,Vadodara,Women Empowerment & Child Welfare,Ujjawala Scheme,No,No,Low,41-60,2026-01-18 13:41:29
USR003866,Chhattisgarh,Bilaspur,Senior Citizen Welfare,Elderline Helpline,Yes,No,Low,41-60,2025-09-23 16:58:56
USR003867,Jharkhand,Dumka,Senior Citizen Welfare,Indira Gandhi National Old Age Pension,Yes,Yes,Low,41-60,2026-01-02 08:24:43
USR003868,Andhra Pradesh,Kadapa,Education & Scholarships,Post Matric Scholarship SC,No,No,Low,60+,2025-09-05 22:04:07
USR003869,Maharashtra,Nashik,Disability Support (Divyang Schemes),Sahyogi Scheme,Yes,No,Middle,60+,2025-10-16 11:15:30
USR003870,Uttar Pradesh,Kanpur,Health & Public Health,Mission Indradhanush,Yes,No,Middle,41-60,2026-01-17 06:09:37
USR003871,Andhra Pradesh,Krishna,Health & Public Health,National Digital Health Mission,No,No,Middle,18-25,2025-12-17 21:27:19
USR003872,Karnataka,Tumkur,Agriculture & Allied Activities,Paramparagat Krishi Vikas Yojana,No,No,High,26-40,2025-10-22 11:41:17
USR003873,Gujarat,Junagadh,Women Empowerment & Child Welfare,Ujjawala Scheme,No,No,High,60+,2025-10-03 14:58:41
USR003874,Assam,Kamrup,Education & Scholarships,Vidya Lakshmi Scheme,Yes,No,Low,26-40,2025-09-11 06:25:10
USR003875,Madhya Pradesh,Sagar,Education & Scholarships,PM Research Fellowship,Yes,No,Low,60+,2026-01-12 07:00:32
USR003876,Andhra Pradesh,Krishna,Health & Public Health,Mission Indradhanush,Yes,Yes,Low,18-25,2025-07-24 23:41:55
USR003877,Rajasthan,Udaipur,Health & Public Health,Ayushman Bharat PM-JAY,No,No,Low,18-25,2025-08-27 21:39:56
USR003878,Mizoram,Saiha,SC/ST/OBC Welfare,Pre Matric Scholarship SC,Yes,Yes,Middle,60+,2026-02-08 06:25:49
USR003879,Rajasthan,Ajmer,Disability Support (Divyang Schemes),Samarth Scheme,No,No,High,18-25,2025-03-16 11:22:22
USR003880,Nagaland,Tuensang,Women Empowerment & Child Welfare,Working Women Hostel Scheme,No,No,Low,18-25,2025-07-12 03:33:59
USR003881,Bihar,West Champaran,Disability Support (Divyang Schemes),Samarth Scheme,Yes,Yes,Middle,60+,2025-04-29 11:14:29
USR003882,Assam,Cachar,Senior Citizen Welfare,Rashtriya Vayoshri Yojana,Yes,No,Low,26-40,2025-10-12 12:27:44
USR003883,Himachal Pradesh,Kinnaur,Senior Citizen Welfare,National Social Assistance Programme,Yes,Yes,Middle,60+,2025-09-13 01:25:37
USR003884,Tripura,South Tripura,Disability Support (Divyang Schemes),Indira Gandhi Disability Pension,Yes,No,Low,26-40,2026-02-12 00:56:41
USR003885,Uttar Pradesh,Varanasi,Women Empowerment & Child Welfare,Beti Bachao Beti Padhao,Yes,Yes,Middle,18-25,2025-08-11 08:44:36
USR003886,Nagaland,Peren,Senior Citizen Welfare,Senior Citizen Savings Scheme,Yes,No,Low,18-25,2025-07-22 04:50:20
USR003887,Karnataka,Tumkur,Women Empowerment & Child Welfare,One Stop Centre Scheme,No,No,Middle,41-60,2025-03-26 04:34:45
USR003888,Chhattisgarh,Rajnandgaon,Disability Support (Divyang Schemes),Gharaunda Scheme,No,No,Middle,26-40,2025-04-12 01:15:39
USR003889,Himachal Pradesh,Kinnaur,Health & Public Health,Pradhan Mantri Jan Aushadhi Yojana,Yes,Yes,Low,41-60,2025-09-12 00:03:55
USR003890,Manipur,Ukhrul,Agriculture & Allied Activities,Agriculture Infrastructure Fund,No,No,Middle,18-25,2025-06-18 17:02:35
USR003891,Kerala,Kozhikode,Agriculture & Allied Activities,e-NAM,Yes,Yes,High,18-25,2025-08-28 10:50:31
USR003892,Haryana,Faridabad,Agriculture & Allied Activities,PM Kisan Maan Dhan Yojana,Yes,Yes,Middle,41-60,2025-09-13 21:35:20
USR003893,Odisha,Bargarh,Women Empowerment & Child Welfare,Mahila Samman Savings Certificate,Yes,No,Low,26-40,2025-04-06 16:08:41
USR003894,Tamil Nadu,Coimbatore,Senior Citizen Welfare,Annapurna Scheme,Yes,Yes,High,26-40,2025-04-24 15:28:11
USR003895,Telangana,Rangareddy,Health & Public Health,TB Elimination Programme,No,No,Middle,26-40,2025-03-22 12:22:35
USR003896,Karnataka,Mysore,Agriculture & Allied Activities,PM Kisan Maan Dhan Yojana,Yes,Yes,Middle,41-60,2025-05-28 20:19:46
USR003897,Sikkim,North Sikkim,Education & Scholarships,National Overseas Scholarship,Yes,No,High,41-60,2025-09-12 03:43:50
USR003898,West Bengal,Kolkata,Health & Public Health,TB Elimination Programme,Yes,Yes,Middle,41-60,2025-09-18 10:00:09
USR003899,Manipur,Imphal East,Women Empowerment & Child Welfare,STEP Scheme,No,No,Middle,60+,2025-04-12 17:48:03
USR003900,Manipur,Thoubal,Education & Scholarships,Central Sector Scholarship Scheme,No,No,High,41-60,2025-11-09 18:38:59
USR003901,Rajasthan,Bikaner,Education & Scholarships,PM Research Fellowship,No,No,Low,18-25,2025-08-27 00:06:10
USR003902,Bihar,Patna,Agriculture & Allied Activities,Paramparagat Krishi Vikas Yojana,No,No,Middle,18-25,2025-10-20 17:30:18
USR003903,Bihar,Muzaffarpur,Agriculture & Allied Activities,Agriculture Infrastructure Fund,No,No,Middle,60+,2026-01-14 06:24:38
USR003904,Mizoram,Kolasib,Agriculture & Allied Activities,Paramparagat Krishi Vikas Yojana,No,No,High,41-60,2026-02-18 21:44:05
USR003905,Sikkim,East Sikkim,Women Empowerment & Child Welfare,Anganwadi Services ICDS,No,No,Middle,60+,2025-07-12 06:23:52
USR003906,Punjab,Amritsar,Health & Public Health,TB Elimination Programme,Yes,No,Middle,60+,2025-04-29 23:04:13
USR003907,Manipur,Imphal East,Senior Citizen Welfare,Indira Gandhi National Old Age Pension,No,No,Middle,18-25,2025-03-26 16:41:37
USR003908,Karnataka,Mysore,Women Empowerment & Child Welfare,Mahila Samman Savings Certificate,Yes,Yes,High,60+,2025-09-16 15:13:36
USR003909,Kerala,Thrissur,Women Empowerment & Child Welfare,Mahila Samman Savings Certificate,No,No,High,18-25,2025-04-11 12:43:21
USR003910,Gujarat,Vadodara,Disability Support (Divyang Schemes),Deendayal Disabled Rehabilitation Scheme,No,No,High,26-40,2026-02-02 17:52:35
USR003911,Jharkhand,Dumka,Disability Support (Divyang Schemes),Accessible India Campaign,Yes,Yes,Middle,26-40,2025-03-13 02:36:02
USR003912,Bihar,Madhubani,Agriculture & Allied Activities,Agriculture Infrastructure Fund,Yes,Yes,Middle,18-25,2025-10-04 14:02:17
USR003913,West Bengal,Murshidabad,Education & Scholarships,Mid Day Meal Scheme,Yes,No,High,60+,2026-02-02 14:39:11
USR003914,Nagaland,Wokha,Health & Public Health,Pradhan Mantri Jan Aushadhi Yojana,No,No,Low,60+,2026-02-04 09:41:50
USR003915,Kerala,Ernakulathappan,Disability Support (Divyang Schemes),Gharaunda Scheme,Yes,Yes,High,41-60,2025-03-14 22:19:58
USR003916,Manipur,Ukhrul,Health & Public Health,Pradhan Mantri Jan Aushadhi Yojana,No,No,Low,60+,2025-10-18 11:38:23
USR003917,Bihar,Muzaffarpur,Health & Public Health,Mission Indradhanush,Yes,No,High,60+,2025-05-11 07:30:28
USR003918,Tripura,Dhalai,Health & Public Health,Pradhan Mantri Jan Aushadhi Yojana,No,No,High,60+,2025-08-08 06:29:35
USR003919,Tamil Nadu,Chennai,SC/ST/OBC Welfare,Credit Enhancement Scheme SC,Yes,Yes,High,41-60,2025-04-01 00:18:38
USR003920,Kerala,Thiruvananthapuram,Women Empowerment & Child Welfare,STEP Scheme,Yes,Yes,High,18-25,2025-09-07 14:16:01
USR003921,West Bengal,Howrah,Education & Scholarships,Central Sector Scholarship Scheme,Yes,Yes,High,60+,2025-12-19 06:31:32
USR003922,Tamil Nadu,Chennai,Disability Support (Divyang Schemes),Samarth Scheme,Yes,Yes,Middle,60+,2025-04-22 10:59:46
USR003923,Assam,Nagaon,Agriculture & Allied Activities,Kisan Credit Card,Yes,No,Low,18-25,2025-11-16 18:23:03
USR003924,Karnataka,Bangalore,Education & Scholarships,Pre Matric Scholarship OBC,Yes,Yes,Low,18-25,2025-09-14 20:39:35
USR003925,Gujarat,Surat,Health & Public Health,Rashtriya Swasthya Bima Yojana,Yes,Yes,Low,26-40,2025-07-10 10:59:12
USR003926,Nagaland,Zunheboto,SC/ST/OBC Welfare,PM DAKSH Scheme,Yes,No,Low,60+,2025-07-07 16:06:32
USR003927,Uttarakhand,Pithoragarh,Education & Scholarships,SHREYAS Scheme,No,No,Low,41-60,2026-02-28 04:10:56
USR003928,Chhattisgarh,Raipur,SC/ST/OBC Welfare,Top Class Education SC,No,No,Low,41-60,2025-07-03 06:59:23
USR003929,Haryana,Hisar,Senior Citizen Welfare,PM Vaya Vandana Yojana,No,No,High,60+,2025-06-07 11:13:26
USR003930,Kerala,Kozhikode,Agriculture & Allied Activities,Kisan Credit Card,No,No,High,18-25,2025-06-22 19:55:37
USR003931,Kerala,Kozhikode,Senior Citizen Welfare,Elderline Helpline,Yes,Yes,Middle,18-25,2025-03-30 14:11:10
USR003932,Karnataka,Tumkur,Women Empowerment & Child Welfare,Mahila Shakti Kendra,No,No,Middle,41-60,2025-05-24 06:26:33
USR003933,Mizoram,Kolasib,Women Empowerment & Child Welfare,Mahila Shakti Kendra,No,No,Low,26-40,2025-11-29 01:26:29
USR003934,Karnataka,Mysore,SC/ST/OBC Welfare,Credit Enhancement Scheme SC,Yes,No,Low,18-25,2025-06-13 03:17:08
USR003935,West Bengal,Birbhum,Education & Scholarships,National Overseas Scholarship,No,No,Low,26-40,2025-05-27 00:10:12
USR003936,Uttar Pradesh,Meerut,Education & Scholarships,Top Class Education Scheme,Yes,No,Middle,41-60,2025-10-26 17:26:44
USR003937,Bihar,East Champaran,Disability Support (Divyang Schemes),Sahyogi Scheme,Yes,Yes,Middle,41-60,2025-05-17 01:12:03
USR003938,Telangana,Nalgonda,Education & Scholarships,National Overseas Scholarship,Yes,No,High,41-60,2026-01-16 23:19:25
USR003939,Manipur,Thoubal,Women Empowerment & Child Welfare,POSHAN Abhiyaan,Yes,Yes,Middle,26-40,2026-02-15 19:42:04
USR003940,Odisha,Cuttack,Women Empowerment & Child Welfare,POSHAN Abhiyaan,Yes,Yes,Middle,26-40,2025-07-15 02:01:21
USR003941,Himachal Pradesh,Kangra,Agriculture & Allied Activities,Agriculture Infrastructure Fund,Yes,Yes,Low,41-60,2025-08-04 05:26:25
USR003942,Chhattisgarh,Rajnandgaon,Women Empowerment & Child Welfare,Pradhan Mantri Matru Vandana Yojana,Yes,No,Low,41-60,2025-05-31 13:28:48
USR003943,Tripura,South Tripura,Agriculture & Allied Activities,Agriculture Infrastructure Fund,Yes,Yes,Middle,26-40,2025-09-04 00:45:43
USR003944,Andhra Pradesh,Chittoor,Agriculture & Allied Activities,National Horticulture Mission,No,No,High,60+,2025-04-06 04:36:15
USR003945,Karnataka,Bangalore,Women Empowerment & Child Welfare,Mahila Samman Savings Certificate,Yes,Yes,Middle,26-40,2025-08-18 22:57:50
USR003946,Jharkhand,Dumka,Disability Support (Divyang Schemes),National Trust Niramaya,No,No,Middle,60+,2025-11-11 08:22:31
USR003947,Chhattisgarh,Bilaspur,Education & Scholarships,National Overseas Scholarship,Yes,Yes,High,18-25,2025-06-23 00:51:29
USR003948,Uttarakhand,Bageshwar,Health & Public Health,eSanjeevani Telemedicine,Yes,Yes,Low,41-60,2025-09-28 11:49:19
USR003949,Tripura,South Tripura,Agriculture & Allied Activities,Kisan Credit Card,No,No,Middle,18-25,2025-07-04 01:06:40
USR003950,Punjab,Ferozepur,Disability Support (Divyang Schemes),Vidyasagar Scheme,Yes,Yes,Low,60+,2025-05-20 13:58:36
USR003951,Andhra Pradesh,Guntur,Disability Support (Divyang Schemes),Samarth Scheme,Yes,Yes,Low,41-60,2026-01-01 11:07:44
USR003952,Tamil Nadu,Salem,Health & Public Health,Pradhan Mantri Surakshit Matritva Abhiyan,Yes,Yes,Middle,18-25,2025-07-02 13:11:01
USR003953,Tamil Nadu,Tiruppur,SC/ST/OBC Welfare,National Fellowship SC,Yes,Yes,High,26-40,2025-06-23 13:32:22
USR003954,Maharashtra,Nashik,Agriculture & Allied Activities,Agriculture Infrastructure Fund,No,No,Middle,60+,2025-09-16 07:08:54
USR003955,Gujarat,Vadodara,Women Empowerment & Child Welfare,Pradhan Mantri Matru Vandana Yojana,No,No,Low,18-25,2025-05-14 17:02:16
USR003956,Bihar,East Champaran,SC/ST/OBC Welfare,National Fellowship SC,No,No,Low,60+,2025-12-02 23:43:38
USR003957,Sikkim,West Sikkim,Senior Citizen Welfare,Varishtha Pension Bima Yojana,Yes,Yes,Low,41-60,2025-10-21 01:27:17
USR003958,Himachal Pradesh,Kinnaur,Health & Public Health,eSanjeevani Telemedicine,No,No,High,18-25,2025-04-01 07:18:16
USR003959,Karnataka,Bangalore,Agriculture & Allied Activities,Kisan Credit Card,No,No,High,18-25,2025-09-15 08:41:16
USR003960,Tripura,Khowai,SC/ST/OBC Welfare,Free Coaching Scheme SC OBC,Yes,Yes,High,26-40,2025-06-04 13:36:39
USR003961,Maharashtra,Nashik,Women Empowerment & Child Welfare,Ujjawala Scheme,Yes,Yes,Low,60+,2025-03-05 08:40:22
USR003962,Himachal Pradesh,Kangra,Health & Public Health,Pradhan Mantri Surakshit Matritva Abhiyan,Yes,Yes,Middle,41-60,2025-04-23 03:52:10
USR003963,Sikkim,West Sikkim,Senior Citizen Welfare,Varishtha Pension Bima Yojana,Yes,Yes,Middle,18-25,2025-04-18 20:05:58
USR003964,West Bengal,Murshidabad,Education & Scholarships,Vidya Lakshmi Scheme,Yes,No,Middle,26-40,2025-10-19 10:09:35
USR003965,Punjab,Patiala,Senior Citizen Welfare,PM Vaya Vandana Yojana,Yes,Yes,Middle,41-60,2025-08-27 15:54:32
USR003966,Kerala,Thrissur,Disability Support (Divyang Schemes),Samarth Scheme,Yes,No,Low,18-25,2025-07-06 21:02:29
USR003967,Madhya Pradesh,Ujjain,Agriculture & Allied Activities,Agriculture Infrastructure Fund,Yes,No,High,60+,2025-10-21 03:57:26
USR003968,Mizoram,Kolasib,Health & Public Health,Mission Indradhanush,Yes,Yes,Low,60+,2025-09-04 22:53:40
USR003969,Assam,Kamrup,Women Empowerment & Child Welfare,Mahila Shakti Kendra,No,No,High,41-60,2025-03-16 15:09:30
USR003970,Manipur,Imphal West,Senior Citizen Welfare,Rashtriya Vayoshri Yojana,Yes,No,Low,60+,2025-08-14 23:10:43
USR003971,Manipur,Ukhrul,Agriculture & Allied Activities,Agriculture Infrastructure Fund,Yes,No,Middle,60+,2025-10-22 19:02:05
USR003972,Karnataka,Mysore,Senior Citizen Welfare,Elderline Helpline,Yes,No,High,60+,2026-02-08 09:55:51
USR003973,Himachal Pradesh,Solan,SC/ST/OBC Welfare,NSFDC Loan Schemes,No,No,Low,41-60,2026-02-23 18:19:10
USR003974,Odisha,Sambalpur,SC/ST/OBC Welfare,National Fellowship SC,Yes,Yes,Middle,60+,2025-08-24 00:18:54
USR003975,Chhattisgarh,Janjgir-Champa,Health & Public Health,Pradhan Mantri Jan Aushadhi Yojana,Yes,Yes,Low,26-40,2025-03-13 21:15:06
USR003976,Rajasthan,Barmer,Agriculture & Allied Activities,PM Kisan Maan Dhan Yojana,Yes,Yes,High,26-40,2025-03-09 17:35:45
USR003977,Sikkim,West Sikkim,SC/ST/OBC Welfare,Venture Capital Fund SC,Yes,Yes,Low,26-40,2025-04-19 12:22:52
USR003978,Tripura,South Tripura,Women Empowerment & Child Welfare,Beti Bachao Beti Padhao,No,No,Middle,18-25,2025-08-14 00:57:58
USR003979,Madhya Pradesh,Jabalpur,Senior Citizen Welfare,Integrated Programme for Older Persons,Yes,No,High,60+,2025-10-11 08:17:47
USR003980,Andhra Pradesh,Chittoor,Disability Support (Divyang Schemes),Indira Gandhi Disability Pension,No,No,Middle,26-40,2025-08-17 03:02:47
USR003981,Sikkim,South Sikkim,Education & Scholarships,Mid Day Meal Scheme,No,No,Low,26-40,2025-07-26 23:22:05
USR003982,Jharkhand,Godda,SC/ST/OBC Welfare,Venture Capital Fund SC,No,No,High,41-60,2025-07-19 08:55:23
USR003983,Kerala,Thiruvananthapuram,Health & Public Health,National Health Mission,Yes,No,Middle,41-60,2025-07-18 12:07:28
USR003984,Himachal Pradesh,Lahul,Women Empowerment & Child Welfare,Pradhan Mantri Matru Vandana Yojana,Yes,Yes,Middle,60+,2026-01-01 15:52:13
USR003985,Uttarakhand,Pithoragarh,Education & Scholarships,Post Matric Scholarship SC,Yes,Yes,Low,41-60,2025-06-18 05:23:33
USR003986,Chhattisgarh,Janjgir-Champa,Education & Scholarships,Post Matric Scholarship SC,No,No,High,41-60,2025-06-16 01:15:30
USR003987,Kerala,Kozhikode,SC/ST/OBC Welfare,Pre Matric Scholarship SC,Yes,Yes,Middle,26-40,2025-07-02 23:21:51
USR003988,Punjab,Amritsar,Women Empowerment & Child Welfare,POSHAN Abhiyaan,Yes,Yes,Low,41-60,2025-04-26 10:51:30
USR003989,Himachal Pradesh,Shimla,Disability Support (Divyang Schemes),Vidyasagar Scheme,Yes,Yes,High,18-25,2025-12-22 01:46:26
USR003990,Gujarat,Surat,Senior Citizen Welfare,PM Vaya Vandana Yojana,No,No,Low,26-40,2026-02-22 07:07:51
USR003991,Punjab,Patiala,Women Empowerment & Child Welfare,POSHAN Abhiyaan,No,No,Middle,41-60,2025-10-23 19:58:32
USR003992,Uttar Pradesh,Banaras,Senior Citizen Welfare,Rashtriya Vayoshri Yojana,Yes,Yes,Low,26-40,2025-08-29 04:36:36
USR003993,Andhra Pradesh,Visakhapatnam,Disability Support (Divyang Schemes),ADIP Scheme,Yes,No,Middle,18-25,2025-12-01 00:06:09
USR003994,Jharkhand,Dumka,Agriculture & Allied Activities,Soil Health Card Scheme,Yes,Yes,Middle,26-40,2025-08-17 05:03:54
USR003995,Rajasthan,Ajmer,Health & Public Health,TB Elimination Programme,Yes,Yes,Low,60+,2025-06-16 13:41:35
USR003996,Punjab,Ludhiana,Education & Scholarships,National Overseas Scholarship,Yes,Yes,Low,18-25,2025-11-13 21:41:07
USR003997,Telangana,Nalgonda,Agriculture & Allied Activities,e-NAM,No,No,Middle,18-25,2025-04-10 00:56:10
USR003998,Himachal Pradesh,Shimla,Senior Citizen Welfare,Atal Pension Yojana,Yes,Yes,Middle,18-25,2025-03-18 20:04:10
USR003999,Madhya Pradesh,Bhopal,SC/ST/OBC Welfare,PM DAKSH Scheme,Yes,Yes,High,26-40,2025-06-15 12:36:54
USR004000,West Bengal,Kolkata,Senior Citizen Welfare,Indira Gandhi National Old Age Pension,No,No,High,26-40,2025-12-04 20:03:54
USR004001,Meghalaya,East Garo Hills,Senior Citizen Welfare,National Social Assistance Programme,No,No,High,26-40,2026-02-26 11:47:30
USR004002,West Bengal,Birbhum,SC/ST/OBC Welfare,Venture Capital Fund SC,Yes,No,High,18-25,2025-04-11 23:57:57
USR004003,West Bengal,Murshidabad,Disability Support (Divyang Schemes),Vidyasagar Scheme,No,No,High,18-25,2025-08-11 05:48:01
USR004004,Madhya Pradesh,Sagar,SC/ST/OBC Welfare,Free Coaching Scheme SC OBC,Yes,Yes,High,26-40,2025-09-25 21:38:50
USR004005,Madhya Pradesh,Sagar,SC/ST/OBC Welfare,Credit Enhancement Scheme SC,Yes,Yes,High,26-40,2025-10-15 14:22:29
USR004006,Jharkhand,Godda,Disability Support (Divyang Schemes),Unique Disability ID UDID,Yes,No,High,60+,2025-11-24 11:19:08
USR004007,Haryana,Rohtak,Disability Support (Divyang Schemes),National Trust Niramaya,Yes,Yes,High,60+,2025-12-31 14:12:07
USR004008,Chhattisgarh,Bilaspur,SC/ST/OBC Welfare,Credit Enhancement Scheme SC,No,No,High,18-25,2026-02-03 17:24:40
USR004009,Madhya Pradesh,Bhopal,SC/ST/OBC Welfare,Top Class Education SC,No,No,High,41-60,2025-10-27 07:56:46
USR004010,West Bengal,Darjeeling,Education & Scholarships,Mid Day Meal Scheme,No,No,Low,41-60,2025-09-04 05:28:16
USR004011,Bihar,East Champaran,Agriculture & Allied Activities,e-NAM,Yes,Yes,High,60+,2025-09-30 08:20:15
USR004012,Madhya Pradesh,Bhopal,Agriculture & Allied Activities,e-NAM,Yes,Yes,Middle,26-40,2025-09-09 19:38:01
USR004013,Haryana,Rohtak,Disability Support (Divyang Schemes),Vidyasagar Scheme,No,No,Middle,60+,2025-07-28 05:19:38
USR004014,Uttarakhand,Pithoragarh,Disability Support (Divyang Schemes),Unique Disability ID UDID,Yes,Yes,Middle,60+,2025-08-04 05:55:17
USR004015,Rajasthan,Jaipur,Agriculture & Allied Activities,National Horticulture Mission,No,No,Middle,18-25,2025-07-18 15:02:58
USR004016,Himachal Pradesh,Lahul,SC/ST/OBC Welfare,NSFDC Loan Schemes,No,No,High,41-60,2025-04-07 23:38:17
USR004017,Nagaland,Kohima,Education & Scholarships,National Means Cum Merit Scholarship,Yes,No,Middle,41-60,2025-06-30 05:55:30
USR004018,Sikkim,South Sikkim,Agriculture & Allied Activities,PM-KISAN,Yes,Yes,Low,26-40,2025-06-07 13:09:23
USR004019,Sikkim,North Sikkim,Women Empowerment & Child Welfare,Mahila Samman Savings Certificate,No,No,Low,18-25,2025-07-28 10:32:53
USR004020,Madhya Pradesh,Indore,Disability Support (Divyang Schemes),Unique Disability ID UDID,No,No,Low,26-40,2026-01-31 10:11:41
USR004021,Uttar Pradesh,Banaras,SC/ST/OBC Welfare,Venture Capital Fund SC,No,No,High,60+,2025-12-16 05:00:17
USR004022,Bihar,Araria,Senior Citizen Welfare,Indira Gandhi National Old Age Pension,No,No,High,26-40,2025-06-28 08:50:17
USR004023,Punjab,Amritsar,Women Empowerment & Child Welfare,STEP Scheme,Yes,No,High,60+,2025-03-30 22:27:05
USR004024,Maharashtra,Nagpur,Education & Scholarships,Pre Matric Scholarship OBC,No,No,Middle,41-60,2025-08-25 14:01:33
USR004025,Himachal Pradesh,Kangra,Education & Scholarships,PM Research Fellowship,No,No,High,41-60,2025-06-02 18:40:07
USR004026,Meghalaya,West Garo Hills,Senior Citizen Welfare,Atal Pension Yojana,Yes,Yes,Middle,18-25,2025-06-08 09:00:34
USR004027,Bihar,Muzaffarpur,SC/ST/OBC Welfare,Free Coaching Scheme SC OBC,Yes,No,Low,26-40,2026-02-17 07:49:36
USR004028,Punjab,Ludhiana,Disability Support (Divyang Schemes),Accessible India Campaign,Yes,No,Middle,18-25,2025-07-20 14:11:11
USR004029,Tamil Nadu,Madurai,Senior Citizen Welfare,Elderline Helpline,Yes,No,High,26-40,2025-12-20 11:27:21
USR004030,Odisha,Bhubaneswar,Women Empowerment & Child Welfare,Pradhan Mantri Matru Vandana Yojana,Yes,Yes,Low,41-60,2025-05-05 00:38:31
USR004031,Karnataka,Tumkur,Education & Scholarships,Post Matric Scholarship SC,Yes,Yes,Middle,41-60,2025-11-11 18:33:17
USR004032,Manipur,Ukhrul,Senior Citizen Welfare,Varishtha Pension Bima Yojana,No,No,Middle,41-60,2026-02-26 08:08:18
USR004033,Sikkim,North Sikkim,Senior Citizen Welfare,PM Vaya Vandana Yojana,No,No,Low,60+,2025-11-09 00:25:43
USR004034,Bihar,West Champaran,Health & Public Health,Mission Indradhanush,Yes,Yes,High,26-40,2026-02-27 18:37:36
USR004035,Assam,Cachar,Senior Citizen Welfare,PM Vaya Vandana Yojana,Yes,Yes,Middle,18-25,2025-09-16 08:22:05
USR004036,Tripura,Khowai,Education & Scholarships,Post Matric Scholarship SC,Yes,Yes,Low,60+,2025-04-07 06:15:02
USR004037,Tamil Nadu,Salem,Women Empowerment & Child Welfare,Pradhan Mantri Matru Vandana Yojana,No,No,High,26-40,2025-10-31 10:42:08
USR004038,Chhattisgarh,Rajnandgaon,Agriculture & Allied Activities,Pradhan Mantri Fasal Bima Yojana,Yes,Yes,Middle,41-60,2025-12-30 20:18:20
USR004039,Telangana,Nalgonda,Disability Support (Divyang Schemes),National Trust Niramaya,Yes,No,Low,18-25,2025-07-27 23:55:37
USR004040,Maharashtra,Mumbai,Health & Public Health,National Digital Health Mission,No,No,Low,18-25,2025-04-08 09:18:29
USR004041,Sikkim,East Sikkim,Women Empowerment & Child Welfare,Ujjawala Scheme,Yes,Yes,High,18-25,2025-09-16 08:54:10
USR004042,Tripura,West Tripura,Health & Public Health,Ayushman Bharat PM-JAY,Yes,Yes,Middle,60+,2025-08-18 19:25:57
USR004043,Uttarakhand,Almora,Education & Scholarships,PM Research Fellowship,Yes,Yes,Low,60+,2025-07-31 01:47:26
USR004044,Assam,Morigaon,Education & Scholarships,Vidya Lakshmi Scheme,No,No,High,60+,2025-10-28 13:02:29
USR004045,Uttarakhand,Almora,Senior Citizen Welfare,PM Vaya Vandana Yojana,No,No,High,18-25,2025-10-11 18:37:51
USR004046,Uttar Pradesh,Varanasi,Senior Citizen Welfare,PM Vaya Vandana Yojana,Yes,Yes,High,41-60,2026-02-06 18:51:40
USR004047,Telangana,Nalgonda,Health & Public Health,Ayushman Bharat PM-JAY,No,No,Low,60+,2025-07-20 12:00:11
USR004048,Kerala,Kottayam,Agriculture & Allied Activities,Soil Health Card Scheme,Yes,Yes,Low,41-60,2025-12-18 17:40:09
USR004049,Meghalaya,West Garo Hills,Senior Citizen Welfare,PM Vaya Vandana Yojana,No,No,High,26-40,2025-05-31 14:11:24
USR004050,Telangana,Karimnagar,Disability Support (Divyang Schemes),Sahyogi Scheme,Yes,Yes,Low,18-25,2026-02-28 18:55:21
USR004051,Manipur,Bishnupur,SC/ST/OBC Welfare,Venture Capital Fund SC,No,No,Low,26-40,2025-08-10 17:14:41
USR004052,Tamil Nadu,Chennai,Senior Citizen Welfare,Atal Pension Yojana,No,No,Low,18-25,2025-09-12 00:59:39
USR004053,Uttarakhand,Pithoragarh,SC/ST/OBC Welfare,National Fellowship SC,No,No,High,18-25,2025-10-14 14:01:56
USR004054,Maharashtra,Nashik,SC/ST/OBC Welfare,Free Coaching Scheme SC OBC,No,No,Low,26-40,2025-10-16 05:03:51
USR004055,Chhattisgarh,Bilaspur,Health & Public Health,National Digital Health Mission,Yes,Yes,Middle,18-25,2025-12-27 12:12:20
USR004056,Uttar Pradesh,Varanasi,Women Empowerment & Child Welfare,Anganwadi Services ICDS,Yes,Yes,Middle,41-60,2026-02-11 07:13:19
USR004057,Telangana,Rangareddy,Disability Support (Divyang Schemes),Accessible India Campaign,Yes,No,High,60+,2026-02-08 08:40:33
USR004058,Mizoram,Aizawl,Health & Public Health,National Health Mission,Yes,Yes,High,18-25,2025-03-12 05:15:34
USR004059,Chhattisgarh,Bilaspur,Disability Support (Divyang Schemes),Unique Disability ID UDID,Yes,Yes,Low,18-25,2025-07-27 02:24:13
USR004060,Tripura,South Tripura,Women Empowerment & Child Welfare,One Stop Centre Scheme,Yes,No,Middle,18-25,2025-07-26 04:31:22
USR004061,Andhra Pradesh,Chittoor,SC/ST/OBC Welfare,NSFDC Loan Schemes,Yes,No,Middle,41-60,2025-05-12 18:33:50
USR004062,Bihar,West Champaran,Health & Public Health,eSanjeevani Telemedicine,No,No,Low,18-25,2025-11-10 13:51:30
USR004063,Punjab,Ludhiana,Health & Public Health,eSanjeevani Telemedicine,Yes,Yes,Middle,26-40,2025-04-19 23:07:56
USR004064,Jharkhand,Deoghar,SC/ST/OBC Welfare,Credit Enhancement Scheme SC,Yes,Yes,Low,60+,2025-04-21 17:33:04
USR004065,Himachal Pradesh,Kinnaur,Health & Public Health,Janani Suraksha Yojana,Yes,Yes,Low,41-60,2026-01-01 11:54:59
USR004066,Tamil Nadu,Madurai,Health & Public Health,Ayushman Bharat PM-JAY,No,No,High,18-25,2025-05-25 01:32:09
USR004067,Haryana,Rohtak,Disability Support (Divyang Schemes),Accessible India Campaign,Yes,Yes,Middle,18-25,2026-01-22 19:09:29
USR004068,Assam,Morigaon,Women Empowerment & Child Welfare,Beti Bachao Beti Padhao,No,No,High,60+,2025-06-29 07:30:28
USR004069,Bihar,Patna,Senior Citizen Welfare,Integrated Programme for Older Persons,Yes,Yes,High,18-25,2026-01-28 01:55:12
USR004070,Rajasthan,Ajmer,Senior Citizen Welfare,Atal Pension Yojana,Yes,Yes,Low,26-40,2025-06-02 04:56:02
USR004071,Haryana,Karnal,Agriculture & Allied Activities,Pradhan Mantri Fasal Bima Yojana,No,No,Middle,60+,2026-02-13 17:25:19
USR004072,Karnataka,Hubli,Agriculture & Allied Activities,Pradhan Mantri Fasal Bima Yojana,Yes,Yes,Middle,18-25,2025-04-07 07:51:55
USR004073,Chhattisgarh,Rajnandgaon,Agriculture & Allied Activities,PM Kisan Maan Dhan Yojana,Yes,No,Middle,41-60,2026-01-20 22:10:29
USR004074,Andhra Pradesh,Kadapa,Agriculture & Allied Activities,Soil Health Card Scheme,Yes,Yes,Middle,41-60,2025-03-13 10:42:34
USR004075,Telangana,Hyderabad,Education & Scholarships,PM Research Fellowship,Yes,Yes,Middle,18-25,2025-03-24 03:14:55
USR004076,West Bengal,Kolkata,Agriculture & Allied Activities,Paramparagat Krishi Vikas Yojana,No,No,High,41-60,2026-01-24 09:59:21
USR004077,Punjab,Ludhiana,Education & Scholarships,National Means Cum Merit Scholarship,No,No,Middle,41-60,2025-09-19 16:14:40
USR004078,Rajasthan,Barmer,Agriculture & Allied Activities,PM-KISAN,Yes,Yes,High,60+,2025-06-23 01:59:34
USR004079,Manipur,Thoubal,Disability Support (Divyang Schemes),Indira Gandhi Disability Pension,Yes,Yes,High,26-40,2025-07-26 02:17:43
USR004080,Punjab,Sangrur,Education & Scholarships,SHREYAS Scheme,Yes,No,Low,60+,2025-10-12 20:53:13
USR004081,Madhya Pradesh,Ujjain,Women Empowerment & Child Welfare,Working Women Hostel Scheme,Yes,No,Middle,41-60,2025-07-01 11:08:02
USR004082,Chhattisgarh,Janjgir-Champa,Disability Support (Divyang Schemes),National Trust Niramaya,Yes,Yes,Middle,41-60,2025-08-13 21:41:55
USR004083,Karnataka,Belgaum,SC/ST/OBC Welfare,PM DAKSH Scheme,Yes,Yes,Low,18-25,2025-03-28 00:23:57
USR004084,Maharashtra,Aurangabad,Senior Citizen Welfare,National Social Assistance Programme,Yes,Yes,Low,41-60,2025-09-12 06:25:12
USR004085,Mizoram,Lunglei,Senior Citizen Welfare,National Social Assistance Programme,No,No,Middle,41-60,2025-09-07 16:00:48
USR004086,Assam,Sonitpur,Education & Scholarships,SHREYAS Scheme,No,No,Middle,18-25,2026-02-22 08:31:40
USR004087,Tamil Nadu,Coimbatore,Senior Citizen Welfare,Elderline Helpline,Yes,Yes,Low,41-60,2025-06-22 05:05:44
USR004088,Madhya Pradesh,Sagar,Education & Scholarships,National Overseas Scholarship,Yes,No,Low,26-40,2025-10-08 06:29:29
USR004089,Uttarakhand,Dehradun,SC/ST/OBC Welfare,Post Matric Scholarship OBC,Yes,No,Low,60+,2025-03-22 22:42:33
USR004090,Maharashtra,Pune,Disability Support (Divyang Schemes),Gharaunda Scheme,No,No,Low,41-60,2025-12-17 18:40:44
USR004091,Tamil Nadu,Coimbatore,Agriculture & Allied Activities,Agriculture Infrastructure Fund,Yes,Yes,Middle,18-25,2025-04-23 19:12:54
USR004092,Uttarakhand,Nainital,Agriculture & Allied Activities,National Horticulture Mission,Yes,Yes,High,18-25,2026-01-21 15:19:38
USR004093,Jharkhand,Giridih,Disability Support (Divyang Schemes),Accessible India Campaign,Yes,Yes,High,41-60,2025-04-19 21:57:59
USR004094,Bihar,Patna,Education & Scholarships,National Means Cum Merit Scholarship,Yes,Yes,Low,41-60,2025-11-10 14:01:31
USR004095,Meghalaya,West Garo Hills,Education & Scholarships,Vidya Lakshmi Scheme,Yes,Yes,Low,41-60,2025-11-10 02:15:11
USR004096,Karnataka,Tumkur,Agriculture & Allied Activities,National Horticulture Mission,Yes,Yes,High,18-25,2025-09-19 12:09:28
USR004097,Madhya Pradesh,Indore,Disability Support (Divyang Schemes),Unique Disability ID UDID,Yes,No,Low,26-40,2025-07-18 17:49:58
USR004098,Gujarat,Vadodara,Health & Public Health,Pradhan Mantri Jan Aushadhi Yojana,No,No,Middle,26-40,2025-10-27 17:24:33
USR004099,Haryana,Faridabad,Education & Scholarships,SHREYAS Scheme,Yes,Yes,High,26-40,2025-10-16 06:57:06
USR004100,Assam,Sonitpur,Senior Citizen Welfare,Senior Citizen Savings Scheme,No,No,High,41-60,2025-08-08 21:05:25
USR004101,Chhattisgarh,Durg,Senior Citizen Welfare,Annapurna Scheme,Yes,No,Middle,41-60,2025-07-05 15:08:49
USR004102,Chhattisgarh,Janjgir-Champa,Senior Citizen Welfare,Integrated Programme for Older Persons,No,No,High,41-60,2026-01-28 11:38:58
USR004103,Sikkim,South Sikkim,SC/ST/OBC Welfare,Top Class Education SC,No,No,Middle,18-25,2025-11-02 06:21:00
USR004104,Nagaland,Tuensang,Women Empowerment & Child Welfare,Working Women Hostel Scheme,Yes,Yes,High,60+,2025-04-04 14:59:00
USR004105,Madhya Pradesh,Ujjain,Senior Citizen Welfare,PM Vaya Vandana Yojana,Yes,No,High,18-25,2025-07-31 07:40:46
USR004106,Tripura,South Tripura,Education & Scholarships,Post Matric Scholarship SC,No,No,High,18-25,2025-07-29 17:26:19
USR004107,Manipur,Imphal East,Women Empowerment & Child Welfare,Anganwadi Services ICDS,Yes,No,High,26-40,2025-10-29 20:40:28
USR004108,Haryana,Rohtak,SC/ST/OBC Welfare,Free Coaching Scheme SC OBC,No,No,High,26-40,2025-10-22 20:19:54
USR004109,Bihar,East Champaran,Education & Scholarships,National Means Cum Merit Scholarship,Yes,Yes,Low,26-40,2025-11-05 14:01:13
USR004110,Jharkhand,Dumka,Senior Citizen Welfare,National Social Assistance Programme,No,No,Middle,18-25,2025-09-11 12:03:09
USR004111,Karnataka,Mysore,Senior Citizen Welfare,PM Vaya Vandana Yojana,Yes,Yes,High,18-25,2025-08-19 12:56:37
USR004112,Madhya Pradesh,Gwalior,Education & Scholarships,Central Sector Scholarship Scheme,Yes,Yes,High,26-40,2025-09-11 08:57:56
USR004113,Telangana,Rangareddy,Women Empowerment & Child Welfare,Working Women Hostel Scheme,No,No,Low,60+,2025-05-06 19:30:55
USR004114,Gujarat,Junagadh,Education & Scholarships,National Means Cum Merit Scholarship,No,No,Low,18-25,2025-09-11 06:06:17
USR004115,Uttar Pradesh,Varanasi,Agriculture & Allied Activities,e-NAM,No,No,High,60+,2026-02-21 18:03:02
USR004116,Odisha,Cuttack,Health & Public Health,TB Elimination Programme,No,No,Low,41-60,2025-11-02 17:50:15
USR004117,Nagaland,Dimapur,Senior Citizen Welfare,Senior Citizen Savings Scheme,No,No,Low,18-25,2025-03-30 11:06:04
USR004118,Tamil Nadu,Salem,Education & Scholarships,Pre Matric Scholarship OBC,Yes,No,Low,18-25,2025-09-07 17:56:18
USR004119,Tamil Nadu,Chennai,Disability Support (Divyang Schemes),Gharaunda Scheme,No,No,Middle,60+,2026-01-24 10:25:03
USR004120,Manipur,Thoubal,Disability Support (Divyang Schemes),Gharaunda Scheme,No,No,Low,41-60,2025-07-04 02:02:21
USR004121,Maharashtra,Kolhapur,Disability Support (Divyang Schemes),Sahyogi Scheme,No,No,Low,18-25,2025-09-15 07:43:49
USR004122,West Bengal,Howrah,Health & Public Health,Rashtriya Swasthya Bima Yojana,Yes,Yes,High,41-60,2025-06-12 12:14:39
USR004123,Andhra Pradesh,Krishna,Senior Citizen Welfare,Varishtha Pension Bima Yojana,No,No,Low,41-60,2025-07-03 17:49:52
USR004124,Maharashtra,Pune,Education & Scholarships,National Overseas Scholarship,Yes,No,Middle,60+,2025-07-31 20:53:19
USR004125,Tripura,Khowai,Agriculture & Allied Activities,PM-KISAN,No,No,High,18-25,2025-11-16 23:03:05
USR004126,Assam,Barpeta,Education & Scholarships,Mid Day Meal Scheme,Yes,Yes,Low,18-25,2025-09-19 15:39:45
USR004127,Chhattisgarh,Durg,Agriculture & Allied Activities,Agriculture Infrastructure Fund,Yes,Yes,High,26-40,2025-07-22 09:07:07
USR004128,Maharashtra,Aurangabad,Education & Scholarships,National Means Cum Merit Scholarship,Yes,Yes,Middle,60+,2025-11-26 21:34:36
USR004129,Punjab,Jalandhar,Senior Citizen Welfare,Integrated Programme for Older Persons,Yes,No,Low,41-60,2025-07-09 18:21:29
USR004130,Himachal Pradesh,Kinnaur,Disability Support (Divyang Schemes),Sahyogi Scheme,Yes,Yes,Low,26-40,2025-03-19 05:39:06
USR004131,Andhra Pradesh,Krishna,Agriculture & Allied Activities,e-NAM,Yes,Yes,High,18-25,2025-04-28 21:27:48
USR004132,Bihar,West Champaran,Disability Support (Divyang Schemes),ADIP Scheme,No,No,Low,26-40,2025-04-17 21:08:11
USR004133,Uttarakhand,Haridwar,Health & Public Health,Pradhan Mantri Surakshit Matritva Abhiyan,Yes,Yes,High,41-60,2025-11-12 22:41:50
USR004134,Telangana,Medchal,Senior Citizen Welfare,Senior Citizen Savings Scheme,Yes,Yes,Low,41-60,2025-11-01 05:36:19
USR004135,Gujarat,Surat,Disability Support (Divyang Schemes),Indira Gandhi Disability Pension,Yes,Yes,High,41-60,2025-09-25 10:28:39
USR004136,Uttarakhand,Dehradun,Health & Public Health,National Digital Health Mission,Yes,No,Low,18-25,2025-05-14 02:01:05
USR004137,Andhra Pradesh,Visakhapatnam,Senior Citizen Welfare,PM Vaya Vandana Yojana,Yes,No,High,60+,2025-03-01 13:04:17
USR004138,West Bengal,Darjeeling,Education & Scholarships,PM Research Fellowship,No,No,High,41-60,2025-05-23 12:02:35
USR004139,Meghalaya,East Khasi Hills,Health & Public Health,eSanjeevani Telemedicine,No,No,High,41-60,2025-08-14 07:05:51
USR004140,West Bengal,Kolkata,Disability Support (Divyang Schemes),National Trust Niramaya,No,No,High,60+,2025-10-17 20:45:44
USR004141,Himachal Pradesh,Shimla,Education & Scholarships,Mid Day Meal Scheme,No,No,Middle,18-25,2025-11-02 22:29:56
USR004142,West Bengal,Darjeeling,Education & Scholarships,Vidya Lakshmi Scheme,Yes,Yes,Low,60+,2025-10-05 13:46:37
USR004143,Nagaland,Zunheboto,Education & Scholarships,PM Research Fellowship,Yes,Yes,Low,60+,2025-11-17 23:44:06
USR004144,Kerala,Kannur,Senior Citizen Welfare,Indira Gandhi National Old Age Pension,No,No,High,41-60,2026-01-26 13:14:45
USR004145,Uttarakhand,Bageshwar,Health & Public Health,Rashtriya Swasthya Bima Yojana,Yes,No,High,41-60,2025-04-28 20:43:51
USR004146,Mizoram,Aizawl,Health & Public Health,Pradhan Mantri Jan Aushadhi Yojana,No,No,Middle,18-25,2025-05-29 22:15:17
USR004147,Jharkhand,Dumka,Senior Citizen Welfare,Atal Pension Yojana,No,No,Middle,18-25,2025-09-30 10:45:59
USR004148,Mizoram,Aizawl,SC/ST/OBC Welfare,Free Coaching Scheme SC OBC,No,No,High,60+,2025-12-25 12:39:23
USR004149,Maharashtra,Kolhapur,SC/ST/OBC Welfare,Free Coaching Scheme SC OBC,No,No,Middle,41-60,2025-07-03 13:04:58
USR004150,Sikkim,East Sikkim,Education & Scholarships,National Means Cum Merit Scholarship,No,No,Low,60+,2025-11-01 01:26:15
USR004151,Uttarakhand,Nainital,Agriculture & Allied Activities,Agriculture Infrastructure Fund,Yes,No,Middle,41-60,2025-12-23 01:09:37
USR004152,Chhattisgarh,Rajnandgaon,Education & Scholarships,PM Research Fellowship,Yes,Yes,Middle,41-60,2025-11-15 08:36:38
USR004153,Sikkim,South Sikkim,Senior Citizen Welfare,Integrated Programme for Older Persons,Yes,No,Low,18-25,2025-03-10 04:52:05
USR004154,Madhya Pradesh,Bhopal,Agriculture & Allied Activities,PM-KISAN,No,No,Middle,41-60,2026-02-02 10:57:49
USR004155,Assam,Sonitpur,SC/ST/OBC Welfare,Post Matric Scholarship OBC,Yes,Yes,High,18-25,2025-03-14 11:04:11
USR004156,Rajasthan,Jaipur,Senior Citizen Welfare,Integrated Programme for Older Persons,Yes,Yes,Middle,26-40,2025-12-20 23:51:10
USR004157,Jharkhand,Giridih,Education & Scholarships,Central Sector Scholarship Scheme,No,No,Low,60+,2025-12-30 10:20:00
USR004158,Telangana,Warangal,Health & Public Health,Pradhan Mantri Jan Aushadhi Yojana,Yes,Yes,Low,18-25,2025-03-15 05:09:39
USR004159,Karnataka,Mangalore,Agriculture & Allied Activities,PM-KISAN,No,No,Low,41-60,2025-09-01 04:39:10
USR004160,Tamil Nadu,Madurai,Senior Citizen Welfare,Integrated Programme for Older Persons,No,No,Low,41-60,2025-10-26 19:11:45
USR004161,Rajasthan,Ajmer,Women Empowerment & Child Welfare,Anganwadi Services ICDS,No,No,High,41-60,2025-06-03 09:59:09
USR004162,Kerala,Ernakulathappan,Women Empowerment & Child Welfare,Mahila Samman Savings Certificate,No,No,Middle,18-25,2025-10-26 07:33:12
USR004163,Bihar,East Champaran,Senior Citizen Welfare,Senior Citizen Savings Scheme,Yes,Yes,Middle,60+,2026-01-18 00:32:25
USR004164,Sikkim,West Sikkim,Agriculture & Allied Activities,PM Kisan Maan Dhan Yojana,Yes,No,High,26-40,2025-06-09 09:27:28
USR004165,Odisha,Jajpur,Senior Citizen Welfare,Senior Citizen Savings Scheme,Yes,No,Middle,60+,2025-09-12 12:10:55
USR004166,Gujarat,Surat,Disability Support (Divyang Schemes),Samarth Scheme,Yes,No,High,26-40,2025-03-16 02:07:09
USR004167,Uttar Pradesh,Lucknow,Disability Support (Divyang Schemes),Accessible India Campaign,No,No,Low,18-25,2025-12-18 13:23:31
USR004168,Tamil Nadu,Tiruppur,Education & Scholarships,Pre Matric Scholarship OBC,No,No,Middle,18-25,2025-03-16 18:27:34
USR004169,Mizoram,Lunglei,Agriculture & Allied Activities,Pradhan Mantri Fasal Bima Yojana,Yes,Yes,Middle,60+,2026-01-22 14:54:19
USR004170,Punjab,Amritsar,Women Empowerment & Child Welfare,POSHAN Abhiyaan,No,No,High,60+,2025-07-22 00:19:03
USR004171,Karnataka,Bangalore,Agriculture & Allied Activities,Paramparagat Krishi Vikas Yojana,No,No,Middle,41-60,2025-10-09 19:27:00
USR004172,Tripura,West Tripura,SC/ST/OBC Welfare,PM DAKSH Scheme,Yes,Yes,Middle,18-25,2025-10-05 16:14:44
USR004173,Tamil Nadu,Kancheepuram,Education & Scholarships,SHREYAS Scheme,Yes,No,Middle,60+,2025-12-03 18:33:19
USR004174,Punjab,Ludhiana,Agriculture & Allied Activities,PM Krishi Sinchai Yojana,No,No,Middle,26-40,2025-11-21 20:25:51
USR004175,Haryana,Ambala,Education & Scholarships,Central Sector Scholarship Scheme,Yes,Yes,High,60+,2025-09-14 16:25:50
USR004176,Karnataka,Mysore,Women Empowerment & Child Welfare,One Stop Centre Scheme,No,No,High,26-40,2026-02-26 13:33:51
USR004177,Andhra Pradesh,Krishna,Agriculture & Allied Activities,PM-KISAN,Yes,No,High,26-40,2025-09-20 06:30:50
USR004178,Kerala,Thiruvananthapuram,Disability Support (Divyang Schemes),Unique Disability ID UDID,Yes,No,Middle,26-40,2025-03-12 23:32:01
USR004179,Mizoram,Lunglei,Education & Scholarships,SHREYAS Scheme,Yes,No,Low,60+,2026-01-08 13:07:20
USR004180,Gujarat,Ahmedabad,Health & Public Health,Rashtriya Swasthya Bima Yojana,No,No,Low,18-25,2025-12-18 07:28:38
USR004181,Chhattisgarh,Bilaspur,Health & Public Health,Ayushman Bharat PM-JAY,Yes,Yes,Low,60+,2025-12-24 10:19:58
USR004182,Chhattisgarh,Bastar,Education & Scholarships,Central Sector Scholarship Scheme,No,No,High,18-25,2025-11-02 20:09:52
USR004183,Manipur,Imphal West,Agriculture & Allied Activities,Kisan Credit Card,Yes,No,High,60+,2025-12-10 15:28:46
USR004184,Mizoram,Lunglei,Agriculture & Allied Activities,Kisan Credit Card,No,No,Middle,18-25,2026-01-09 17:21:05
USR004185,Maharashtra,Nagpur,SC/ST/OBC Welfare,National Fellowship SC,No,No,High,41-60,2025-08-30 21:22:31
USR004186,Nagaland,Zunheboto,Agriculture & Allied Activities,Agriculture Infrastructure Fund,Yes,Yes,Low,26-40,2025-06-28 09:02:44
USR004187,Bihar,Patna,Education & Scholarships,SHREYAS Scheme,Yes,Yes,Middle,41-60,2026-01-20 16:48:52
USR004188,Maharashtra,Pune,Education & Scholarships,Post Matric Scholarship SC,Yes,No,High,26-40,2025-08-16 18:07:19
USR004189,Karnataka,Tumkur,Education & Scholarships,National Means Cum Merit Scholarship,Yes,No,Middle,26-40,2025-04-14 09:06:27
USR004190,Maharashtra,Pune,Women Empowerment & Child Welfare,Ujjawala Scheme,Yes,Yes,Middle,41-60,2025-11-03 14:54:56
USR004191,Karnataka,Hubli,Disability Support (Divyang Schemes),Samarth Scheme,Yes,No,Middle,26-40,2025-04-08 21:35:30
USR004192,West Bengal,Murshidabad,Agriculture & Allied Activities,Pradhan Mantri Fasal Bima Yojana,Yes,Yes,High,60+,2025-11-14 18:12:40
USR004193,Kerala,Thrissur,SC/ST/OBC Welfare,PM DAKSH Scheme,Yes,Yes,High,26-40,2025-09-15 12:10:18
USR004194,Sikkim,South Sikkim,Senior Citizen Welfare,Indira Gandhi National Old Age Pension,No,No,High,18-25,2026-02-16 22:42:04
USR004195,Telangana,Nalgonda,Women Empowerment & Child Welfare,Anganwadi Services ICDS,Yes,No,High,60+,2025-04-15 02:59:46
USR004196,Nagaland,Zunheboto,Disability Support (Divyang Schemes),Sahyogi Scheme,No,No,Middle,26-40,2025-04-15 23:02:31
USR004197,Kerala,Kozhikode,Agriculture & Allied Activities,Pradhan Mantri Fasal Bima Yojana,Yes,Yes,High,26-40,2025-06-23 07:55:17
USR004198,Chhattisgarh,Rajnandgaon,Agriculture & Allied Activities,PM Krishi Sinchai Yojana,No,No,Middle,60+,2026-02-06 20:19:44
USR004199,Karnataka,Belgaum,Agriculture & Allied Activities,Pradhan Mantri Fasal Bima Yojana,No,No,High,26-40,2025-03-09 05:43:13
USR004200,Karnataka,Mysore,SC/ST/OBC Welfare,NSFDC Loan Schemes,No,No,Low,60+,2026-02-10 11:36:41
USR004201,Assam,Kamrup,Health & Public Health,Rashtriya Swasthya Bima Yojana,Yes,Yes,High,18-25,2026-02-08 11:12:19
USR004202,Manipur,Ukhrul,Agriculture & Allied Activities,Paramparagat Krishi Vikas Yojana,Yes,No,Low,60+,2025-11-20 20:30:31
USR004203,Haryana,Hisar,Agriculture & Allied Activities,Kisan Credit Card,Yes,No,Middle,60+,2025-08-27 07:23:30
USR004204,Bihar,Patna,Education & Scholarships,Vidya Lakshmi Scheme,No,No,Middle,41-60,2025-09-21 01:14:58
USR004205,Meghalaya,East Khasi Hills,Agriculture & Allied Activities,PM Krishi Sinchai Yojana,Yes,Yes,Low,41-60,2025-09-25 00:19:00
USR004206,Maharashtra,Mumbai,Agriculture & Allied Activities,Kisan Credit Card,No,No,High,60+,2025-07-21 18:20:53
USR004207,Punjab,Sangrur,Health & Public Health,Janani Suraksha Yojana,Yes,No,Low,60+,2025-05-19 04:02:58
USR004208,Himachal Pradesh,Mandi,Senior Citizen Welfare,Varishtha Pension Bima Yojana,Yes,No,Middle,41-60,2025-08-10 18:10:13
USR004209,Chhattisgarh,Bilaspur,Senior Citizen Welfare,Atal Pension Yojana,No,No,Middle,41-60,2025-07-10 13:31:30
USR004210,Telangana,Nalgonda,Women Empowerment & Child Welfare,Pradhan Mantri Matru Vandana Yojana,Yes,No,High,26-40,2026-02-11 19:55:08
USR004211,Chhattisgarh,Bilaspur,Education & Scholarships,Pre Matric Scholarship OBC,Yes,Yes,Middle,18-25,2025-10-09 20:55:58
USR004212,Punjab,Jalandhar,Disability Support (Divyang Schemes),National Trust Niramaya,Yes,Yes,Middle,18-25,2025-04-18 04:31:14
USR004213,Chhattisgarh,Bastar,SC/ST/OBC Welfare,Free Coaching Scheme SC OBC,No,No,High,60+,2025-11-27 01:01:57
USR004214,Uttarakhand,Bageshwar,Senior Citizen Welfare,Integrated Programme for Older Persons,Yes,Yes,Low,60+,2025-09-10 04:07:06
USR004215,Himachal Pradesh,Kangra,Health & Public Health,Pradhan Mantri Surakshit Matritva Abhiyan,Yes,Yes,Middle,60+,2025-09-14 18:43:09
USR004216,Manipur,Bishnupur,Education & Scholarships,PM Research Fellowship,Yes,Yes,Middle,60+,2025-12-02 22:42:32
USR004217,Jharkhand,Godda,Disability Support (Divyang Schemes),Unique Disability ID UDID,No,No,Low,60+,2026-01-08 05:21:21
USR004218,Andhra Pradesh,Chittoor,Disability Support (Divyang Schemes),Gharaunda Scheme,No,No,Low,60+,2026-01-21 03:46:03
USR004219,Telangana,Rangareddy,Women Empowerment & Child Welfare,Ujjawala Scheme,Yes,No,Middle,41-60,2025-10-27 06:43:54
USR004220,Uttarakhand,Haridwar,SC/ST/OBC Welfare,National Fellowship OBC,No,No,Middle,41-60,2025-07-11 01:59:37
USR004221,Haryana,Karnal,SC/ST/OBC Welfare,NSFDC Loan Schemes,No,No,Middle,41-60,2025-05-24 16:12:45
USR004222,Tripura,Dhalai,Senior Citizen Welfare,Varishtha Pension Bima Yojana,Yes,Yes,High,26-40,2025-09-29 22:14:44
USR004223,Nagaland,Dimapur,Agriculture & Allied Activities,e-NAM,Yes,No,High,26-40,2025-08-21 17:26:56
USR004224,Sikkim,West Sikkim,Health & Public Health,TB Elimination Programme,Yes,Yes,High,18-25,2025-05-24 10:48:48
USR004225,Bihar,East Champaran,Health & Public Health,Pradhan Mantri Jan Aushadhi Yojana,Yes,No,Middle,18-25,2025-03-07 11:26:59
USR004226,Jharkhand,Dhanbad,Senior Citizen Welfare,National Social Assistance Programme,No,No,High,18-25,2025-11-07 16:01:12
USR004227,Maharashtra,Mumbai,SC/ST/OBC Welfare,NSFDC Loan Schemes,Yes,No,Middle,60+,2025-04-29 22:01:58
USR004228,Maharashtra,Kolhapur,Agriculture & Allied Activities,PM-KISAN,Yes,Yes,Low,60+,2026-02-20 15:23:42
USR004229,Uttar Pradesh,Kanpur,Disability Support (Divyang Schemes),Sahyogi Scheme,Yes,No,High,26-40,2025-06-02 02:21:28
USR004230,Sikkim,North Sikkim,Women Empowerment & Child Welfare,POSHAN Abhiyaan,Yes,Yes,Middle,60+,2025-06-21 05:08:50
USR004231,Jharkhand,Giridih,Disability Support (Divyang Schemes),ADIP Scheme,Yes,Yes,Low,60+,2026-02-01 21:27:07
USR004232,Rajasthan,Jaipur,Agriculture & Allied Activities,National Horticulture Mission,Yes,No,Low,60+,2025-11-07 09:24:30
USR004233,Karnataka,Tumkur,Agriculture & Allied Activities,e-NAM,No,No,Middle,18-25,2025-11-10 09:54:39
USR004234,Uttar Pradesh,Lucknow,Education & Scholarships,Pre Matric Scholarship OBC,Yes,No,Low,18-25,2025-07-01 03:10:02
USR004235,Haryana,Hisar,Education & Scholarships,SHREYAS Scheme,Yes,Yes,Middle,60+,2026-01-13 06:33:36
USR004236,Sikkim,South Sikkim,SC/ST/OBC Welfare,NSFDC Loan Schemes,No,No,Low,60+,2025-06-29 09:19:31
USR004237,Kerala,Thiruvananthapuram,Education & Scholarships,Post Matric Scholarship SC,No,No,Low,26-40,2025-05-01 03:27:47
USR004238,Karnataka,Bangalore,Education & Scholarships,Pre Matric Scholarship OBC,Yes,Yes,Low,60+,2025-08-09 15:35:41
USR004239,Jharkhand,Ranchi,SC/ST/OBC Welfare,Top Class Education SC,No,No,Low,26-40,2025-07-12 02:25:08
USR004240,Bihar,Patna,Women Empowerment & Child Welfare,Pradhan Mantri Matru Vandana Yojana,Yes,Yes,Low,60+,2025-07-14 13:31:38
USR004241,Assam,Nagaon,Disability Support (Divyang Schemes),Accessible India Campaign,Yes,No,High,26-40,2026-02-03 10:57:45
USR004242,Rajasthan,Jaipur,Agriculture & Allied Activities,Paramparagat Krishi Vikas Yojana,Yes,No,Middle,41-60,2025-12-01 10:29:41
USR004243,Telangana,Warangal,Senior Citizen Welfare,Rashtriya Vayoshri Yojana,No,No,High,41-60,2025-08-31 12:26:42
USR004244,Tripura,Khowai,SC/ST/OBC Welfare,Post Matric Scholarship OBC,No,No,Middle,41-60,2025-05-31 20:13:53
USR004245,Sikkim,West Sikkim,Women Empowerment & Child Welfare,Pradhan Mantri Matru Vandana Yojana,Yes,Yes,High,26-40,2025-07-20 14:55:35
USR004246,Rajasthan,Jaipur,Senior Citizen Welfare,Indira Gandhi National Old Age Pension,Yes,Yes,Low,60+,2025-03-16 18:50:16
USR004247,Maharashtra,Nagpur,Education & Scholarships,Pre Matric Scholarship OBC,Yes,Yes,Low,60+,2025-09-23 02:20:35
USR004248,Chhattisgarh,Durg,Women Empowerment & Child Welfare,Mahila Shakti Kendra,No,No,Low,41-60,2026-02-17 16:18:13
USR004249,Uttar Pradesh,Varanasi,Disability Support (Divyang Schemes),Indira Gandhi Disability Pension,Yes,Yes,High,18-25,2025-06-02 18:43:14
USR004250,Punjab,Patiala,SC/ST/OBC Welfare,Free Coaching Scheme SC OBC,Yes,No,High,60+,2026-02-19 05:31:00
USR004251,Rajasthan,Barmer,Agriculture & Allied Activities,PM-KISAN,Yes,Yes,Middle,26-40,2025-04-02 05:30:49
USR004252,Nagaland,Kohima,Education & Scholarships,Top Class Education Scheme,Yes,Yes,Low,26-40,2025-09-01 16:31:09
USR004253,Uttarakhand,Pithoragarh,Agriculture & Allied Activities,Paramparagat Krishi Vikas Yojana,No,No,Middle,41-60,2025-09-04 19:46:59
USR004254,Assam,Morigaon,Senior Citizen Welfare,Rashtriya Vayoshri Yojana,Yes,No,Low,60+,2025-06-21 12:01:30
USR004255,Kerala,Kozhikode,Disability Support (Divyang Schemes),Samarth Scheme,Yes,Yes,Middle,60+,2025-06-18 05:20:07
USR004256,Sikkim,North Sikkim,Disability Support (Divyang Schemes),Vidyasagar Scheme,No,No,High,41-60,2025-04-11 11:27:49
USR004257,Nagaland,Peren,Education & Scholarships,Post Matric Scholarship SC,No,No,Middle,26-40,2025-03-12 04:35:48
USR004258,Uttarakhand,Pithoragarh,Senior Citizen Welfare,Varishtha Pension Bima Yojana,Yes,Yes,Middle,18-25,2025-05-01 03:22:23
USR004259,West Bengal,Birbhum,Agriculture & Allied Activities,e-NAM,No,No,High,18-25,2025-06-21 14:24:37
USR004260,Nagaland,Zunheboto,Senior Citizen Welfare,Senior Citizen Savings Scheme,Yes,No,High,41-60,2025-07-07 17:49:00
USR004261,West Bengal,Murshidabad,Senior Citizen Welfare,PM Vaya Vandana Yojana,No,No,Low,41-60,2025-04-02 19:00:07
USR004262,Maharashtra,Nashik,Education & Scholarships,Mid Day Meal Scheme,Yes,Yes,Middle,26-40,2025-11-24 14:49:48
USR004263,West Bengal,Birbhum,Education & Scholarships,SHREYAS Scheme,No,No,Middle,18-25,2025-11-26 07:20:16
USR004264,Odisha,Jajpur,Health & Public Health,National Digital Health Mission,No,No,High,41-60,2026-02-27 05:38:38
USR004265,Tripura,South Tripura,Senior Citizen Welfare,Annapurna Scheme,Yes,Yes,Middle,26-40,2026-01-30 08:28:27
USR004266,Rajasthan,Bikaner,Agriculture & Allied Activities,PM Krishi Sinchai Yojana,Yes,Yes,High,60+,2025-04-22 20:03:08
USR004267,Telangana,Hyderabad,Education & Scholarships,Central Sector Scholarship Scheme,No,No,Low,26-40,2025-05-11 17:13:18
USR004268,Tamil Nadu,Tiruppur,Health & Public Health,Pradhan Mantri Jan Aushadhi Yojana,No,No,High,18-25,2025-08-29 08:47:22
USR004269,Haryana,Karnal,Health & Public Health,National Health Mission,No,No,High,41-60,2025-12-09 05:13:14
USR004270,Andhra Pradesh,Kadapa,Women Empowerment & Child Welfare,Mahila Samman Savings Certificate,Yes,Yes,Middle,26-40,2025-07-20 08:30:23
USR004271,Tripura,Khowai,SC/ST/OBC Welfare,National Fellowship SC,Yes,Yes,High,26-40,2025-04-08 09:28:45
USR004272,Chhattisgarh,Janjgir-Champa,Senior Citizen Welfare,Atal Pension Yojana,No,No,High,41-60,2025-09-09 13:01:03
USR004273,Karnataka,Hubli,Education & Scholarships,Vidya Lakshmi Scheme,Yes,Yes,Low,18-25,2025-09-08 02:19:40
USR004274,Maharashtra,Nagpur,Women Empowerment & Child Welfare,STEP Scheme,No,No,Low,26-40,2025-10-09 05:47:58
USR004275,Kerala,Kozhikode,Senior Citizen Welfare,Elderline Helpline,Yes,Yes,High,41-60,2026-02-11 23:32:06
USR004276,Kerala,Ernakulathappan,Senior Citizen Welfare,Rashtriya Vayoshri Yojana,No,No,Low,26-40,2025-06-08 10:30:16
USR004277,West Bengal,Murshidabad,Women Empowerment & Child Welfare,POSHAN Abhiyaan,No,No,High,18-25,2025-11-27 18:13:51
USR004278,Kerala,Ernakulathappan,SC/ST/OBC Welfare,PM DAKSH Scheme,No,No,High,41-60,2026-01-12 18:57:59
USR004279,Rajasthan,Jaipur,Senior Citizen Welfare,Integrated Programme for Older Persons,Yes,Yes,High,18-25,2025-03-20 12:16:02
USR004280,Odisha,Balasore,Women Empowerment & Child Welfare,Working Women Hostel Scheme,Yes,Yes,High,26-40,2025-03-25 01:09:41
USR004281,Kerala,Ernakulathappan,Senior Citizen Welfare,PM Vaya Vandana Yojana,No,No,Middle,41-60,2026-01-24 17:42:18
USR004282,Haryana,Karnal,Senior Citizen Welfare,Integrated Programme for Older Persons,Yes,Yes,Low,41-60,2025-07-10 07:48:38
USR004283,Manipur,Ukhrul,Education & Scholarships,National Means Cum Merit Scholarship,No,No,High,26-40,2026-02-13 00:42:23
USR004284,Rajasthan,Bikaner,Agriculture & Allied Activities,PM Kisan Maan Dhan Yojana,Yes,Yes,Middle,26-40,2025-12-06 19:20:11
USR004285,Nagaland,Zunheboto,Health & Public Health,Pradhan Mantri Jan Aushadhi Yojana,No,No,Low,60+,2026-02-01 19:38:02
USR004286,Tamil Nadu,Kancheepuram,SC/ST/OBC Welfare,NSFDC Loan Schemes,Yes,Yes,Low,26-40,2025-04-18 12:48:29
USR004287,Bihar,West Champaran,Agriculture & Allied Activities,e-NAM,Yes,Yes,Low,26-40,2025-04-18 20:11:46
USR004288,Haryana,Faridabad,Women Empowerment & Child Welfare,Mahila Samman Savings Certificate,Yes,Yes,Low,26-40,2025-07-11 14:52:15
USR004289,Uttarakhand,Nainital,Agriculture & Allied Activities,PM Krishi Sinchai Yojana,Yes,Yes,High,60+,2025-11-07 01:39:23
USR004290,Meghalaya,Cima,Education & Scholarships,Pre Matric Scholarship OBC,Yes,No,Middle,18-25,2025-06-16 06:04:53
USR004291,Tamil Nadu,Kancheepuram,Women Empowerment & Child Welfare,POSHAN Abhiyaan,Yes,Yes,Low,26-40,2025-04-16 15:42:27
USR004292,Odisha,Bhubaneswar,SC/ST/OBC Welfare,Venture Capital Fund SC,Yes,No,High,26-40,2025-08-25 11:05:41
USR004293,Madhya Pradesh,Ujjain,Health & Public Health,Rashtriya Swasthya Bima Yojana,Yes,Yes,Low,26-40,2025-10-18 18:15:22
USR004294,Uttarakhand,Pithoragarh,Agriculture & Allied Activities,Soil Health Card Scheme,Yes,Yes,Middle,60+,2025-05-05 13:27:32
USR004295,West Bengal,Birbhum,Health & Public Health,Ayushman Bharat PM-JAY,No,No,Middle,26-40,2025-05-24 05:36:17
USR004296,Madhya Pradesh,Jabalpur,Senior Citizen Welfare,Rashtriya Vayoshri Yojana,No,No,Middle,41-60,2025-12-02 05:37:38
USR004297,Himachal Pradesh,Kinnaur,Health & Public Health,TB Elimination Programme,Yes,No,Low,60+,2025-05-08 17:00:31
USR004298,Maharashtra,Nagpur,SC/ST/OBC Welfare,Free Coaching Scheme SC OBC,Yes,No,High,18-25,2025-05-14 15:38:53
USR004299,Andhra Pradesh,Guntur,Agriculture & Allied Activities,e-NAM,Yes,Yes,Low,26-40,2025-05-16 14:28:47
USR004300,Sikkim,West Sikkim,Disability Support (Divyang Schemes),Deendayal Disabled Rehabilitation Scheme,No,No,Middle,18-25,2025-08-01 18:09:41
USR004301,Manipur,Bishnupur,Agriculture & Allied Activities,Agriculture Infrastructure Fund,No,No,High,18-25,2026-02-20 05:49:15
USR004302,Himachal Pradesh,Mandi,Women Empowerment & Child Welfare,POSHAN Abhiyaan,Yes,No,Middle,26-40,2025-08-07 09:50:11
USR004303,Karnataka,Hubli,Women Empowerment & Child Welfare,STEP Scheme,Yes,Yes,High,26-40,2025-10-03 01:04:57
USR004304,Meghalaya,Cima,Agriculture & Allied Activities,Soil Health Card Scheme,No,No,High,18-25,2025-08-03 19:58:24
USR004305,Jharkhand,Dumka,Disability Support (Divyang Schemes),Sahyogi Scheme,No,No,High,26-40,2025-03-23 00:04:00
USR004306,Himachal Pradesh,Solan,Education & Scholarships,Post Matric Scholarship SC,Yes,No,High,18-25,2025-03-30 19:33:26
USR004307,Manipur,Imphal West,Education & Scholarships,National Overseas Scholarship,Yes,Yes,Middle,41-60,2025-11-13 19:51:18
USR004308,Bihar,Araria,Women Empowerment & Child Welfare,Pradhan Mantri Matru Vandana Yojana,No,No,Middle,60+,2025-05-09 15:36:45
USR004309,Manipur,Thoubal,Agriculture & Allied Activities,Kisan Credit Card,Yes,Yes,Low,60+,2026-02-06 14:22:57
USR004310,Mizoram,Lunglei,Agriculture & Allied Activities,Agriculture Infrastructure Fund,Yes,No,Low,60+,2025-06-04 23:08:12
USR004311,Uttarakhand,Almora,SC/ST/OBC Welfare,PM DAKSH Scheme,No,No,Low,41-60,2025-10-16 06:48:35
USR004312,Manipur,Bishnupur,Senior Citizen Welfare,Indira Gandhi National Old Age Pension,Yes,Yes,Low,60+,2025-10-20 09:02:07
USR004313,Uttarakhand,Haridwar,Disability Support (Divyang Schemes),Unique Disability ID UDID,No,No,High,41-60,2025-10-12 06:13:23
USR004314,Telangana,Medchal,Disability Support (Divyang Schemes),Indira Gandhi Disability Pension,Yes,Yes,High,41-60,2025-10-04 11:10:56
USR004315,Odisha,Bargarh,SC/ST/OBC Welfare,Free Coaching Scheme SC OBC,Yes,Yes,Low,60+,2026-02-19 15:12:59
USR004316,West Bengal,Kolkata,Women Empowerment & Child Welfare,Working Women Hostel Scheme,Yes,No,High,18-25,2026-02-28 14:05:01
USR004317,Uttarakhand,Dehradun,Women Empowerment & Child Welfare,Beti Bachao Beti Padhao,Yes,Yes,Low,18-25,2026-01-16 11:17:12
USR004318,Uttarakhand,Pithoragarh,Disability Support (Divyang Schemes),Gharaunda Scheme,No,No,Middle,26-40,2025-12-01 09:45:44
USR004319,Andhra Pradesh,Krishna,SC/ST/OBC Welfare,Pre Matric Scholarship SC,No,No,High,18-25,2025-12-19 05:56:53
USR004320,West Bengal,Darjeeling,Education & Scholarships,Vidya Lakshmi Scheme,No,No,Low,26-40,2025-07-17 12:21:50
USR004321,Meghalaya,East Garo Hills,Education & Scholarships,SHREYAS Scheme,Yes,No,High,26-40,2025-03-08 19:48:37
USR004322,Madhya Pradesh,Jabalpur,SC/ST/OBC Welfare,National Fellowship OBC,No,No,Middle,60+,2025-07-07 05:14:01
USR004323,Assam,Kamrup,Women Empowerment & Child Welfare,POSHAN Abhiyaan,Yes,Yes,Middle,60+,2025-10-07 18:06:07
USR004324,Chhattisgarh,Janjgir-Champa,Disability Support (Divyang Schemes),ADIP Scheme,No,No,High,18-25,2025-10-12 23:51:57
USR004325,Tamil Nadu,Madurai,SC/ST/OBC Welfare,Pre Matric Scholarship SC,Yes,No,Middle,41-60,2025-10-05 06:10:11
USR004326,Himachal Pradesh,Solan,Women Empowerment & Child Welfare,Working Women Hostel Scheme,Yes,Yes,Middle,60+,2026-01-01 08:39:48
USR004327,Rajasthan,Bikaner,Disability Support (Divyang Schemes),National Trust Niramaya,Yes,Yes,Middle,60+,2025-03-22 19:50:18
USR004328,Andhra Pradesh,Kadapa,Education & Scholarships,Top Class Education Scheme,Yes,Yes,Middle,18-25,2025-09-27 12:08:58
USR004329,Himachal Pradesh,Kangra,Women Empowerment & Child Welfare,Beti Bachao Beti Padhao,No,No,Low,41-60,2025-10-25 19:23:36
USR004330,Kerala,Kottayam,SC/ST/OBC Welfare,Free Coaching Scheme SC OBC,Yes,No,Middle,26-40,2025-09-15 19:27:48
USR004331,Odisha,Balasore,SC/ST/OBC Welfare,Top Class Education SC,Yes,Yes,High,41-60,2025-12-09 15:24:02
USR004332,Bihar,Araria,Disability Support (Divyang Schemes),Deendayal Disabled Rehabilitation Scheme,Yes,No,Middle,26-40,2025-11-08 01:59:35
USR004333,Tamil Nadu,Chennai,Women Empowerment & Child Welfare,Beti Bachao Beti Padhao,Yes,No,Low,41-60,2025-09-12 03:33:29
USR004334,Haryana,Rohtak,Education & Scholarships,Pre Matric Scholarship OBC,Yes,No,High,41-60,2026-01-28 13:18:21
USR004335,Sikkim,South Sikkim,Women Empowerment & Child Welfare,Mahila Shakti Kendra,Yes,Yes,Middle,60+,2026-01-21 12:47:11
USR004336,Karnataka,Hubli,Women Empowerment & Child Welfare,Pradhan Mantri Matru Vandana Yojana,Yes,Yes,Low,60+,2025-11-18 01:09:20
USR004337,Karnataka,Belgaum,Women Empowerment & Child Welfare,Beti Bachao Beti Padhao,No,No,High,26-40,2025-07-26 23:18:57
USR004338,Bihar,Muzaffarpur,Senior Citizen Welfare,Rashtriya Vayoshri Yojana,No,No,High,41-60,2025-12-17 06:00:21
USR004339,Madhya Pradesh,Indore,Agriculture & Allied Activities,PM Krishi Sinchai Yojana,Yes,No,Low,60+,2025-05-23 22:34:11
USR004340,Mizoram,Mamit,SC/ST/OBC Welfare,NSFDC Loan Schemes,Yes,Yes,High,26-40,2025-11-10 18:02:43
USR004341,Assam,Morigaon,Agriculture & Allied Activities,Pradhan Mantri Fasal Bima Yojana,Yes,No,High,26-40,2025-05-23 15:36:32
USR004342,Odisha,Bargarh,SC/ST/OBC Welfare,Top Class Education SC,No,No,High,60+,2025-08-10 13:33:42
USR004343,Nagaland,Tuensang,Women Empowerment & Child Welfare,STEP Scheme,No,No,Middle,18-25,2025-10-30 22:53:54
USR004344,Meghalaya,West Garo Hills,Education & Scholarships,PM Research Fellowship,Yes,No,Middle,26-40,2025-06-16 16:19:42
USR004345,Andhra Pradesh,Visakhapatnam,Disability Support (Divyang Schemes),Gharaunda Scheme,Yes,Yes,Low,18-25,2025-06-27 01:23:09
USR004346,Rajasthan,Barmer,Health & Public Health,Pradhan Mantri Surakshit Matritva Abhiyan,Yes,Yes,Middle,41-60,2025-10-13 01:37:09
USR004347,Maharashtra,Nashik,Education & Scholarships,Vidya Lakshmi Scheme,Yes,No,Low,18-25,2025-08-01 18:01:30
USR004348,Gujarat,Junagadh,Health & Public Health,TB Elimination Programme,Yes,Yes,Middle,60+,2025-08-25 07:43:57
USR004349,Gujarat,Surat,Education & Scholarships,National Overseas Scholarship,No,No,High,18-25,2025-08-08 12:26:28
USR004350,Uttarakhand,Dehradun,Senior Citizen Welfare,Rashtriya Vayoshri Yojana,No,No,Middle,26-40,2025-09-01 03:23:06
USR004351,Jharkhand,Dhanbad,Disability Support (Divyang Schemes),ADIP Scheme,No,No,Low,60+,2025-07-01 12:53:17
USR004352,Madhya Pradesh,Ujjain,Disability Support (Divyang Schemes),National Trust Niramaya,Yes,Yes,Low,60+,2025-04-29 03:56:33
USR004353,Haryana,Ambala,Senior Citizen Welfare,PM Vaya Vandana Yojana,Yes,No,Middle,18-25,2025-06-25 08:02:35
USR004354,Sikkim,North Sikkim,Disability Support (Divyang Schemes),Samarth Scheme,Yes,No,High,26-40,2025-07-31 01:12:58
USR004355,Telangana,Rangareddy,Agriculture & Allied Activities,Soil Health Card Scheme,No,No,High,60+,2025-12-13 06:25:59
USR004356,Gujarat,Rajkot,Agriculture & Allied Activities,Agriculture Infrastructure Fund,No,No,Middle,26-40,2025-04-08 02:30:22
USR004357,Uttar Pradesh,Banaras,SC/ST/OBC Welfare,Credit Enhancement Scheme SC,Yes,Yes,Low,41-60,2025-07-14 06:15:24
USR004358,West Bengal,Howrah,Women Empowerment & Child Welfare,STEP Scheme,Yes,Yes,Middle,60+,2025-10-30 07:52:35
USR004359,Haryana,Gurgaon,Health & Public Health,Pradhan Mantri Surakshit Matritva Abhiyan,Yes,No,High,41-60,2025-05-12 18:53:55
USR004360,Gujarat,Rajkot,Health & Public Health,Ayushman Bharat PM-JAY,No,No,High,41-60,2025-06-19 22:55:19
USR004361,Punjab,Ludhiana,Senior Citizen Welfare,Integrated Programme for Older Persons,No,No,Middle,26-40,2026-01-29 08:57:41
USR004362,Meghalaya,West Garo Hills,Education & Scholarships,Central Sector Scholarship Scheme,No,No,Low,26-40,2025-09-16 05:27:04
USR004363,Bihar,Araria,SC/ST/OBC Welfare,Credit Enhancement Scheme SC,Yes,Yes,Middle,41-60,2025-04-14 05:37:55
USR004364,Andhra Pradesh,Krishna,SC/ST/OBC Welfare,National Fellowship OBC,No,No,Low,41-60,2026-02-15 02:32:02
USR004365,Tripura,Dhalai,Women Empowerment & Child Welfare,Mahila Shakti Kendra,No,No,Low,26-40,2025-06-15 17:10:05
USR004366,Maharashtra,Nagpur,Education & Scholarships,Pre Matric Scholarship OBC,Yes,No,Middle,60+,2025-08-14 18:47:24
USR004367,Tripura,Dhalai,Agriculture & Allied Activities,Pradhan Mantri Fasal Bima Yojana,Yes,Yes,High,18-25,2025-03-31 15:55:19
USR004368,Odisha,Sambalpur,Senior Citizen Welfare,Senior Citizen Savings Scheme,Yes,No,High,41-60,2026-01-01 14:47:23
USR004369,Kerala,Kannur,SC/ST/OBC Welfare,PM DAKSH Scheme,Yes,Yes,Low,26-40,2025-12-02 22:06:05
USR004370,Gujarat,Surat,SC/ST/OBC Welfare,NSFDC Loan Schemes,No,No,Middle,26-40,2025-03-06 17:25:30
USR004371,Gujarat,Vadodara,Disability Support (Divyang Schemes),Deendayal Disabled Rehabilitation Scheme,Yes,Yes,High,60+,2026-02-07 12:02:48
USR004372,Karnataka,Belgaum,Disability Support (Divyang Schemes),National Trust Niramaya,Yes,No,High,26-40,2026-01-23 15:37:16
USR004373,Uttarakhand,Bageshwar,Education & Scholarships,Mid Day Meal Scheme,Yes,Yes,Middle,26-40,2025-03-28 21:35:35
USR004374,Telangana,Medchal,Agriculture & Allied Activities,Kisan Credit Card,Yes,No,High,26-40,2025-05-04 16:44:23
USR004375,Odisha,Sambalpur,Women Empowerment & Child Welfare,STEP Scheme,Yes,Yes,Middle,26-40,2025-08-18 21:51:15
USR004376,Andhra Pradesh,Chittoor,Health & Public Health,National Digital Health Mission,No,No,Middle,26-40,2025-11-26 07:20:22
USR004377,Telangana,Karimnagar,Education & Scholarships,Top Class Education Scheme,Yes,Yes,High,26-40,2026-02-09 03:29:17
USR004378,Punjab,Patiala,Senior Citizen Welfare,Varishtha Pension Bima Yojana,Yes,Yes,Low,60+,2025-04-14 12:30:34
USR004379,Maharashtra,Nagpur,Education & Scholarships,Pre Matric Scholarship OBC,No,No,High,26-40,2025-08-27 01:42:26
USR004380,West Bengal,Kolkata,Women Empowerment & Child Welfare,Beti Bachao Beti Padhao,No,No,Low,26-40,2026-01-19 13:10:46
USR004381,Tripura,Dhalai,Education & Scholarships,National Overseas Scholarship,Yes,No,High,18-25,2026-01-02 22:28:14
USR004382,Sikkim,East Sikkim,Senior Citizen Welfare,National Social Assistance Programme,No,No,Middle,26-40,2025-09-14 00:52:50
USR004383,Manipur,Imphal East,SC/ST/OBC Welfare,Venture Capital Fund SC,Yes,Yes,Middle,41-60,2025-05-21 21:54:30
USR004384,Uttar Pradesh,Lucknow,Senior Citizen Welfare,Rashtriya Vayoshri Yojana,No,No,Middle,26-40,2025-09-07 20:14:29
USR004385,Telangana,Rangareddy,Senior Citizen Welfare,Elderline Helpline,No,No,High,26-40,2026-02-17 10:36:18
USR004386,Madhya Pradesh,Ujjain,Health & Public Health,Janani Suraksha Yojana,Yes,Yes,Middle,26-40,2026-01-13 10:53:04
USR004387,Telangana,Karimnagar,SC/ST/OBC Welfare,Venture Capital Fund SC,Yes,No,High,60+,2025-05-31 21:11:33
USR004388,Chhattisgarh,Raipur,Agriculture & Allied Activities,Agriculture Infrastructure Fund,Yes,Yes,High,41-60,2025-04-17 02:12:43
USR004389,Odisha,Bargarh,Agriculture & Allied Activities,Paramparagat Krishi Vikas Yojana,Yes,Yes,High,26-40,2025-09-10 09:56:47
USR004390,Jharkhand,Godda,Disability Support (Divyang Schemes),ADIP Scheme,Yes,No,Middle,26-40,2025-11-28 10:42:34
USR004391,Jharkhand,Dumka,Women Empowerment & Child Welfare,Mahila Shakti Kendra,Yes,Yes,High,26-40,2025-05-08 07:02:05
USR004392,Uttar Pradesh,Lucknow,SC/ST/OBC Welfare,Venture Capital Fund SC,Yes,Yes,Middle,41-60,2025-11-26 00:27:23
USR004393,Andhra Pradesh,Nellore,SC/ST/OBC Welfare,Top Class Education SC,Yes,Yes,High,60+,2026-01-02 21:14:47
USR004394,Tripura,Khowai,Senior Citizen Welfare,Elderline Helpline,Yes,Yes,Middle,26-40,2026-01-01 11:39:45
USR004395,Sikkim,West Sikkim,Women Empowerment & Child Welfare,Working Women Hostel Scheme,No,No,High,18-25,2025-12-22 20:15:28
USR004396,Andhra Pradesh,Krishna,Education & Scholarships,Vidya Lakshmi Scheme,No,No,Middle,60+,2025-07-15 07:54:37
USR004397,Gujarat,Vadodara,Health & Public Health,Mission Indradhanush,No,No,High,18-25,2026-02-23 03:42:08
USR004398,Tamil Nadu,Madurai,Education & Scholarships,Post Matric Scholarship SC,Yes,Yes,High,26-40,2025-06-09 01:30:46
USR004399,Meghalaya,West Khasi Hills,Agriculture & Allied Activities,Soil Health Card Scheme,No,No,Middle,26-40,2025-07-29 14:37:14
USR004400,Andhra Pradesh,Krishna,SC/ST/OBC Welfare,National Fellowship SC,Yes,No,High,26-40,2025-11-29 03:13:44
USR004401,Odisha,Jajpur,Disability Support (Divyang Schemes),Indira Gandhi Disability Pension,Yes,Yes,High,18-25,2025-07-29 04:09:31
USR004402,Meghalaya,Cima,SC/ST/OBC Welfare,National Fellowship OBC,Yes,Yes,High,26-40,2025-11-18 23:52:35
USR004403,Rajasthan,Bikaner,Education & Scholarships,Pre Matric Scholarship OBC,No,No,Low,41-60,2025-04-25 15:09:01
USR004404,Madhya Pradesh,Sagar,Women Empowerment & Child Welfare,STEP Scheme,Yes,Yes,Low,60+,2025-07-07 01:21:12
USR004405,Andhra Pradesh,Chittoor,Education & Scholarships,National Overseas Scholarship,Yes,Yes,Low,18-25,2025-07-19 18:33:36
USR004406,Bihar,Muzaffarpur,Health & Public Health,eSanjeevani Telemedicine,No,No,Middle,26-40,2025-11-20 14:05:21
USR004407,Bihar,East Champaran,Agriculture & Allied Activities,Pradhan Mantri Fasal Bima Yojana,No,No,Low,41-60,2025-10-20 19:13:43
USR004408,Tamil Nadu,Chennai,Women Empowerment & Child Welfare,Mahila Shakti Kendra,Yes,No,Middle,26-40,2026-01-09 12:04:23
USR004409,Tripura,South Tripura,Agriculture & Allied Activities,PM Kisan Maan Dhan Yojana,Yes,No,Low,41-60,2025-10-24 22:48:34
USR004410,Punjab,Ferozepur,Senior Citizen Welfare,National Social Assistance Programme,No,No,Middle,41-60,2026-01-27 15:52:28
USR004411,Assam,Sonitpur,Education & Scholarships,Post Matric Scholarship SC,Yes,No,Middle,60+,2025-08-09 20:51:27
USR004412,Gujarat,Ahmedabad,Senior Citizen Welfare,Integrated Programme for Older Persons,Yes,No,Low,60+,2025-09-26 15:31:34
USR004413,Gujarat,Junagadh,Health & Public Health,Mission Indradhanush,No,No,High,41-60,2026-01-27 01:48:03
USR004414,Himachal Pradesh,Kinnaur,Disability Support (Divyang Schemes),Samarth Scheme,No,No,High,60+,2026-02-06 21:19:38
USR004415,Kerala,Ernakulathappan,SC/ST/OBC Welfare,Venture Capital Fund SC,No,No,Middle,60+,2025-03-27 04:42:56
USR004416,Assam,Kamrup,Senior Citizen Welfare,Rashtriya Vayoshri Yojana,No,No,Middle,60+,2025-06-11 11:08:05
USR004417,Tripura,West Tripura,Agriculture & Allied Activities,PM-KISAN,No,No,Middle,26-40,2025-04-08 11:19:37
USR004418,Haryana,Ambala,Women Empowerment & Child Welfare,Mahila Shakti Kendra,Yes,No,Low,26-40,2025-09-06 14:44:59
USR004419,Meghalaya,East Garo Hills,Agriculture & Allied Activities,PM Kisan Maan Dhan Yojana,Yes,Yes,Middle,41-60,2025-03-28 00:11:14
USR004420,Assam,Sonitpur,Women Empowerment & Child Welfare,Mahila Samman Savings Certificate,No,No,Middle,60+,2025-08-05 13:29:33
USR004421,Himachal Pradesh,Kinnaur,Agriculture & Allied Activities,e-NAM,No,No,Middle,41-60,2026-01-07 08:04:04
USR004422,Bihar,West Champaran,Agriculture & Allied Activities,PM Kisan Maan Dhan Yojana,Yes,Yes,High,41-60,2025-07-28 06:36:32
USR004423,Maharashtra,Kolhapur,Health & Public Health,Pradhan Mantri Jan Aushadhi Yojana,Yes,No,Low,26-40,2025-10-17 03:23:15
USR004424,Sikkim,East Sikkim,Health & Public Health,Rashtriya Swasthya Bima Yojana,Yes,Yes,High,41-60,2025-06-27 20:24:58
USR004425,Bihar,West Champaran,Education & Scholarships,Mid Day Meal Scheme,No,No,Low,60+,2025-10-30 15:16:21
USR004426,Punjab,Patiala,Health & Public Health,National Health Mission,Yes,Yes,High,26-40,2025-12-31 11:00:51
USR004427,Telangana,Warangal,Women Empowerment & Child Welfare,Beti Bachao Beti Padhao,Yes,Yes,Low,26-40,2025-11-12 06:53:39
USR004428,Maharashtra,Kolhapur,Women Empowerment & Child Welfare,Mahila Shakti Kendra,No,No,Low,60+,2025-07-27 14:32:04
USR004429,Karnataka,Mangalore,Education & Scholarships,Pre Matric Scholarship OBC,Yes,Yes,Low,41-60,2025-06-19 08:32:09
USR004430,Tripura,Khowai,Health & Public Health,Janani Suraksha Yojana,Yes,Yes,High,26-40,2025-12-21 19:02:09
USR004431,Punjab,Ferozepur,SC/ST/OBC Welfare,National Fellowship OBC,No,No,Middle,41-60,2025-07-01 23:01:18
USR004432,West Bengal,Kolkata,SC/ST/OBC Welfare,Top Class Education SC,Yes,Yes,High,26-40,2025-03-23 22:54:29
USR004433,Bihar,West Champaran,Agriculture & Allied Activities,PM Kisan Maan Dhan Yojana,Yes,No,Middle,41-60,2025-08-11 15:16:23
USR004434,Haryana,Rohtak,Health & Public Health,National Digital Health Mission,Yes,Yes,High,18-25,2026-02-21 04:37:00
USR004435,Rajasthan,Udaipur,Health & Public Health,TB Elimination Programme,Yes,Yes,High,18-25,2025-03-05 08:09:31
USR004436,Andhra Pradesh,Kadapa,Disability Support (Divyang Schemes),Deendayal Disabled Rehabilitation Scheme,Yes,No,High,18-25,2025-06-01 12:21:57
USR004437,Haryana,Karnal,Women Empowerment & Child Welfare,Mahila Samman Savings Certificate,No,No,High,41-60,2025-08-19 01:19:22
USR004438,Odisha,Bargarh,Senior Citizen Welfare,PM Vaya Vandana Yojana,No,No,High,60+,2025-04-27 13:11:51
USR004439,Punjab,Ferozepur,Women Empowerment & Child Welfare,One Stop Centre Scheme,Yes,No,Low,60+,2026-02-21 22:23:57
USR004440,Uttar Pradesh,Varanasi,Senior Citizen Welfare,Indira Gandhi National Old Age Pension,Yes,Yes,High,26-40,2025-05-18 04:33:38
USR004441,Andhra Pradesh,Nellore,Agriculture & Allied Activities,National Horticulture Mission,Yes,Yes,Low,26-40,2025-06-25 19:16:46
USR004442,Andhra Pradesh,Chittoor,Senior Citizen Welfare,Indira Gandhi National Old Age Pension,No,No,High,18-25,2025-07-14 12:51:12
USR004443,Maharashtra,Pune,SC/ST/OBC Welfare,Top Class Education SC,Yes,Yes,High,26-40,2025-05-30 23:03:52
USR004444,Rajasthan,Jodhpur,Agriculture & Allied Activities,Kisan Credit Card,Yes,Yes,Middle,18-25,2025-04-13 00:05:35
USR004445,Himachal Pradesh,Kinnaur,Health & Public Health,Rashtriya Swasthya Bima Yojana,Yes,Yes,Middle,41-60,2025-09-21 02:10:00
USR004446,Assam,Nagaon,Agriculture & Allied Activities,Agriculture Infrastructure Fund,No,No,Middle,41-60,2025-03-31 18:37:10
USR004447,Haryana,Faridabad,Education & Scholarships,PM Research Fellowship,Yes,Yes,Middle,18-25,2025-08-06 15:45:35
USR004448,Andhra Pradesh,Krishna,Disability Support (Divyang Schemes),Vidyasagar Scheme,Yes,Yes,Low,60+,2025-04-21 20:29:05
USR004449,Tamil Nadu,Tiruppur,SC/ST/OBC Welfare,National Fellowship OBC,Yes,No,High,41-60,2026-02-21 06:55:43
USR004450,Maharashtra,Pune,Agriculture & Allied Activities,PM Krishi Sinchai Yojana,Yes,Yes,High,18-25,2025-12-22 09:19:58
USR004451,Tamil Nadu,Coimbatore,Health & Public Health,Ayushman Bharat PM-JAY,No,No,High,26-40,2026-02-15 01:53:05
USR004452,Assam,Barpeta,Senior Citizen Welfare,Integrated Programme for Older Persons,No,No,High,18-25,2026-02-24 08:56:00
USR004453,Bihar,Patna,Education & Scholarships,National Overseas Scholarship,No,No,Low,26-40,2025-07-02 07:32:12
USR004454,Rajasthan,Ajmer,Health & Public Health,Rashtriya Swasthya Bima Yojana,Yes,Yes,Low,41-60,2025-08-30 12:41:12
USR004455,Jharkhand,Ranchi,Women Empowerment & Child Welfare,Beti Bachao Beti Padhao,Yes,No,High,26-40,2025-08-26 14:39:40
USR004456,Punjab,Sangrur,Women Empowerment & Child Welfare,Anganwadi Services ICDS,No,No,High,26-40,2026-02-05 01:08:32
USR004457,Meghalaya,Jaintia Hills,Education & Scholarships,Central Sector Scholarship Scheme,Yes,Yes,High,60+,2025-12-21 17:53:07
USR004458,Rajasthan,Ajmer,SC/ST/OBC Welfare,Free Coaching Scheme SC OBC,Yes,Yes,High,18-25,2025-09-25 03:23:14
USR004459,Odisha,Jajpur,Education & Scholarships,Post Matric Scholarship SC,Yes,Yes,Middle,18-25,2025-05-05 08:28:24
USR004460,Nagaland,Tuensang,Women Empowerment & Child Welfare,One Stop Centre Scheme,Yes,Yes,Low,18-25,2025-05-04 05:04:07
USR004461,Madhya Pradesh,Ujjain,Senior Citizen Welfare,National Social Assistance Programme,Yes,Yes,High,41-60,2025-08-06 23:15:20
USR004462,Odisha,Bhubaneswar,SC/ST/OBC Welfare,National Fellowship SC,No,No,Middle,18-25,2025-05-26 20:06:14
USR004463,Maharashtra,Aurangabad,Women Empowerment & Child Welfare,One Stop Centre Scheme,Yes,Yes,Middle,18-25,2025-04-02 09:46:41
USR004464,Meghalaya,Cima,Health & Public Health,National Health Mission,Yes,Yes,Low,26-40,2025-03-01 09:51:57
USR004465,Himachal Pradesh,Solan,Women Empowerment & Child Welfare,Pradhan Mantri Matru Vandana Yojana,Yes,Yes,Middle,41-60,2025-05-22 05:48:32
USR004466,Chhattisgarh,Raipur,Health & Public Health,Pradhan Mantri Jan Aushadhi Yojana,No,No,Low,18-25,2026-01-13 16:47:06
USR004467,Punjab,Ferozepur,Senior Citizen Welfare,National Social Assistance Programme,No,No,Low,26-40,2026-01-11 12:26:28
USR004468,Karnataka,Mangalore,Health & Public Health,Ayushman Bharat PM-JAY,Yes,No,High,41-60,2025-03-15 07:14:01
USR004469,Sikkim,West Sikkim,Agriculture & Allied Activities,PM-KISAN,No,No,Low,18-25,2025-05-15 06:50:55
USR004470,Meghalaya,East Garo Hills,Women Empowerment & Child Welfare,Ujjawala Scheme,No,No,Middle,18-25,2025-10-13 15:38:34
USR004471,Haryana,Faridabad,Agriculture & Allied Activities,PM Kisan Maan Dhan Yojana,No,No,High,41-60,2025-11-29 01:55:46
USR004472,Madhya Pradesh,Jabalpur,SC/ST/OBC Welfare,Pre Matric Scholarship SC,Yes,Yes,Middle,41-60,2025-07-02 19:22:26
USR004473,West Bengal,Howrah,Agriculture & Allied Activities,Paramparagat Krishi Vikas Yojana,Yes,Yes,High,41-60,2025-05-04 23:25:30
USR004474,Sikkim,East Sikkim,Senior Citizen Welfare,National Social Assistance Programme,Yes,Yes,Middle,41-60,2026-01-22 07:32:53
USR004475,Haryana,Rohtak,Education & Scholarships,Vidya Lakshmi Scheme,Yes,No,Low,26-40,2025-10-10 06:05:17
USR004476,Punjab,Ludhiana,Education & Scholarships,National Overseas Scholarship,No,No,High,41-60,2026-02-25 00:14:32
USR004477,Tripura,West Tripura,SC/ST/OBC Welfare,Free Coaching Scheme SC OBC,Yes,No,High,18-25,2025-04-06 04:42:49
USR004478,Sikkim,North Sikkim,SC/ST/OBC Welfare,Credit Enhancement Scheme SC,No,No,High,41-60,2026-01-29 04:45:12
USR004479,Nagaland,Tuensang,SC/ST/OBC Welfare,National Fellowship SC,No,No,High,18-25,2025-11-29 00:32:25
USR004480,Kerala,Kottayam,Health & Public Health,TB Elimination Programme,Yes,Yes,Middle,18-25,2025-04-04 04:37:18
USR004481,Kerala,Kottayam,Disability Support (Divyang Schemes),Sahyogi Scheme,No,No,High,18-25,2025-07-18 21:19:28
USR004482,Mizoram,Champhai,SC/ST/OBC Welfare,Venture Capital Fund SC,Yes,Yes,Middle,41-60,2025-07-14 10:28:32
USR004483,Mizoram,Saiha,Disability Support (Divyang Schemes),ADIP Scheme,No,No,Low,41-60,2025-09-21 11:47:49
USR004484,Tripura,Dhalai,Disability Support (Divyang Schemes),Samarth Scheme,Yes,Yes,Middle,41-60,2025-11-26 17:22:52
USR004485,Maharashtra,Nagpur,SC/ST/OBC Welfare,Venture Capital Fund SC,Yes,No,Low,41-60,2025-11-23 22:42:31
USR004486,Karnataka,Tumkur,Agriculture & Allied Activities,Pradhan Mantri Fasal Bima Yojana,Yes,Yes,Low,41-60,2025-10-11 07:42:54
USR004487,Sikkim,North Sikkim,Agriculture & Allied Activities,Agriculture Infrastructure Fund,Yes,No,High,41-60,2025-12-14 09:20:14
USR004488,Assam,Kamrup,Agriculture & Allied Activities,Soil Health Card Scheme,No,No,High,41-60,2025-08-21 20:35:27
USR004489,Andhra Pradesh,Chittoor,Senior Citizen Welfare,Varishtha Pension Bima Yojana,Yes,Yes,High,41-60,2025-04-26 23:51:03
USR004490,Tripura,West Tripura,Agriculture & Allied Activities,Pradhan Mantri Fasal Bima Yojana,Yes,Yes,Middle,18-25,2025-12-14 21:22:00
USR004491,Jharkhand,Godda,Women Empowerment & Child Welfare,One Stop Centre Scheme,Yes,Yes,High,41-60,2025-08-10 12:26:52
USR004492,Jharkhand,Ranchi,Health & Public Health,Mission Indradhanush,No,No,High,41-60,2025-11-07 13:56:28
USR004493,Tripura,West Tripura,Agriculture & Allied Activities,PM Kisan Maan Dhan Yojana,No,No,High,60+,2026-02-18 04:13:39
USR004494,Haryana,Karnal,Health & Public Health,eSanjeevani Telemedicine,No,No,Middle,26-40,2026-01-28 17:44:49
USR004495,Himachal Pradesh,Mandi,Disability Support (Divyang Schemes),Samarth Scheme,Yes,Yes,High,60+,2026-02-25 18:55:00
USR004496,Andhra Pradesh,Chittoor,Health & Public Health,Rashtriya Swasthya Bima Yojana,Yes,Yes,Low,41-60,2025-08-08 00:01:47
USR004497,Maharashtra,Kolhapur,Education & Scholarships,Mid Day Meal Scheme,Yes,Yes,Middle,26-40,2025-06-11 10:57:42
USR004498,Rajasthan,Jaipur,Disability Support (Divyang Schemes),National Trust Niramaya,No,No,Middle,41-60,2025-09-18 09:05:27
USR004499,Sikkim,South Sikkim,Health & Public Health,National Health Mission,Yes,No,Low,18-25,2025-07-08 09:13:20
USR004500,Maharashtra,Kolhapur,Disability Support (Divyang Schemes),Vidyasagar Scheme,Yes,No,Middle,41-60,2026-01-18 10:30:54
USR004501,Bihar,Muzaffarpur,SC/ST/OBC Welfare,Credit Enhancement Scheme SC,Yes,Yes,High,60+,2026-01-07 18:27:47
USR004502,Rajasthan,Jaipur,Health & Public Health,Ayushman Bharat PM-JAY,Yes,Yes,Middle,41-60,2025-10-13 07:50:35
USR004503,Gujarat,Ahmedabad,Senior Citizen Welfare,Varishtha Pension Bima Yojana,Yes,No,Middle,18-25,2025-05-04 05:11:14
USR004504,West Bengal,Jalpaiguri,SC/ST/OBC Welfare,NSFDC Loan Schemes,No,No,Low,41-60,2025-09-28 10:34:58
USR004505,Rajasthan,Bikaner,Education & Scholarships,Post Matric Scholarship SC,Yes,Yes,Middle,26-40,2025-08-16 22:24:52
USR004506,Mizoram,Mamit,Women Empowerment & Child Welfare,Mahila Samman Savings Certificate,No,No,Low,60+,2025-03-27 11:53:21
USR004507,Jharkhand,Giridih,Women Empowerment & Child Welfare,Ujjawala Scheme,No,No,Low,60+,2025-03-03 06:36:02
USR004508,Jharkhand,Godda,Health & Public Health,National Health Mission,No,No,Low,18-25,2026-01-11 01:40:24
USR004509,Nagaland,Tuensang,Health & Public Health,National Health Mission,No,No,High,41-60,2025-12-02 23:45:59
USR004510,Madhya Pradesh,Jabalpur,Agriculture & Allied Activities,e-NAM,No,No,Low,60+,2025-11-21 12:37:26
USR004511,Gujarat,Ahmedabad,Disability Support (Divyang Schemes),ADIP Scheme,No,No,Low,26-40,2025-11-19 12:58:58
USR004512,Jharkhand,Godda,Education & Scholarships,National Means Cum Merit Scholarship,No,No,Low,41-60,2025-12-29 01:02:59
USR004513,Madhya Pradesh,Indore,Women Empowerment & Child Welfare,Anganwadi Services ICDS,No,No,Middle,26-40,2025-09-03 09:04:24
USR004514,Meghalaya,West Khasi Hills,Agriculture & Allied Activities,PM Krishi Sinchai Yojana,Yes,No,Middle,41-60,2025-12-26 18:50:41
USR004515,Karnataka,Hubli,Education & Scholarships,Post Matric Scholarship SC,No,No,High,26-40,2026-02-01 19:19:06
USR004516,Uttarakhand,Haridwar,Education & Scholarships,Top Class Education Scheme,Yes,No,Middle,18-25,2025-04-07 11:08:08
USR004517,Bihar,Araria,Education & Scholarships,SHREYAS Scheme,No,No,Low,41-60,2025-06-04 15:36:51
USR004518,Odisha,Sambalpur,Disability Support (Divyang Schemes),ADIP Scheme,No,No,Low,41-60,2025-12-29 07:44:01
USR004519,Sikkim,South Sikkim,Education & Scholarships,Central Sector Scholarship Scheme,Yes,Yes,Middle,26-40,2025-04-20 10:28:11
USR004520,Himachal Pradesh,Kinnaur,Disability Support (Divyang Schemes),National Trust Niramaya,No,No,High,18-25,2025-05-09 12:04:19
USR004521,Madhya Pradesh,Sagar,Senior Citizen Welfare,National Social Assistance Programme,Yes,Yes,Low,18-25,2025-09-10 06:34:36
USR004522,Tamil Nadu,Madurai,Women Empowerment & Child Welfare,Mahila Samman Savings Certificate,Yes,No,High,26-40,2025-05-17 12:23:26
USR004523,Sikkim,East Sikkim,Education & Scholarships,Mid Day Meal Scheme,No,No,Low,26-40,2025-05-20 23:24:12
USR004524,Madhya Pradesh,Bhopal,Senior Citizen Welfare,Annapurna Scheme,No,No,High,41-60,2025-12-19 07:47:17
USR004525,Assam,Sonitpur,SC/ST/OBC Welfare,NSFDC Loan Schemes,No,No,Middle,18-25,2025-11-17 00:02:05
USR004526,Tripura,West Tripura,Agriculture & Allied Activities,National Horticulture Mission,No,No,High,26-40,2026-01-15 05:11:17
USR004527,Karnataka,Hubli,Education & Scholarships,Vidya Lakshmi Scheme,No,No,Low,60+,2026-01-04 06:27:54
USR004528,Sikkim,West Sikkim,SC/ST/OBC Welfare,Post Matric Scholarship OBC,Yes,Yes,Middle,60+,2025-12-09 00:26:34
USR004529,Jharkhand,Godda,Senior Citizen Welfare,National Social Assistance Programme,Yes,Yes,High,41-60,2025-08-15 13:29:47
USR004530,Sikkim,North Sikkim,Education & Scholarships,PM Research Fellowship,Yes,No,High,60+,2025-11-16 12:02:19
USR004531,Chhattisgarh,Bilaspur,Women Empowerment & Child Welfare,Working Women Hostel Scheme,No,No,Middle,60+,2025-07-22 05:42:55
USR004532,Haryana,Ambala,Education & Scholarships,Pre Matric Scholarship OBC,Yes,No,Low,60+,2025-08-24 15:14:20
USR004533,Chhattisgarh,Bastar,Education & Scholarships,PM Research Fellowship,Yes,Yes,High,60+,2025-04-26 07:06:02
USR004534,Nagaland,Peren,Senior Citizen Welfare,Integrated Programme for Older Persons,No,No,High,60+,2026-01-24 02:44:07
USR004535,Tamil Nadu,Kancheepuram,Agriculture & Allied Activities,PM Kisan Maan Dhan Yojana,No,No,High,26-40,2025-03-11 14:34:55
USR004536,Kerala,Thrissur,Senior Citizen Welfare,Elderline Helpline,Yes,No,Low,18-25,2025-04-07 10:14:01
USR004537,Himachal Pradesh,Lahul,Disability Support (Divyang Schemes),Indira Gandhi Disability Pension,No,No,High,60+,2025-12-03 17:46:19
USR004538,Haryana,Karnal,Health & Public Health,eSanjeevani Telemedicine,Yes,Yes,Middle,41-60,2025-05-12 05:00:56
USR004539,Sikkim,West Sikkim,Education & Scholarships,Central Sector Scholarship Scheme,Yes,Yes,Low,26-40,2025-03-18 06:06:07
USR004540,Bihar,Muzaffarpur,Women Empowerment & Child Welfare,STEP Scheme,Yes,No,High,60+,2025-06-21 14:39:32
USR004541,Manipur,Ukhrul,SC/ST/OBC Welfare,Credit Enhancement Scheme SC,Yes,No,Low,18-25,2025-12-07 12:42:57
USR004542,Odisha,Bargarh,Disability Support (Divyang Schemes),Sahyogi Scheme,Yes,No,Middle,41-60,2025-07-05 23:37:36
USR004543,Haryana,Karnal,Disability Support (Divyang Schemes),Vidyasagar Scheme,Yes,Yes,Middle,41-60,2026-01-29 01:11:22
USR004544,Kerala,Kozhikode,Senior Citizen Welfare,National Social Assistance Programme,Yes,Yes,Low,18-25,2025-04-28 22:40:22
USR004545,Himachal Pradesh,Shimla,Education & Scholarships,National Overseas Scholarship,No,No,Middle,60+,2025-07-31 22:14:18
USR004546,Madhya Pradesh,Gwalior,SC/ST/OBC Welfare,Venture Capital Fund SC,Yes,No,Low,18-25,2025-11-20 06:46:14
USR004547,Madhya Pradesh,Ujjain,SC/ST/OBC Welfare,PM DAKSH Scheme,Yes,No,High,41-60,2025-12-21 11:54:26
USR004548,Chhattisgarh,Janjgir-Champa,SC/ST/OBC Welfare,PM DAKSH Scheme,No,No,Middle,18-25,2025-06-28 18:29:04
USR004549,Andhra Pradesh,Krishna,Disability Support (Divyang Schemes),Gharaunda Scheme,Yes,No,Middle,26-40,2025-03-25 07:24:59
USR004550,Jharkhand,Godda,Agriculture & Allied Activities,e-NAM,Yes,Yes,Low,41-60,2026-02-25 04:20:04
USR004551,Telangana,Warangal,SC/ST/OBC Welfare,National Fellowship OBC,No,No,Low,41-60,2026-01-18 22:05:43
USR004552,Jharkhand,Deoghar,Education & Scholarships,Vidya Lakshmi Scheme,Yes,Yes,Middle,60+,2025-10-23 15:53:48
USR004553,Madhya Pradesh,Sagar,Education & Scholarships,Vidya Lakshmi Scheme,No,No,Middle,26-40,2026-02-24 09:09:27
USR004554,Andhra Pradesh,Chittoor,Education & Scholarships,National Overseas Scholarship,Yes,Yes,High,41-60,2025-05-30 05:49:38
USR004555,Meghalaya,East Khasi Hills,SC/ST/OBC Welfare,Free Coaching Scheme SC OBC,Yes,Yes,Middle,18-25,2025-04-28 06:12:10
USR004556,Himachal Pradesh,Shimla,Agriculture & Allied Activities,Pradhan Mantri Fasal Bima Yojana,Yes,Yes,Low,60+,2025-04-29 01:11:42
USR004557,Bihar,East Champaran,Disability Support (Divyang Schemes),Indira Gandhi Disability Pension,Yes,No,High,41-60,2025-09-28 09:23:28
USR004558,Tripura,Dhalai,Agriculture & Allied Activities,Paramparagat Krishi Vikas Yojana,Yes,Yes,Middle,41-60,2025-07-25 00:30:30
USR004559,Bihar,West Champaran,SC/ST/OBC Welfare,Pre Matric Scholarship SC,Yes,Yes,Middle,60+,2025-08-01 23:06:48
USR004560,Madhya Pradesh,Gwalior,Senior Citizen Welfare,Elderline Helpline,Yes,No,Low,18-25,2025-10-17 18:23:24
USR004561,Manipur,Imphal West,Agriculture & Allied Activities,PM-KISAN,Yes,No,High,60+,2025-04-09 05:33:13
USR004562,Tamil Nadu,Chennai,Education & Scholarships,Top Class Education Scheme,Yes,No,Low,60+,2025-12-24 23:56:49
USR004563,Telangana,Karimnagar,Health & Public Health,National Health Mission,No,No,High,18-25,2026-02-03 07:28:12
USR004564,West Bengal,Howrah,Health & Public Health,TB Elimination Programme,Yes,Yes,Low,60+,2025-11-08 08:35:57
USR004565,Jharkhand,Ranchi,Women Empowerment & Child Welfare,Mahila Shakti Kendra,Yes,No,Low,60+,2025-04-01 21:13:01
USR004566,Haryana,Karnal,Disability Support (Divyang Schemes),ADIP Scheme,Yes,Yes,Low,60+,2026-02-16 17:18:28
USR004567,Odisha,Cuttack,SC/ST/OBC Welfare,Credit Enhancement Scheme SC,No,No,High,26-40,2026-01-17 15:26:49
USR004568,Haryana,Faridabad,SC/ST/OBC Welfare,Top Class Education SC,No,No,Low,60+,2025-09-21 01:59:21
USR004569,West Bengal,Darjeeling,Senior Citizen Welfare,PM Vaya Vandana Yojana,Yes,No,Low,60+,2025-07-31 08:28:55
USR004570,Meghalaya,Jaintia Hills,Disability Support (Divyang Schemes),Samarth Scheme,Yes,No,High,60+,2025-12-11 14:45:22
USR004571,Sikkim,South Sikkim,Agriculture & Allied Activities,Agriculture Infrastructure Fund,No,No,Middle,41-60,2025-10-30 13:13:37
USR004572,Odisha,Cuttack,Disability Support (Divyang Schemes),Gharaunda Scheme,Yes,No,Middle,18-25,2025-10-17 00:04:58
USR004573,Manipur,Ukhrul,SC/ST/OBC Welfare,NSFDC Loan Schemes,No,No,High,26-40,2026-01-19 17:59:08
USR004574,Telangana,Hyderabad,Senior Citizen Welfare,Indira Gandhi National Old Age Pension,No,No,Low,60+,2026-02-02 00:51:38
USR004575,Manipur,Imphal East,Health & Public Health,National Digital Health Mission,Yes,Yes,High,41-60,2025-05-27 22:44:02
USR004576,Maharashtra,Pune,Health & Public Health,Pradhan Mantri Jan Aushadhi Yojana,Yes,Yes,Low,60+,2025-06-30 06:46:34
USR004577,Bihar,Araria,Senior Citizen Welfare,Annapurna Scheme,No,No,High,18-25,2025-03-11 13:11:03
USR004578,Nagaland,Zunheboto,Disability Support (Divyang Schemes),Deendayal Disabled Rehabilitation Scheme,Yes,Yes,Low,26-40,2025-12-04 11:19:15
USR004579,Bihar,Muzaffarpur,Agriculture & Allied Activities,Agriculture Infrastructure Fund,Yes,No,Low,26-40,2026-02-17 16:27:57
USR004580,Telangana,Nalgonda,Agriculture & Allied Activities,Paramparagat Krishi Vikas Yojana,Yes,No,High,26-40,2025-09-10 23:02:44
USR004581,Karnataka,Bangalore,Senior Citizen Welfare,Atal Pension Yojana,Yes,Yes,High,18-25,2025-04-18 08:30:57
USR004582,Karnataka,Mysore,Disability Support (Divyang Schemes),Vidyasagar Scheme,Yes,Yes,Low,41-60,2025-09-20 00:59:45
USR004583,Haryana,Faridabad,Women Empowerment & Child Welfare,POSHAN Abhiyaan,No,No,Low,26-40,2026-01-23 22:34:28
USR004584,Jharkhand,Godda,Education & Scholarships,Central Sector Scholarship Scheme,Yes,Yes,High,18-25,2025-10-19 07:20:37
USR004585,Tripura,Dhalai,Education & Scholarships,National Means Cum Merit Scholarship,Yes,No,Middle,41-60,2025-10-29 12:46:07
USR004586,Assam,Nagaon,SC/ST/OBC Welfare,Pre Matric Scholarship SC,Yes,Yes,High,41-60,2026-02-20 13:41:41
USR004587,Chhattisgarh,Rajnandgaon,Disability Support (Divyang Schemes),Accessible India Campaign,No,No,High,60+,2025-05-31 16:43:04
USR004588,Sikkim,North Sikkim,Agriculture & Allied Activities,PM-KISAN,No,No,Low,60+,2025-05-03 17:52:04
USR004589,Himachal Pradesh,Lahul,Agriculture & Allied Activities,Soil Health Card Scheme,Yes,Yes,Middle,60+,2025-07-13 05:45:09
USR004590,Karnataka,Belgaum,Health & Public Health,Pradhan Mantri Jan Aushadhi Yojana,Yes,Yes,Low,18-25,2026-01-01 02:15:34
USR004591,Tripura,Dhalai,Health & Public Health,National Digital Health Mission,Yes,Yes,Low,41-60,2025-07-28 16:10:10
USR004592,Rajasthan,Ajmer,SC/ST/OBC Welfare,Post Matric Scholarship OBC,No,No,Low,26-40,2025-12-24 00:49:11
USR004593,Karnataka,Mangalore,Women Empowerment & Child Welfare,Beti Bachao Beti Padhao,Yes,Yes,Low,26-40,2025-10-31 20:22:27
USR004594,Uttarakhand,Bageshwar,Education & Scholarships,Post Matric Scholarship SC,Yes,Yes,Low,60+,2025-08-14 03:46:30
USR004595,West Bengal,Howrah,Agriculture & Allied Activities,Soil Health Card Scheme,Yes,Yes,Low,60+,2026-01-29 10:13:18
USR004596,Maharashtra,Nashik,Disability Support (Divyang Schemes),ADIP Scheme,Yes,Yes,Middle,60+,2025-11-05 18:36:00
USR004597,Odisha,Jajpur,Agriculture & Allied Activities,Paramparagat Krishi Vikas Yojana,Yes,Yes,High,60+,2025-10-02 09:53:22
USR004598,Andhra Pradesh,Chittoor,Women Empowerment & Child Welfare,One Stop Centre Scheme,Yes,Yes,Middle,26-40,2025-04-17 16:49:49
USR004599,Himachal Pradesh,Shimla,SC/ST/OBC Welfare,Free Coaching Scheme SC OBC,Yes,Yes,High,26-40,2026-01-20 05:57:02
USR004600,Himachal Pradesh,Kinnaur,Disability Support (Divyang Schemes),Deendayal Disabled Rehabilitation Scheme,Yes,Yes,Middle,26-40,2025-12-06 10:58:13
USR004601,Madhya Pradesh,Sagar,Disability Support (Divyang Schemes),Unique Disability ID UDID,Yes,Yes,High,60+,2025-10-28 04:05:34
USR004602,Punjab,Patiala,Senior Citizen Welfare,National Social Assistance Programme,Yes,Yes,Middle,26-40,2025-08-29 15:43:31
USR004603,Tripura,Dhalai,Education & Scholarships,Mid Day Meal Scheme,No,No,Middle,60+,2025-11-24 04:05:59
USR004604,Bihar,East Champaran,Disability Support (Divyang Schemes),Indira Gandhi Disability Pension,No,No,Low,60+,2025-03-18 23:50:21
USR004605,Assam,Kamrup,SC/ST/OBC Welfare,Credit Enhancement Scheme SC,Yes,Yes,Middle,26-40,2025-09-27 06:40:19
USR004606,West Bengal,Darjeeling,SC/ST/OBC Welfare,Top Class Education SC,Yes,No,Low,26-40,2025-08-26 14:42:35
USR004607,Maharashtra,Nagpur,SC/ST/OBC Welfare,Free Coaching Scheme SC OBC,Yes,Yes,High,18-25,2026-01-10 02:16:19
USR004608,Himachal Pradesh,Solan,Women Empowerment & Child Welfare,POSHAN Abhiyaan,No,No,High,60+,2026-01-16 09:17:18
USR004609,Madhya Pradesh,Bhopal,SC/ST/OBC Welfare,Credit Enhancement Scheme SC,Yes,Yes,High,26-40,2025-12-03 15:54:21
USR004610,Manipur,Imphal West,SC/ST/OBC Welfare,Credit Enhancement Scheme SC,Yes,No,Middle,26-40,2025-12-25 11:00:25
USR004611,Kerala,Kozhikode,Education & Scholarships,PM Research Fellowship,Yes,Yes,High,41-60,2025-08-24 02:56:22
USR004612,Nagaland,Zunheboto,Education & Scholarships,Post Matric Scholarship SC,Yes,Yes,High,41-60,2025-12-08 02:37:38
USR004613,Mizoram,Champhai,Health & Public Health,TB Elimination Programme,No,No,Middle,18-25,2026-01-18 00:59:48
USR004614,Odisha,Balasore,Disability Support (Divyang Schemes),Indira Gandhi Disability Pension,Yes,No,Low,18-25,2025-06-14 16:20:09
USR004615,Jharkhand,Godda,Senior Citizen Welfare,PM Vaya Vandana Yojana,Yes,No,Middle,18-25,2025-06-28 15:40:29
USR004616,Uttarakhand,Almora,Education & Scholarships,Vidya Lakshmi Scheme,Yes,No,Middle,26-40,2025-07-16 15:59:09
USR004617,Odisha,Bhubaneswar,Disability Support (Divyang Schemes),ADIP Scheme,Yes,No,High,26-40,2025-10-11 10:32:56
USR004618,Haryana,Ambala,Agriculture & Allied Activities,Agriculture Infrastructure Fund,No,No,Low,26-40,2025-12-22 10:43:30
USR004619,Madhya Pradesh,Indore,Agriculture & Allied Activities,Kisan Credit Card,No,No,Low,18-25,2026-01-25 01:26:56
USR004620,Chhattisgarh,Janjgir-Champa,Senior Citizen Welfare,Annapurna Scheme,Yes,No,Middle,60+,2025-07-01 20:40:44
USR004621,Odisha,Balasore,Women Empowerment & Child Welfare,Beti Bachao Beti Padhao,Yes,No,Middle,60+,2025-04-03 20:05:49
USR004622,Andhra Pradesh,Kadapa,Agriculture & Allied Activities,Kisan Credit Card,Yes,No,Middle,18-25,2025-11-21 08:38:35
USR004623,Kerala,Kannur,Education & Scholarships,PM Research Fellowship,No,No,Low,60+,2026-01-10 05:31:38
USR004624,Manipur,Senapati,Disability Support (Divyang Schemes),Vidyasagar Scheme,Yes,Yes,Middle,18-25,2026-02-17 01:01:11
USR004625,Punjab,Sangrur,SC/ST/OBC Welfare,National Fellowship OBC,Yes,Yes,Middle,18-25,2025-03-15 06:54:38
USR004626,Telangana,Medchal,Agriculture & Allied Activities,Pradhan Mantri Fasal Bima Yojana,Yes,Yes,High,41-60,2025-11-08 22:22:42
USR004627,Mizoram,Kolasib,Education & Scholarships,National Means Cum Merit Scholarship,No,No,Middle,60+,2025-12-06 13:28:30
USR004628,Uttar Pradesh,Banaras,SC/ST/OBC Welfare,Credit Enhancement Scheme SC,Yes,No,High,18-25,2025-08-26 11:16:11
USR004629,Kerala,Kozhikode,Education & Scholarships,Mid Day Meal Scheme,Yes,No,High,18-25,2025-05-28 15:43:20
USR004630,Haryana,Gurgaon,Women Empowerment & Child Welfare,One Stop Centre Scheme,Yes,Yes,Middle,26-40,2025-09-30 13:03:52
USR004631,Meghalaya,Jaintia Hills,SC/ST/OBC Welfare,Post Matric Scholarship OBC,No,No,High,41-60,2025-10-14 09:03:19
USR004632,Odisha,Bargarh,Agriculture & Allied Activities,PM-KISAN,No,No,Middle,26-40,2025-08-01 10:18:30
USR004633,Karnataka,Hubli,SC/ST/OBC Welfare,National Fellowship SC,No,No,Middle,18-25,2025-08-02 09:33:05
USR004634,Odisha,Sambalpur,Women Empowerment & Child Welfare,Working Women Hostel Scheme,No,No,High,41-60,2026-01-10 04:41:15
USR004635,Kerala,Thrissur,Education & Scholarships,Vidya Lakshmi Scheme,Yes,Yes,Middle,26-40,2025-08-26 12:09:49
USR004636,Chhattisgarh,Rajnandgaon,Agriculture & Allied Activities,PM Kisan Maan Dhan Yojana,No,No,Low,26-40,2026-02-11 03:06:13
USR004637,Kerala,Kozhikode,Senior Citizen Welfare,Atal Pension Yojana,Yes,Yes,Low,41-60,2025-07-16 08:33:23
USR004638,Uttar Pradesh,Lucknow,Agriculture & Allied Activities,Agriculture Infrastructure Fund,Yes,Yes,Middle,41-60,2025-08-06 14:20:18
USR004639,West Bengal,Jalpaiguri,Disability Support (Divyang Schemes),Sahyogi Scheme,Yes,No,High,18-25,2026-01-13 07:49:30
USR004640,Nagaland,Peren,Disability Support (Divyang Schemes),Gharaunda Scheme,No,No,High,41-60,2025-09-06 02:22:24
USR004641,Nagaland,Tuensang,Disability Support (Divyang Schemes),Sahyogi Scheme,Yes,Yes,Middle,41-60,2026-01-02 06:20:05
USR004642,Meghalaya,Jaintia Hills,Health & Public Health,TB Elimination Programme,Yes,No,Middle,26-40,2025-05-15 17:57:03
USR004643,Manipur,Ukhrul,Health & Public Health,Pradhan Mantri Jan Aushadhi Yojana,No,No,High,60+,2025-05-15 01:52:32
USR004644,Bihar,East Champaran,Health & Public Health,Pradhan Mantri Surakshit Matritva Abhiyan,Yes,Yes,Middle,41-60,2025-10-10 08:48:24
USR004645,Tamil Nadu,Salem,Health & Public Health,TB Elimination Programme,No,No,High,60+,2025-08-04 14:32:42
USR004646,Maharashtra,Kolhapur,Agriculture & Allied Activities,Paramparagat Krishi Vikas Yojana,No,No,Low,41-60,2025-06-07 23:58:26
USR004647,Punjab,Sangrur,Agriculture & Allied Activities,Agriculture Infrastructure Fund,Yes,No,Middle,18-25,2025-08-24 09:32:00
USR004648,Meghalaya,Cima,Agriculture & Allied Activities,National Horticulture Mission,Yes,Yes,High,18-25,2025-12-19 13:04:25
USR004649,Rajasthan,Ajmer,Women Empowerment & Child Welfare,Mahila Shakti Kendra,Yes,No,Middle,60+,2026-02-07 04:03:07
USR004650,Tripura,Khowai,Agriculture & Allied Activities,PM Kisan Maan Dhan Yojana,Yes,Yes,Middle,26-40,2025-07-16 16:32:53
USR004651,Sikkim,East Sikkim,Disability Support (Divyang Schemes),National Trust Niramaya,Yes,Yes,Middle,60+,2026-02-02 02:46:06
USR004652,Mizoram,Saiha,Education & Scholarships,National Overseas Scholarship,No,No,Middle,26-40,2025-08-08 11:25:59
USR004653,Manipur,Imphal West,SC/ST/OBC Welfare,National Fellowship OBC,Yes,Yes,Middle,60+,2025-11-11 02:08:44
USR004654,Odisha,Jajpur,Women Empowerment & Child Welfare,Mahila Shakti Kendra,No,No,Middle,60+,2025-10-26 01:59:31
USR004655,Nagaland,Peren,Education & Scholarships,Central Sector Scholarship Scheme,No,No,Middle,26-40,2025-08-13 02:04:09
USR004656,Uttar Pradesh,Kanpur,Women Empowerment & Child Welfare,POSHAN Abhiyaan,No,No,Low,60+,2025-08-20 15:15:11
USR004657,Gujarat,Surat,Senior Citizen Welfare,Indira Gandhi National Old Age Pension,Yes,Yes,Low,60+,2026-02-16 19:29:14
USR004658,Nagaland,Zunheboto,Agriculture & Allied Activities,PM Kisan Maan Dhan Yojana,Yes,No,High,26-40,2026-02-07 22:37:32
USR004659,Tamil Nadu,Coimbatore,Health & Public Health,Pradhan Mantri Jan Aushadhi Yojana,Yes,No,Low,41-60,2025-08-05 19:53:45
USR004660,Uttarakhand,Haridwar,SC/ST/OBC Welfare,Credit Enhancement Scheme SC,No,No,High,18-25,2025-08-09 16:35:47
USR004661,West Bengal,Jalpaiguri,Education & Scholarships,National Means Cum Merit Scholarship,No,No,Middle,41-60,2025-12-22 01:51:15
USR004662,Madhya Pradesh,Sagar,Women Empowerment & Child Welfare,Anganwadi Services ICDS,No,No,High,18-25,2025-10-26 18:12:48
USR004663,Himachal Pradesh,Solan,Senior Citizen Welfare,National Social Assistance Programme,No,No,Middle,60+,2025-06-04 05:57:01
USR004664,Assam,Barpeta,Agriculture & Allied Activities,Kisan Credit Card,Yes,No,High,60+,2025-08-23 03:08:07
USR004665,Rajasthan,Jodhpur,Women Empowerment & Child Welfare,Anganwadi Services ICDS,Yes,No,Low,60+,2026-01-29 19:34:20
USR004666,Meghalaya,West Garo Hills,Agriculture & Allied Activities,Kisan Credit Card,No,No,High,60+,2025-08-28 10:27:07
USR004667,Himachal Pradesh,Shimla,Health & Public Health,National Digital Health Mission,No,No,Middle,26-40,2025-04-14 13:23:46
USR004668,Tamil Nadu,Coimbatore,Disability Support (Divyang Schemes),Accessible India Campaign,Yes,Yes,Low,60+,2025-11-02 09:48:59
USR004669,Manipur,Imphal West,Education & Scholarships,Vidya Lakshmi Scheme,No,No,Low,18-25,2026-02-09 21:28:45
USR004670,Sikkim,South Sikkim,SC/ST/OBC Welfare,PM DAKSH Scheme,Yes,Yes,High,18-25,2025-10-14 05:19:18
USR004671,Himachal Pradesh,Shimla,SC/ST/OBC Welfare,Free Coaching Scheme SC OBC,No,No,High,60+,2025-11-09 10:24:29
USR004672,Himachal Pradesh,Kinnaur,SC/ST/OBC Welfare,Top Class Education SC,Yes,Yes,High,41-60,2025-07-02 03:20:15
USR004673,Nagaland,Wokha,Agriculture & Allied Activities,Agriculture Infrastructure Fund,Yes,Yes,Middle,60+,2025-12-20 09:03:56
USR004674,Punjab,Jalandhar,Education & Scholarships,Post Matric Scholarship SC,No,No,High,60+,2025-11-18 02:07:10
USR004675,Meghalaya,East Khasi Hills,Education & Scholarships,National Means Cum Merit Scholarship,No,No,High,60+,2025-08-21 00:53:25
USR004676,Punjab,Ludhiana,Health & Public Health,Rashtriya Swasthya Bima Yojana,Yes,Yes,High,60+,2025-08-16 00:57:00
USR004677,Maharashtra,Mumbai,Agriculture & Allied Activities,PM Krishi Sinchai Yojana,Yes,No,Low,18-25,2025-03-22 01:13:25
USR004678,Manipur,Senapati,SC/ST/OBC Welfare,Credit Enhancement Scheme SC,No,No,Middle,26-40,2025-12-06 10:05:29
USR004679,Telangana,Medchal,Disability Support (Divyang Schemes),Indira Gandhi Disability Pension,Yes,Yes,High,60+,2025-04-30 05:47:56
USR004680,Bihar,West Champaran,Agriculture & Allied Activities,e-NAM,Yes,Yes,High,41-60,2025-11-02 23:13:22
USR004681,Telangana,Nalgonda,SC/ST/OBC Welfare,Credit Enhancement Scheme SC,Yes,No,High,18-25,2025-12-21 06:49:36
USR004682,Tripura,Khowai,Education & Scholarships,National Means Cum Merit Scholarship,Yes,Yes,Low,60+,2025-04-13 21:44:46
USR004683,Andhra Pradesh,Nellore,Disability Support (Divyang Schemes),Vidyasagar Scheme,Yes,Yes,Middle,18-25,2025-03-09 14:41:04
USR004684,Punjab,Patiala,Women Empowerment & Child Welfare,Working Women Hostel Scheme,No,No,Middle,41-60,2025-03-17 23:43:09
USR004685,Punjab,Patiala,Women Empowerment & Child Welfare,Working Women Hostel Scheme,Yes,No,High,26-40,2025-12-07 14:58:05
USR004686,Uttarakhand,Pithoragarh,Women Empowerment & Child Welfare,Anganwadi Services ICDS,No,No,High,18-25,2025-12-08 14:36:10
USR004687,Tamil Nadu,Coimbatore,Women Empowerment & Child Welfare,STEP Scheme,No,No,Middle,26-40,2025-05-21 17:06:41
USR004688,Manipur,Ukhrul,Health & Public Health,Mission Indradhanush,No,No,Middle,26-40,2025-10-22 09:13:05
USR004689,Mizoram,Saiha,Senior Citizen Welfare,Elderline Helpline,Yes,Yes,High,41-60,2025-08-01 09:18:57
USR004690,Meghalaya,West Garo Hills,Education & Scholarships,Post Matric Scholarship SC,Yes,No,Low,26-40,2025-08-21 08:07:02
USR004691,Telangana,Medchal,Senior Citizen Welfare,PM Vaya Vandana Yojana,No,No,High,18-25,2026-01-07 07:54:29
USR004692,Jharkhand,Dumka,Health & Public Health,Pradhan Mantri Surakshit Matritva Abhiyan,Yes,Yes,High,60+,2025-09-24 20:48:03
USR004693,Chhattisgarh,Rajnandgaon,Senior Citizen Welfare,Annapurna Scheme,Yes,Yes,High,18-25,2025-12-12 06:35:55
USR004694,Chhattisgarh,Bastar,SC/ST/OBC Welfare,National Fellowship OBC,No,No,Low,41-60,2026-01-08 12:55:51
USR004695,Mizoram,Kolasib,Women Empowerment & Child Welfare,Mahila Shakti Kendra,Yes,Yes,High,60+,2025-06-29 07:43:31
USR004696,Karnataka,Mangalore,Disability Support (Divyang Schemes),Samarth Scheme,Yes,Yes,Middle,26-40,2025-09-09 17:56:10
USR004697,Bihar,Patna,SC/ST/OBC Welfare,Credit Enhancement Scheme SC,Yes,No,Middle,41-60,2025-03-22 11:01:42
USR004698,Karnataka,Mysore,Education & Scholarships,National Means Cum Merit Scholarship,No,No,Middle,18-25,2026-01-17 16:16:15
USR004699,Uttarakhand,Nainital,Disability Support (Divyang Schemes),Gharaunda Scheme,Yes,No,Middle,41-60,2025-12-21 07:22:48
USR004700,Uttarakhand,Nainital,Disability Support (Divyang Schemes),Accessible India Campaign,No,No,Low,18-25,2026-02-03 12:39:34
USR004701,Gujarat,Bharuch,SC/ST/OBC Welfare,Venture Capital Fund SC,No,No,Middle,26-40,2025-10-02 23:56:31
USR004702,Punjab,Ludhiana,Agriculture & Allied Activities,PM Krishi Sinchai Yojana,Yes,Yes,Middle,18-25,2025-03-17 03:25:43
USR004703,Haryana,Karnal,Senior Citizen Welfare,Annapurna Scheme,Yes,Yes,Low,26-40,2025-04-28 21:51:20
USR004704,Tamil Nadu,Tiruppur,SC/ST/OBC Welfare,PM DAKSH Scheme,Yes,No,Low,60+,2025-04-06 05:33:05
USR004705,Haryana,Gurgaon,Senior Citizen Welfare,National Social Assistance Programme,Yes,Yes,Low,26-40,2025-09-10 13:03:30
USR004706,Andhra Pradesh,Chittoor,Disability Support (Divyang Schemes),ADIP Scheme,Yes,Yes,Low,26-40,2025-05-03 01:43:14
USR004707,Jharkhand,Dhanbad,Health & Public Health,Pradhan Mantri Jan Aushadhi Yojana,No,No,Low,18-25,2025-06-10 06:13:19
USR004708,Haryana,Faridabad,Women Empowerment & Child Welfare,Ujjawala Scheme,Yes,No,High,41-60,2026-02-16 02:07:11
USR004709,Andhra Pradesh,Visakhapatnam,Education & Scholarships,Central Sector Scholarship Scheme,Yes,Yes,Middle,60+,2025-05-18 14:33:21
USR004710,Mizoram,Aizawl,Health & Public Health,National Digital Health Mission,No,No,Low,60+,2025-09-10 10:03:03
USR004711,Andhra Pradesh,Chittoor,Women Empowerment & Child Welfare,POSHAN Abhiyaan,No,No,Middle,41-60,2025-12-29 21:54:00
USR004712,Tripura,South Tripura,SC/ST/OBC Welfare,Venture Capital Fund SC,No,No,Middle,60+,2025-06-12 13:21:25
USR004713,Gujarat,Rajkot,Education & Scholarships,PM Research Fellowship,Yes,Yes,Low,60+,2025-09-11 19:55:23
USR004714,Tripura,Khowai,Agriculture & Allied Activities,e-NAM,Yes,Yes,High,26-40,2025-06-05 15:32:24
USR004715,Sikkim,West Sikkim,Senior Citizen Welfare,PM Vaya Vandana Yojana,Yes,No,Low,26-40,2025-05-22 10:52:49
USR004716,Mizoram,Kolasib,Disability Support (Divyang Schemes),Vidyasagar Scheme,No,No,Middle,26-40,2025-03-30 19:04:46
USR004717,Punjab,Patiala,Women Empowerment & Child Welfare,Ujjawala Scheme,Yes,Yes,High,26-40,2025-12-05 22:35:33
USR004718,Andhra Pradesh,Chittoor,Senior Citizen Welfare,Annapurna Scheme,Yes,Yes,Middle,60+,2026-02-18 21:45:00
USR004719,Kerala,Ernakulathappan,Disability Support (Divyang Schemes),Gharaunda Scheme,Yes,No,High,18-25,2025-06-30 15:33:09
USR004720,Maharashtra,Kolhapur,Agriculture & Allied Activities,Soil Health Card Scheme,No,No,Middle,26-40,2025-10-02 12:27:34
USR004721,Punjab,Patiala,Disability Support (Divyang Schemes),Samarth Scheme,Yes,No,Middle,41-60,2025-04-20 16:55:36
USR004722,Manipur,Bishnupur,Women Empowerment & Child Welfare,Mahila Samman Savings Certificate,Yes,Yes,High,18-25,2025-09-01 21:52:00
USR004723,Andhra Pradesh,Kadapa,Disability Support (Divyang Schemes),Unique Disability ID UDID,No,No,Low,18-25,2025-08-20 10:05:55
USR004724,West Bengal,Jalpaiguri,Disability Support (Divyang Schemes),Indira Gandhi Disability Pension,Yes,Yes,High,41-60,2025-03-01 00:11:54
USR004725,Maharashtra,Aurangabad,Disability Support (Divyang Schemes),National Trust Niramaya,Yes,Yes,Middle,26-40,2025-04-17 09:41:53
USR004726,Uttar Pradesh,Varanasi,Senior Citizen Welfare,Rashtriya Vayoshri Yojana,Yes,Yes,High,60+,2025-05-24 05:23:35
USR004727,West Bengal,Birbhum,Disability Support (Divyang Schemes),Deendayal Disabled Rehabilitation Scheme,No,No,High,18-25,2025-12-06 01:38:36
USR004728,Meghalaya,West Garo Hills,Senior Citizen Welfare,Senior Citizen Savings Scheme,No,No,Middle,60+,2025-09-01 12:21:15
USR004729,Odisha,Bargarh,Disability Support (Divyang Schemes),Deendayal Disabled Rehabilitation Scheme,Yes,No,High,41-60,2025-11-13 10:59:31
USR004730,Maharashtra,Aurangabad,Education & Scholarships,Post Matric Scholarship SC,Yes,No,Low,26-40,2025-06-14 17:16:28
USR004731,Kerala,Kozhikode,Agriculture & Allied Activities,e-NAM,Yes,No,Middle,60+,2025-12-09 03:58:45
USR004732,Mizoram,Mamit,Agriculture & Allied Activities,PM Krishi Sinchai Yojana,Yes,Yes,Low,41-60,2025-06-30 03:59:43
USR004733,Mizoram,Lunglei,SC/ST/OBC Welfare,Post Matric Scholarship OBC,No,No,Middle,41-60,2025-09-24 02:42:56
USR004734,Tamil Nadu,Kancheepuram,Disability Support (Divyang Schemes),Vidyasagar Scheme,No,No,Middle,41-60,2025-07-05 06:36:55
USR004735,Meghalaya,Cima,SC/ST/OBC Welfare,Free Coaching Scheme SC OBC,No,No,Middle,26-40,2025-04-24 17:43:38
USR004736,Meghalaya,East Garo Hills,Agriculture & Allied Activities,Agriculture Infrastructure Fund,No,No,Low,26-40,2025-04-28 00:29:18
USR004737,Gujarat,Junagadh,Senior Citizen Welfare,Annapurna Scheme,Yes,Yes,Middle,41-60,2025-09-21 06:29:31
USR004738,Punjab,Ferozepur,Agriculture & Allied Activities,e-NAM,No,No,High,41-60,2025-06-20 19:23:25
USR004739,Chhattisgarh,Janjgir-Champa,Education & Scholarships,Mid Day Meal Scheme,Yes,Yes,Middle,41-60,2025-06-03 05:11:39
USR004740,Bihar,East Champaran,Agriculture & Allied Activities,PM Kisan Maan Dhan Yojana,Yes,Yes,Middle,41-60,2026-01-11 11:40:35
USR004741,Chhattisgarh,Bastar,Education & Scholarships,Top Class Education Scheme,Yes,Yes,Low,26-40,2025-07-26 13:14:25
USR004742,Maharashtra,Aurangabad,Disability Support (Divyang Schemes),ADIP Scheme,Yes,No,Middle,41-60,2025-11-24 10:14:42
USR004743,Nagaland,Dimapur,Education & Scholarships,Post Matric Scholarship SC,No,No,Middle,41-60,2025-09-26 01:00:24
USR004744,Chhattisgarh,Durg,Senior Citizen Welfare,Indira Gandhi National Old Age Pension,No,No,High,18-25,2026-01-20 19:34:13
USR004745,Assam,Kamrup,Education & Scholarships,Post Matric Scholarship SC,Yes,No,Middle,60+,2025-03-10 00:26:24
USR004746,Uttarakhand,Dehradun,Agriculture & Allied Activities,Paramparagat Krishi Vikas Yojana,Yes,Yes,High,60+,2025-06-15 15:53:42
USR004747,Manipur,Senapati,Agriculture & Allied Activities,PM-KISAN,Yes,Yes,Low,26-40,2026-02-09 11:34:58
USR004748,Telangana,Medchal,Education & Scholarships,Top Class Education Scheme,No,No,High,60+,2025-05-16 04:49:39
USR004749,Uttarakhand,Pithoragarh,Women Empowerment & Child Welfare,STEP Scheme,No,No,Low,26-40,2026-01-11 22:11:52
USR004750,Kerala,Ernakulathappan,Women Empowerment & Child Welfare,Ujjawala Scheme,Yes,Yes,Middle,26-40,2025-06-19 10:25:07
USR004751,Gujarat,Junagadh,Education & Scholarships,Mid Day Meal Scheme,No,No,Low,18-25,2025-08-12 12:00:04
USR004752,Sikkim,South Sikkim,Disability Support (Divyang Schemes),Accessible India Campaign,Yes,No,Middle,60+,2026-02-20 15:52:06
USR004753,Rajasthan,Jaipur,SC/ST/OBC Welfare,Pre Matric Scholarship SC,Yes,Yes,Middle,60+,2025-10-28 18:15:40
USR004754,Manipur,Senapati,Education & Scholarships,Post Matric Scholarship SC,No,No,High,41-60,2026-02-04 21:15:21
USR004755,Kerala,Thiruvananthapuram,Senior Citizen Welfare,PM Vaya Vandana Yojana,No,No,Middle,26-40,2026-02-18 15:16:29
USR004756,Tripura,South Tripura,Education & Scholarships,National Overseas Scholarship,Yes,No,Low,26-40,2025-03-05 04:04:54
USR004757,Chhattisgarh,Bilaspur,Women Empowerment & Child Welfare,Beti Bachao Beti Padhao,No,No,Middle,41-60,2025-12-29 12:57:40
USR004758,Andhra Pradesh,Nellore,Agriculture & Allied Activities,Pradhan Mantri Fasal Bima Yojana,No,No,Low,60+,2026-01-25 14:26:40
USR004759,Meghalaya,East Khasi Hills,Agriculture & Allied Activities,Paramparagat Krishi Vikas Yojana,Yes,Yes,High,26-40,2026-02-11 06:56:14
USR004760,Kerala,Kottayam,Disability Support (Divyang Schemes),Sahyogi Scheme,No,No,Low,60+,2025-09-05 10:30:20
USR004761,Haryana,Gurgaon,Women Empowerment & Child Welfare,STEP Scheme,No,No,Middle,26-40,2025-08-04 06:54:30
USR004762,Himachal Pradesh,Solan,Education & Scholarships,National Overseas Scholarship,Yes,No,Middle,41-60,2026-02-14 01:27:05
USR004763,Nagaland,Tuensang,Agriculture & Allied Activities,Kisan Credit Card,No,No,Low,18-25,2026-01-23 19:28:33
USR004764,Madhya Pradesh,Gwalior,Health & Public Health,National Health Mission,No,No,High,26-40,2025-03-07 06:05:31
USR004765,Gujarat,Junagadh,Agriculture & Allied Activities,Kisan Credit Card,Yes,Yes,Middle,18-25,2025-07-16 23:48:53
USR004766,Tamil Nadu,Salem,Agriculture & Allied Activities,PM Krishi Sinchai Yojana,No,No,High,41-60,2025-05-13 00:59:00
USR004767,Bihar,East Champaran,Health & Public Health,Mission Indradhanush,Yes,Yes,Middle,60+,2025-03-10 18:00:20
USR004768,Chhattisgarh,Bilaspur,SC/ST/OBC Welfare,National Fellowship SC,Yes,No,Middle,26-40,2025-04-17 03:36:26
USR004769,Madhya Pradesh,Bhopal,Senior Citizen Welfare,Atal Pension Yojana,No,No,Low,18-25,2025-09-11 17:11:17
USR004770,Uttarakhand,Bageshwar,Education & Scholarships,Pre Matric Scholarship OBC,Yes,Yes,High,60+,2025-08-30 06:33:03
USR004771,Uttar Pradesh,Varanasi,Agriculture & Allied Activities,Paramparagat Krishi Vikas Yojana,Yes,Yes,Middle,41-60,2025-08-06 21:01:15
USR004772,Uttar Pradesh,Banaras,Health & Public Health,Ayushman Bharat PM-JAY,No,No,Middle,26-40,2025-07-28 11:26:18
USR004773,Tamil Nadu,Kancheepuram,Senior Citizen Welfare,PM Vaya Vandana Yojana,No,No,High,41-60,2025-06-29 04:08:40
USR004774,West Bengal,Murshidabad,Agriculture & Allied Activities,Pradhan Mantri Fasal Bima Yojana,No,No,High,41-60,2025-05-20 07:53:03
USR004775,Haryana,Ambala,SC/ST/OBC Welfare,Post Matric Scholarship OBC,Yes,Yes,High,60+,2025-06-13 04:09:49
USR004776,Kerala,Kannur,SC/ST/OBC Welfare,Top Class Education SC,No,No,Middle,60+,2025-09-09 22:09:49
USR004777,Manipur,Thoubal,Senior Citizen Welfare,Varishtha Pension Bima Yojana,No,No,High,41-60,2025-12-23 11:42:50
USR004778,Uttarakhand,Pithoragarh,Agriculture & Allied Activities,Agriculture Infrastructure Fund,Yes,Yes,High,18-25,2025-10-10 06:01:15
USR004779,Uttarakhand,Almora,Senior Citizen Welfare,Varishtha Pension Bima Yojana,Yes,Yes,High,26-40,2025-10-22 22:21:39
USR004780,Odisha,Sambalpur,Education & Scholarships,PM Research Fellowship,No,No,Low,41-60,2025-06-16 02:38:03
USR004781,Tripura,West Tripura,Health & Public Health,Pradhan Mantri Surakshit Matritva Abhiyan,Yes,No,Middle,18-25,2025-07-23 10:27:20
USR004782,Nagaland,Peren,Education & Scholarships,PM Research Fellowship,Yes,No,High,18-25,2025-09-01 04:05:22
USR004783,Kerala,Ernakulathappan,SC/ST/OBC Welfare,Top Class Education SC,Yes,Yes,Middle,26-40,2025-08-27 03:42:10
USR004784,Assam,Nagaon,Disability Support (Divyang Schemes),Deendayal Disabled Rehabilitation Scheme,Yes,Yes,Middle,18-25,2025-03-03 21:54:06
USR004785,Maharashtra,Nashik,Women Empowerment & Child Welfare,Ujjawala Scheme,Yes,No,Middle,26-40,2025-09-16 13:59:32
USR004786,Telangana,Karimnagar,Education & Scholarships,Top Class Education Scheme,No,No,High,60+,2025-11-13 09:35:52
USR004787,Sikkim,North Sikkim,Disability Support (Divyang Schemes),Vidyasagar Scheme,Yes,Yes,Middle,18-25,2025-04-13 08:01:48
USR004788,Bihar,Muzaffarpur,Senior Citizen Welfare,Annapurna Scheme,No,No,Middle,60+,2026-02-20 08:23:51
USR004789,Uttar Pradesh,Agra,Agriculture & Allied Activities,Paramparagat Krishi Vikas Yojana,No,No,Low,18-25,2025-07-04 19:44:28
USR004790,Maharashtra,Aurangabad,Health & Public Health,Rashtriya Swasthya Bima Yojana,Yes,Yes,High,41-60,2025-06-18 15:28:25
USR004791,Gujarat,Bharuch,Women Empowerment & Child Welfare,Pradhan Mantri Matru Vandana Yojana,Yes,Yes,Middle,41-60,2025-03-12 04:30:17
USR004792,Himachal Pradesh,Kinnaur,Disability Support (Divyang Schemes),Unique Disability ID UDID,Yes,No,Low,18-25,2025-11-29 18:13:34
USR004793,Meghalaya,East Khasi Hills,Education & Scholarships,Vidya Lakshmi Scheme,Yes,Yes,Middle,60+,2026-02-24 01:47:44
USR004794,Meghalaya,East Khasi Hills,Health & Public Health,Ayushman Bharat PM-JAY,Yes,Yes,Middle,41-60,2025-08-28 01:37:19
USR004795,Manipur,Ukhrul,Education & Scholarships,Vidya Lakshmi Scheme,Yes,Yes,Low,60+,2025-05-03 12:30:14
USR004796,Jharkhand,Godda,Senior Citizen Welfare,Indira Gandhi National Old Age Pension,Yes,Yes,High,41-60,2025-11-07 06:59:36
USR004797,Bihar,Madhubani,Senior Citizen Welfare,Senior Citizen Savings Scheme,Yes,Yes,Low,26-40,2025-06-24 00:14:13
USR004798,Meghalaya,East Khasi Hills,Health & Public Health,Ayushman Bharat PM-JAY,No,No,High,41-60,2025-03-17 20:59:13
USR004799,Uttar Pradesh,Agra,SC/ST/OBC Welfare,Pre Matric Scholarship SC,No,No,High,26-40,2025-05-09 22:08:19
USR004800,Chhattisgarh,Bastar,Agriculture & Allied Activities,Pradhan Mantri Fasal Bima Yojana,Yes,Yes,Middle,41-60,2025-10-07 23:28:20
USR004801,Tripura,West Tripura,Health & Public Health,National Digital Health Mission,Yes,Yes,Middle,18-25,2025-09-29 01:33:22
USR004802,Himachal Pradesh,Kinnaur,Health & Public Health,National Health Mission,No,No,Middle,41-60,2026-01-03 07:27:03
USR004803,Punjab,Jalandhar,Agriculture & Allied Activities,Agriculture Infrastructure Fund,No,No,High,26-40,2025-08-04 02:16:12
USR004804,Assam,Morigaon,Women Empowerment & Child Welfare,Pradhan Mantri Matru Vandana Yojana,Yes,Yes,Low,41-60,2025-11-07 14:04:53
USR004805,Maharashtra,Nashik,Disability Support (Divyang Schemes),Samarth Scheme,Yes,No,Middle,41-60,2026-01-05 08:43:15
USR004806,Himachal Pradesh,Mandi,Education & Scholarships,National Means Cum Merit Scholarship,No,No,Low,41-60,2025-10-09 18:16:03
USR004807,Manipur,Ukhrul,Senior Citizen Welfare,Annapurna Scheme,Yes,No,High,41-60,2025-05-30 14:25:00
USR004808,Karnataka,Mangalore,Agriculture & Allied Activities,Kisan Credit Card,No,No,High,26-40,2025-10-21 17:39:08
USR004809,Assam,Barpeta,Senior Citizen Welfare,Indira Gandhi National Old Age Pension,Yes,No,Low,60+,2025-07-02 13:28:10
USR004810,Odisha,Cuttack,Senior Citizen Welfare,Atal Pension Yojana,No,No,Middle,26-40,2025-05-10 23:53:42
USR004811,Manipur,Thoubal,Education & Scholarships,National Means Cum Merit Scholarship,No,No,Low,41-60,2025-07-10 01:43:23
USR004812,Jharkhand,Giridih,SC/ST/OBC Welfare,Free Coaching Scheme SC OBC,Yes,Yes,Low,41-60,2026-02-03 18:18:29
USR004813,Mizoram,Aizawl,Disability Support (Divyang Schemes),Samarth Scheme,No,No,High,18-25,2025-12-12 19:24:44
USR004814,Tripura,South Tripura,Agriculture & Allied Activities,PM-KISAN,Yes,Yes,High,18-25,2026-01-03 08:14:49
USR004815,West Bengal,Murshidabad,Health & Public Health,Janani Suraksha Yojana,Yes,Yes,High,26-40,2025-11-07 04:15:53
USR004816,Andhra Pradesh,Guntur,Agriculture & Allied Activities,Agriculture Infrastructure Fund,Yes,No,High,41-60,2025-12-06 22:22:29
USR004817,Odisha,Bhubaneswar,Agriculture & Allied Activities,Pradhan Mantri Fasal Bima Yojana,No,No,High,41-60,2025-12-29 06:09:28
USR004818,Tripura,Khowai,Education & Scholarships,Mid Day Meal Scheme,No,No,Low,18-25,2025-06-07 09:39:23
USR004819,Maharashtra,Mumbai,Disability Support (Divyang Schemes),ADIP Scheme,No,No,High,26-40,2025-05-06 21:53:59
USR004820,Madhya Pradesh,Sagar,Health & Public Health,TB Elimination Programme,Yes,No,Low,60+,2025-09-05 16:44:43
USR004821,Uttar Pradesh,Kanpur,Disability Support (Divyang Schemes),Unique Disability ID UDID,Yes,No,Low,26-40,2025-03-08 23:48:52
USR004822,Himachal Pradesh,Kinnaur,Health & Public Health,eSanjeevani Telemedicine,Yes,No,Low,41-60,2026-01-10 19:20:24
USR004823,Tamil Nadu,Chennai,Disability Support (Divyang Schemes),ADIP Scheme,Yes,No,High,41-60,2025-07-11 19:37:47
USR004824,Maharashtra,Pune,Women Empowerment & Child Welfare,STEP Scheme,Yes,No,Low,60+,2025-06-21 00:02:18
USR004825,Uttar Pradesh,Agra,Disability Support (Divyang Schemes),Deendayal Disabled Rehabilitation Scheme,Yes,Yes,Middle,60+,2025-04-05 22:35:28
USR004826,Chhattisgarh,Raipur,SC/ST/OBC Welfare,Top Class Education SC,Yes,Yes,Low,26-40,2025-05-18 09:24:59
USR004827,Bihar,Muzaffarpur,SC/ST/OBC Welfare,Top Class Education SC,Yes,No,High,26-40,2026-02-28 18:50:35
USR004828,Telangana,Hyderabad,Disability Support (Divyang Schemes),National Trust Niramaya,Yes,Yes,Middle,18-25,2025-12-10 06:13:10
USR004829,Mizoram,Saiha,Education & Scholarships,Post Matric Scholarship SC,Yes,No,Low,26-40,2025-06-20 14:14:58
USR004830,Assam,Cachar,Health & Public Health,TB Elimination Programme,Yes,Yes,Middle,18-25,2025-07-04 05:31:59
USR004831,Manipur,Ukhrul,Education & Scholarships,Central Sector Scholarship Scheme,No,No,Middle,41-60,2026-02-15 03:00:10
USR004832,Gujarat,Bharuch,SC/ST/OBC Welfare,Top Class Education SC,Yes,Yes,Middle,41-60,2025-11-26 23:26:18
USR004833,Himachal Pradesh,Solan,SC/ST/OBC Welfare,NSFDC Loan Schemes,Yes,Yes,Low,60+,2025-09-16 02:30:03
USR004834,Sikkim,South Sikkim,Education & Scholarships,Vidya Lakshmi Scheme,Yes,No,Middle,26-40,2025-07-10 01:27:25
USR004835,Punjab,Ferozepur,Education & Scholarships,Vidya Lakshmi Scheme,No,No,High,60+,2025-10-10 08:34:08
USR004836,Haryana,Faridabad,Agriculture & Allied Activities,Soil Health Card Scheme,Yes,No,Low,41-60,2025-06-09 08:46:38
USR004837,Haryana,Karnal,Senior Citizen Welfare,Varishtha Pension Bima Yojana,Yes,No,Middle,60+,2025-10-26 21:35:41
USR004838,Kerala,Ernakulathappan,Agriculture & Allied Activities,Agriculture Infrastructure Fund,Yes,Yes,Low,18-25,2025-10-31 17:59:09
USR004839,Rajasthan,Barmer,Women Empowerment & Child Welfare,Ujjawala Scheme,Yes,Yes,High,41-60,2025-07-22 04:00:17
USR004840,Madhya Pradesh,Indore,Education & Scholarships,Post Matric Scholarship SC,Yes,No,Middle,18-25,2026-01-17 00:50:33
USR004841,Madhya Pradesh,Gwalior,Women Empowerment & Child Welfare,Mahila Samman Savings Certificate,No,No,High,41-60,2025-09-23 05:11:28
USR004842,Gujarat,Ahmedabad,Women Empowerment & Child Welfare,Beti Bachao Beti Padhao,Yes,Yes,Middle,18-25,2025-07-19 13:02:28
USR004843,Telangana,Warangal,Agriculture & Allied Activities,Pradhan Mantri Fasal Bima Yojana,Yes,Yes,Middle,26-40,2025-05-04 18:36:23
USR004844,Andhra Pradesh,Nellore,Agriculture & Allied Activities,Paramparagat Krishi Vikas Yojana,No,No,Low,41-60,2026-01-08 00:53:26
USR004845,Manipur,Imphal West,Women Empowerment & Child Welfare,Anganwadi Services ICDS,No,No,Low,26-40,2026-01-12 03:29:38
USR004846,Kerala,Kannur,Health & Public Health,National Health Mission,Yes,Yes,Middle,41-60,2025-09-09 19:49:33
USR004847,Telangana,Karimnagar,Health & Public Health,National Digital Health Mission,Yes,Yes,Low,18-25,2025-03-25 19:09:33
USR004848,Madhya Pradesh,Bhopal,Women Empowerment & Child Welfare,Mahila Samman Savings Certificate,Yes,No,Low,18-25,2026-01-28 16:38:38
USR004849,Chhattisgarh,Bastar,Health & Public Health,Pradhan Mantri Surakshit Matritva Abhiyan,No,No,High,18-25,2025-11-17 04:44:52
USR004850,Kerala,Ernakulathappan,Agriculture & Allied Activities,PM Krishi Sinchai Yojana,Yes,No,Low,26-40,2025-10-09 04:03:23
USR004851,Kerala,Kozhikode,Disability Support (Divyang Schemes),Unique Disability ID UDID,Yes,No,High,60+,2025-07-30 13:19:19
USR004852,Assam,Barpeta,Women Empowerment & Child Welfare,STEP Scheme,No,No,Low,26-40,2025-06-27 07:04:45
USR004853,Maharashtra,Aurangabad,SC/ST/OBC Welfare,PM DAKSH Scheme,No,No,High,26-40,2025-12-19 21:45:21
USR004854,Punjab,Amritsar,Education & Scholarships,Mid Day Meal Scheme,No,No,Low,60+,2025-03-09 09:37:05
USR004855,Sikkim,West Sikkim,Education & Scholarships,Vidya Lakshmi Scheme,Yes,No,Middle,41-60,2025-04-20 08:54:37
USR004856,Punjab,Sangrur,Health & Public Health,Janani Suraksha Yojana,Yes,Yes,Low,41-60,2025-09-03 06:15:01
USR004857,Uttarakhand,Haridwar,Agriculture & Allied Activities,PM Krishi Sinchai Yojana,Yes,Yes,Middle,41-60,2026-01-29 18:54:44
USR004858,Jharkhand,Godda,Education & Scholarships,Mid Day Meal Scheme,No,No,Middle,60+,2025-04-21 06:30:12
USR004859,Punjab,Patiala,SC/ST/OBC Welfare,Pre Matric Scholarship SC,No,No,Low,60+,2025-03-13 07:05:12
USR004860,Mizoram,Aizawl,Women Empowerment & Child Welfare,POSHAN Abhiyaan,Yes,No,Middle,18-25,2025-07-26 06:22:37
USR004861,West Bengal,Murshidabad,Agriculture & Allied Activities,Soil Health Card Scheme,Yes,No,Middle,18-25,2025-03-09 00:57:41
USR004862,Sikkim,East Sikkim,Senior Citizen Welfare,National Social Assistance Programme,No,No,High,60+,2025-06-26 23:14:36
USR004863,Karnataka,Belgaum,SC/ST/OBC Welfare,Pre Matric Scholarship SC,No,No,High,41-60,2025-06-25 16:06:03
USR004864,Maharashtra,Nashik,Disability Support (Divyang Schemes),ADIP Scheme,No,No,High,60+,2025-04-05 19:40:07
USR004865,Haryana,Faridabad,Education & Scholarships,National Overseas Scholarship,No,No,Middle,18-25,2025-11-09 23:16:42
USR004866,Meghalaya,East Garo Hills,Women Empowerment & Child Welfare,Beti Bachao Beti Padhao,No,No,Low,18-25,2026-01-07 12:29:55
USR004867,Maharashtra,Nagpur,SC/ST/OBC Welfare,NSFDC Loan Schemes,No,No,Middle,18-25,2025-05-27 20:50:17
USR004868,Uttar Pradesh,Meerut,SC/ST/OBC Welfare,Free Coaching Scheme SC OBC,Yes,No,Low,26-40,2025-11-05 04:22:08
USR004869,Punjab,Amritsar,Women Empowerment & Child Welfare,Beti Bachao Beti Padhao,Yes,Yes,Middle,18-25,2025-08-12 22:58:33
USR004870,Tamil Nadu,Kancheepuram,Senior Citizen Welfare,National Social Assistance Programme,Yes,Yes,High,60+,2025-05-07 06:48:41
USR004871,Nagaland,Tuensang,SC/ST/OBC Welfare,Credit Enhancement Scheme SC,Yes,No,Low,60+,2025-09-13 22:59:40
USR004872,Tamil Nadu,Tiruppur,Women Empowerment & Child Welfare,Beti Bachao Beti Padhao,No,No,Middle,26-40,2025-06-01 01:48:58
USR004873,Mizoram,Champhai,Women Empowerment & Child Welfare,STEP Scheme,No,No,Low,60+,2025-04-30 06:04:00
USR004874,Nagaland,Peren,Education & Scholarships,Pre Matric Scholarship OBC,No,No,Low,26-40,2025-08-09 22:53:22
USR004875,Mizoram,Lunglei,Senior Citizen Welfare,Rashtriya Vayoshri Yojana,No,No,Low,41-60,2026-01-27 11:59:50
USR004876,Odisha,Bargarh,Agriculture & Allied Activities,e-NAM,Yes,Yes,Low,26-40,2026-02-14 00:18:40
USR004877,Tamil Nadu,Salem,Women Empowerment & Child Welfare,Working Women Hostel Scheme,No,No,High,60+,2025-08-06 22:42:36
USR004878,Bihar,Patna,Education & Scholarships,SHREYAS Scheme,Yes,Yes,High,18-25,2025-05-12 04:26:34
USR004879,Bihar,East Champaran,Senior Citizen Welfare,Annapurna Scheme,Yes,Yes,Middle,60+,2025-10-14 04:24:14
USR004880,Uttarakhand,Bageshwar,Senior Citizen Welfare,National Social Assistance Programme,Yes,Yes,High,26-40,2025-03-09 16:10:11
USR004881,Tripura,Dhalai,Agriculture & Allied Activities,e-NAM,No,No,Low,60+,2025-09-02 23:07:15
USR004882,Manipur,Imphal East,Agriculture & Allied Activities,Agriculture Infrastructure Fund,No,No,Low,60+,2025-03-19 09:20:37
USR004883,Tripura,West Tripura,Health & Public Health,Pradhan Mantri Jan Aushadhi Yojana,No,No,Middle,26-40,2026-02-14 17:46:00
USR004884,Madhya Pradesh,Ujjain,Disability Support (Divyang Schemes),ADIP Scheme,No,No,Low,60+,2025-11-11 12:41:53
USR004885,Jharkhand,Dhanbad,SC/ST/OBC Welfare,PM DAKSH Scheme,Yes,Yes,High,60+,2025-11-25 02:01:45
USR004886,Uttar Pradesh,Varanasi,Disability Support (Divyang Schemes),Gharaunda Scheme,Yes,Yes,Middle,41-60,2025-06-25 17:58:01
USR004887,Uttar Pradesh,Kanpur,Women Empowerment & Child Welfare,Working Women Hostel Scheme,Yes,No,Low,41-60,2025-10-22 21:20:24
USR004888,West Bengal,Kolkata,Education & Scholarships,Post Matric Scholarship SC,Yes,No,High,26-40,2026-01-22 11:35:10
USR004889,Uttar Pradesh,Banaras,Health & Public Health,Janani Suraksha Yojana,No,No,Middle,60+,2025-10-29 02:27:41
USR004890,Manipur,Senapati,Women Empowerment & Child Welfare,Ujjawala Scheme,No,No,Low,41-60,2026-02-10 19:13:20
USR004891,Manipur,Senapati,SC/ST/OBC Welfare,Free Coaching Scheme SC OBC,Yes,Yes,High,60+,2026-01-04 02:01:13
USR004892,Uttarakhand,Almora,SC/ST/OBC Welfare,PM DAKSH Scheme,Yes,Yes,High,41-60,2025-05-24 22:37:27
USR004893,Maharashtra,Nagpur,Senior Citizen Welfare,PM Vaya Vandana Yojana,Yes,Yes,High,60+,2026-01-09 15:42:07
USR004894,Tamil Nadu,Chennai,SC/ST/OBC Welfare,National Fellowship OBC,No,No,High,41-60,2025-12-27 19:38:53
USR004895,Odisha,Jajpur,Health & Public Health,Mission Indradhanush,Yes,Yes,High,18-25,2025-08-13 20:58:28
USR004896,Andhra Pradesh,Krishna,Education & Scholarships,National Overseas Scholarship,No,No,High,26-40,2025-03-24 21:56:57
USR004897,West Bengal,Kolkata,Education & Scholarships,National Overseas Scholarship,No,No,High,26-40,2025-05-01 06:02:32
USR004898,Sikkim,East Sikkim,Senior Citizen Welfare,Integrated Programme for Older Persons,Yes,Yes,High,26-40,2025-12-06 00:17:16
USR004899,Andhra Pradesh,Krishna,Women Empowerment & Child Welfare,STEP Scheme,Yes,No,Low,60+,2025-04-08 05:39:09
USR004900,Bihar,Araria,Education & Scholarships,Mid Day Meal Scheme,Yes,Yes,Middle,41-60,2025-12-24 04:10:16
USR004901,Kerala,Thiruvananthapuram,Health & Public Health,Janani Suraksha Yojana,Yes,No,Low,26-40,2026-01-07 00:29:41
USR004902,Rajasthan,Udaipur,Agriculture & Allied Activities,Pradhan Mantri Fasal Bima Yojana,No,No,Middle,41-60,2025-04-14 13:31:05
USR004903,Sikkim,South Sikkim,Disability Support (Divyang Schemes),Gharaunda Scheme,No,No,Middle,26-40,2025-03-17 06:18:36
USR004904,Nagaland,Dimapur,Disability Support (Divyang Schemes),Gharaunda Scheme,Yes,Yes,Middle,60+,2025-05-16 15:16:06
USR004905,Uttar Pradesh,Varanasi,SC/ST/OBC Welfare,Venture Capital Fund SC,No,No,Middle,18-25,2025-12-04 10:01:31
USR004906,Manipur,Ukhrul,SC/ST/OBC Welfare,Pre Matric Scholarship SC,No,No,High,26-40,2025-03-02 04:42:46
USR004907,Odisha,Sambalpur,Agriculture & Allied Activities,Pradhan Mantri Fasal Bima Yojana,Yes,Yes,High,60+,2025-07-29 08:42:52
USR004908,Rajasthan,Udaipur,Agriculture & Allied Activities,PM Krishi Sinchai Yojana,No,No,High,18-25,2025-04-11 09:35:32
USR004909,Gujarat,Surat,Health & Public Health,eSanjeevani Telemedicine,Yes,Yes,Low,26-40,2025-06-02 20:22:52
USR004910,Madhya Pradesh,Gwalior,Women Empowerment & Child Welfare,One Stop Centre Scheme,Yes,No,High,26-40,2025-03-11 08:38:11
USR004911,Punjab,Jalandhar,Health & Public Health,Pradhan Mantri Surakshit Matritva Abhiyan,No,No,Low,41-60,2025-06-06 20:56:40
USR004912,Uttar Pradesh,Kanpur,SC/ST/OBC Welfare,National Fellowship OBC,No,No,High,41-60,2025-04-22 11:06:47
USR004913,Uttarakhand,Nainital,Senior Citizen Welfare,Varishtha Pension Bima Yojana,No,No,Low,26-40,2025-06-26 20:26:02
USR004914,Karnataka,Hubli,Senior Citizen Welfare,PM Vaya Vandana Yojana,Yes,No,High,60+,2025-04-05 07:29:39
USR004915,Chhattisgarh,Raipur,SC/ST/OBC Welfare,Post Matric Scholarship OBC,No,No,Middle,60+,2026-01-05 05:06:51
USR004916,Uttarakhand,Bageshwar,Senior Citizen Welfare,Senior Citizen Savings Scheme,Yes,No,Middle,41-60,2025-08-22 02:43:57
USR004917,Rajasthan,Jaipur,SC/ST/OBC Welfare,Venture Capital Fund SC,Yes,No,High,41-60,2025-05-21 20:49:16
USR004918,Madhya Pradesh,Indore,Senior Citizen Welfare,Annapurna Scheme,Yes,No,Low,41-60,2025-04-19 03:20:41
USR004919,Rajasthan,Jodhpur,Health & Public Health,Ayushman Bharat PM-JAY,Yes,Yes,Low,26-40,2025-09-07 10:20:47
USR004920,Manipur,Imphal West,Senior Citizen Welfare,Integrated Programme for Older Persons,Yes,No,Middle,60+,2025-10-24 10:33:33
USR004921,Tamil Nadu,Salem,Education & Scholarships,Top Class Education Scheme,No,No,High,60+,2025-09-05 08:36:04
USR004922,West Bengal,Kolkata,Women Empowerment & Child Welfare,Beti Bachao Beti Padhao,Yes,Yes,Low,18-25,2025-07-04 03:10:40
USR004923,Haryana,Ambala,Women Empowerment & Child Welfare,Anganwadi Services ICDS,No,No,Low,26-40,2026-02-25 21:21:39
USR004924,Madhya Pradesh,Bhopal,Disability Support (Divyang Schemes),Sahyogi Scheme,No,No,Low,18-25,2025-08-06 11:23:50
USR004925,Madhya Pradesh,Jabalpur,Health & Public Health,National Health Mission,Yes,Yes,Middle,60+,2025-09-16 12:29:49
USR004926,Bihar,Madhubani,Education & Scholarships,Top Class Education Scheme,Yes,No,Middle,41-60,2025-05-27 17:53:57
USR004927,Andhra Pradesh,Kadapa,Women Empowerment & Child Welfare,Pradhan Mantri Matru Vandana Yojana,Yes,No,High,26-40,2026-01-15 10:58:55
USR004928,Tripura,South Tripura,Senior Citizen Welfare,Elderline Helpline,Yes,Yes,Low,41-60,2025-08-09 14:23:56
USR004929,Maharashtra,Kolhapur,Education & Scholarships,SHREYAS Scheme,No,No,High,60+,2025-03-29 00:06:26
USR004930,Rajasthan,Ajmer,Women Empowerment & Child Welfare,Mahila Samman Savings Certificate,Yes,No,Low,26-40,2026-01-06 11:13:48
USR004931,Odisha,Jajpur,Agriculture & Allied Activities,Pradhan Mantri Fasal Bima Yojana,No,No,Low,41-60,2025-06-06 08:23:13
USR004932,Madhya Pradesh,Ujjain,Health & Public Health,Rashtriya Swasthya Bima Yojana,No,No,High,60+,2026-02-13 11:57:24
USR004933,West Bengal,Jalpaiguri,Agriculture & Allied Activities,Soil Health Card Scheme,Yes,No,High,41-60,2025-03-16 11:19:41
USR004934,Manipur,Imphal East,Health & Public Health,eSanjeevani Telemedicine,Yes,Yes,High,41-60,2025-04-22 14:29:29
USR004935,Bihar,Muzaffarpur,SC/ST/OBC Welfare,National Fellowship OBC,No,No,High,60+,2025-12-11 16:32:26
USR004936,Rajasthan,Ajmer,Disability Support (Divyang Schemes),National Trust Niramaya,Yes,Yes,Low,26-40,2025-10-29 08:41:34
USR004937,Nagaland,Tuensang,Agriculture & Allied Activities,Soil Health Card Scheme,Yes,Yes,High,60+,2025-04-23 01:21:53
USR004938,Himachal Pradesh,Kangra,Education & Scholarships,Vidya Lakshmi Scheme,Yes,No,Middle,41-60,2025-04-10 02:39:38
USR004939,Nagaland,Dimapur,Women Empowerment & Child Welfare,Pradhan Mantri Matru Vandana Yojana,Yes,No,Middle,26-40,2025-11-16 21:42:32
USR004940,Telangana,Nalgonda,Senior Citizen Welfare,Senior Citizen Savings Scheme,No,No,High,60+,2025-05-13 20:36:31
USR004941,Meghalaya,West Khasi Hills,Women Empowerment & Child Welfare,POSHAN Abhiyaan,Yes,Yes,Low,26-40,2025-04-17 16:24:34
USR004942,Jharkhand,Ranchi,Disability Support (Divyang Schemes),Vidyasagar Scheme,No,No,Low,18-25,2025-07-17 05:37:21
USR004943,Bihar,Patna,Women Empowerment & Child Welfare,Pradhan Mantri Matru Vandana Yojana,No,No,High,26-40,2025-07-09 17:46:45
USR004944,Tamil Nadu,Salem,Disability Support (Divyang Schemes),ADIP Scheme,Yes,Yes,Middle,41-60,2025-10-15 03:22:49
USR004945,Gujarat,Surat,SC/ST/OBC Welfare,Free Coaching Scheme SC OBC,No,No,Middle,41-60,2025-04-13 07:01:46
USR004946,Mizoram,Kolasib,SC/ST/OBC Welfare,Credit Enhancement Scheme SC,No,No,Middle,41-60,2025-04-14 04:13:59
USR004947,Tripura,South Tripura,Disability Support (Divyang Schemes),Unique Disability ID UDID,No,No,High,60+,2025-07-12 06:58:07
USR004948,Sikkim,East Sikkim,Senior Citizen Welfare,Indira Gandhi National Old Age Pension,No,No,Low,18-25,2025-07-31 00:40:05
USR004949,Gujarat,Vadodara,SC/ST/OBC Welfare,National Fellowship OBC,No,No,Low,26-40,2025-08-21 12:02:09
USR004950,Tamil Nadu,Chennai,SC/ST/OBC Welfare,Top Class Education SC,No,No,Middle,26-40,2025-12-22 03:19:00
USR004951,Tamil Nadu,Tiruppur,Disability Support (Divyang Schemes),Gharaunda Scheme,Yes,No,Middle,60+,2025-12-28 11:50:14
USR004952,Tamil Nadu,Salem,Health & Public Health,National Health Mission,Yes,No,High,26-40,2025-05-17 04:26:46
USR004953,Andhra Pradesh,Guntur,SC/ST/OBC Welfare,National Fellowship OBC,No,No,Middle,26-40,2025-07-25 12:15:43
USR004954,Uttarakhand,Dehradun,Senior Citizen Welfare,Annapurna Scheme,Yes,Yes,Low,41-60,2025-09-29 18:50:59
USR004955,Uttarakhand,Nainital,Education & Scholarships,SHREYAS Scheme,No,No,High,18-25,2025-08-23 01:41:53
USR004956,Uttar Pradesh,Agra,Health & Public Health,Pradhan Mantri Surakshit Matritva Abhiyan,Yes,No,Low,26-40,2026-02-02 18:13:15
USR004957,Himachal Pradesh,Kinnaur,Health & Public Health,Pradhan Mantri Surakshit Matritva Abhiyan,Yes,Yes,Middle,41-60,2025-12-08 17:10:46
USR004958,Andhra Pradesh,Guntur,SC/ST/OBC Welfare,Top Class Education SC,No,No,Low,41-60,2025-06-23 01:20:57
USR004959,Odisha,Cuttack,Health & Public Health,Ayushman Bharat PM-JAY,Yes,Yes,Low,26-40,2025-06-06 19:50:07
USR004960,Punjab,Ferozepur,SC/ST/OBC Welfare,Top Class Education SC,No,No,Low,60+,2025-07-06 05:44:24
USR004961,Manipur,Senapati,Health & Public Health,Mission Indradhanush,No,No,Low,41-60,2025-08-18 08:51:28
USR004962,Odisha,Bargarh,Women Empowerment & Child Welfare,STEP Scheme,No,No,High,41-60,2025-09-10 04:07:32
USR004963,Jharkhand,Dhanbad,Education & Scholarships,National Means Cum Merit Scholarship,No,No,High,60+,2025-05-23 17:32:12
USR004964,Manipur,Imphal East,Women Empowerment & Child Welfare,Mahila Samman Savings Certificate,Yes,Yes,Middle,60+,2026-01-22 05:15:21
USR004965,Himachal Pradesh,Kangra,Education & Scholarships,National Overseas Scholarship,No,No,High,26-40,2025-06-27 22:52:18
USR004966,Tripura,Khowai,Disability Support (Divyang Schemes),Unique Disability ID UDID,No,No,Middle,18-25,2025-12-17 19:45:40
USR004967,Nagaland,Tuensang,SC/ST/OBC Welfare,Top Class Education SC,Yes,Yes,Middle,26-40,2025-09-14 00:17:00
USR004968,Jharkhand,Godda,Women Empowerment & Child Welfare,Mahila Samman Savings Certificate,Yes,No,Middle,18-25,2025-06-20 10:26:53
USR004969,Jharkhand,Godda,Agriculture & Allied Activities,National Horticulture Mission,Yes,Yes,High,41-60,2025-10-22 11:05:16
USR004970,Tripura,Dhalai,Disability Support (Divyang Schemes),Accessible India Campaign,No,No,High,60+,2025-09-28 20:35:19
USR004971,Meghalaya,East Khasi Hills,Women Empowerment & Child Welfare,Working Women Hostel Scheme,Yes,No,Middle,18-25,2025-11-27 19:19:03
USR004972,Madhya Pradesh,Ujjain,Agriculture & Allied Activities,Soil Health Card Scheme,Yes,Yes,Low,60+,2025-09-07 19:26:47
USR004973,Punjab,Sangrur,Health & Public Health,Mission Indradhanush,Yes,Yes,Middle,41-60,2025-07-30 22:14:31
USR004974,Tamil Nadu,Kancheepuram,Women Empowerment & Child Welfare,Mahila Shakti Kendra,No,No,High,41-60,2025-07-12 16:23:06
USR004975,Karnataka,Mangalore,SC/ST/OBC Welfare,PM DAKSH Scheme,Yes,No,Low,60+,2025-08-11 15:39:21
USR004976,Odisha,Bhubaneswar,Women Empowerment & Child Welfare,One Stop Centre Scheme,Yes,Yes,Middle,41-60,2025-03-05 12:34:34
USR004977,Andhra Pradesh,Visakhapatnam,Senior Citizen Welfare,PM Vaya Vandana Yojana,No,No,Middle,18-25,2026-01-18 18:25:20
USR004978,Maharashtra,Nagpur,Education & Scholarships,Top Class Education Scheme,Yes,Yes,Low,26-40,2026-02-20 23:43:45
USR004979,Kerala,Kottayam,Senior Citizen Welfare,Integrated Programme for Older Persons,Yes,Yes,Middle,18-25,2026-02-07 18:53:34
USR004980,Manipur,Thoubal,Senior Citizen Welfare,Indira Gandhi National Old Age Pension,No,No,High,60+,2025-03-04 14:25:03
USR004981,Bihar,Patna,Disability Support (Divyang Schemes),Gharaunda Scheme,No,No,Low,41-60,2026-01-24 18:40:37
USR004982,Kerala,Ernakulathappan,Education & Scholarships,Top Class Education Scheme,Yes,Yes,Middle,41-60,2025-05-21 07:28:48
USR004983,Andhra Pradesh,Nellore,Education & Scholarships,National Means Cum Merit Scholarship,Yes,Yes,Middle,18-25,2025-05-02 15:42:40
USR004984,Mizoram,Kolasib,Education & Scholarships,SHREYAS Scheme,Yes,No,Middle,41-60,2025-03-19 16:24:59
USR004985,Mizoram,Aizawl,Disability Support (Divyang Schemes),Vidyasagar Scheme,No,No,Low,26-40,2025-12-22 20:12:55
USR004986,Chhattisgarh,Durg,Women Empowerment & Child Welfare,Pradhan Mantri Matru Vandana Yojana,Yes,Yes,High,26-40,2025-03-05 10:57:02
USR004987,Gujarat,Vadodara,Education & Scholarships,National Overseas Scholarship,Yes,No,High,26-40,2025-03-06 13:30:24
USR004988,Nagaland,Zunheboto,Health & Public Health,eSanjeevani Telemedicine,Yes,No,High,18-25,2025-03-23 17:30:00
USR004989,Kerala,Kottayam,Health & Public Health,National Digital Health Mission,No,No,Low,26-40,2025-05-04 12:52:31
USR004990,Punjab,Jalandhar,SC/ST/OBC Welfare,Post Matric Scholarship OBC,Yes,Yes,Low,26-40,2025-04-03 23:40:05
USR004991,Gujarat,Rajkot,Disability Support (Divyang Schemes),Vidyasagar Scheme,Yes,No,High,18-25,2025-04-24 21:55:27
USR004992,Mizoram,Saiha,Agriculture & Allied Activities,PM-KISAN,Yes,No,High,41-60,2025-09-29 16:22:19
USR004993,Uttar Pradesh,Lucknow,SC/ST/OBC Welfare,Top Class Education SC,No,No,High,26-40,2025-08-13 13:40:13
USR004994,Assam,Kamrup,Education & Scholarships,Central Sector Scholarship Scheme,Yes,No,Middle,18-25,2025-06-15 12:35:14
USR004995,Rajasthan,Bikaner,SC/ST/OBC Welfare,Venture Capital Fund SC,No,No,Low,60+,2025-04-29 08:16:27
USR004996,Tamil Nadu,Salem,Senior Citizen Welfare,PM Vaya Vandana Yojana,No,No,High,26-40,2025-06-15 11:32:16
USR004997,Nagaland,Wokha,Agriculture & Allied Activities,Kisan Credit Card,Yes,Yes,Low,18-25,2025-06-22 00:22:52
USR004998,Maharashtra,Nagpur,SC/ST/OBC Welfare,National Fellowship SC,Yes,Yes,Low,60+,2025-06-30 21:24:22
USR004999,Telangana,Hyderabad,Disability Support (Divyang Schemes),ADIP Scheme,Yes,No,Low,18-25,2026-01-16 07:40:16
USR005000,Madhya Pradesh,Bhopal,Senior Citizen Welfare,Varishtha Pension Bima Yojana,Yes,Yes,High,26-40,2025-05-30 14:59:59
18d90d57-b186-4d96-87b3-ad5dfd0b841d,India,,Agriculture & Allied Activities,,No,No,Low,18-25,2026-03-01T07:12:26.947Z
18d90d57-b186-4d96-87b3-ad5dfd0b841d,India,,Agriculture & Allied Activities,PM-KISAN,No,No,Middle,26-40,undefined
,undefined,undefined,undefined,undefined,No,No,Middle,26-40,undefined
ప్రధాన మంత్రి కిసాన్ సమ్మాన్ నిధి (PM-KISAN) అనేది ఒక కేంద్ర ప్రభుత్వ పథకం, ఇది చిన్న మరియు సరిహద్దు రైతులకు ఆర్థిక సహాయం అందించడానికి రూపొందించబడింది. ఈ పథకం ద్వారా మేము రైతులకు భూమిని నిర్వహించడానికి మరియు వారి కుటుంబాలను పోషించడానికి ప్రతిష్టాత్మక ఆర్థిక సహాయం అందిస్తున్నాము.,undefined,undefined,undefined,No,No,Middle,26-40,undefined
,undefined,undefined,undefined,undefined,No,No,Middle,26-40,undefined
PM-KISAN పథకం క్రింద, రైతులు వార్షిక ₹6,000 సమానమైన నగదు ఉపాధి అందుకుంటారు, ఇది మూడు సమాన వార్షిక కిస్తుల్లో చెల్లించబడుతుంది. ఈ సహాయం రైతులు మరియు వారి కుటుంబాలకు చాలా ఉపయోగకరమైనది, ఎందుకంటే అది వారికి వ్యవసాయ కార్యకలాపాలు,No,No,Middle,26-40,undefined
18d90d57-b186-4d96-87b3-ad5dfd0b841d,India,,Agriculture & Allied Activities,"PM-KISAN

ప్రధాన మంత్రి కిసాన్ సమ్మాన్ నిధి (PM-KISAN) అనేది ఒక కేంద్ర ప్రభుత్వ పథకం, ఇది చిన్న మరియు సరిహద్దు రైతులకు ఆర్థిక సహాయం అందించడానికి రూపొందించబడింది. ఈ పథకం ద్వారా మేము రైతులకు భూమిని నిర్వహించడానికి మరియు వారి కుటుంబాలను పోషించడానికి ప్రతిష్టాత్మక ఆర్థిక సహాయం అందిస్తున్నాము.

PM-KISAN పథకం క్రింద, రైతులు వార్షిక ₹6,000 సమానమైన నగదు ఉపాధి అందుకుంటారు, ఇది మూడు సమాన వార్షిక కిస్తుల్లో చెల్లించబడుతుంది. ఈ సహాయం రైతులు మరియు వారి కుటుంబాలకు చాలా ఉపయోగకరమైనది, ఎందుకంటే అది వారికి వ్యవసాయ కార్యకలాపాలు, విద్య, ఆరోగ్యం మరియు ఇతర అవసరాలను తీర్చడంలో సహాయపడుతుంది.",No,No,High,26-40,2026-03-01T07:12:52.132Z